league,season,game,team,player,nation,age,min,Shot Stopping,Shot Stopping,Shot Stopping,Shot Stopping,game_id
,,,,,,,,SoTA,GA,Saves,Save%,
ENG-Premier League,2526,2025-08-15 Liverpool-Bournemouth,Bournemouth,Đorđe Petrović,SRB,25-311,90,10,4,6,60.0,a071faa8
ENG-Premier League,2526,2025-08-15 Liverpool-Bournemouth,Liverpool,Alisson,BRA,32-317,90,3,2,1,33.3,a071faa8
ENG-Premier League,2526,2025-08-16 Aston Villa-Newcastle,Aston Villa,Marco Bizot,NED,34-159,90,3,0,3,100.0,bbdf4739
ENG-Premier League,2526,2025-08-16 Aston Villa-Newcastle,Newcastle United,Nick Pope,ENG,33-119,90,3,0,3,100.0,bbdf4739
ENG-Premier League,2526,2025-08-16 Brighton-Fulham,Brighton & Hove Albion,Bart Verbruggen,NED,22-363,90,2,1,1,50.0,57c49bae
ENG-Premier League,2526,2025-08-16 Brighton-Fulham,Fulham,Bernd Leno,GER,33-165,90,4,1,3,75.0,57c49bae
ENG-Premier League,2526,2025-08-16 Sunderland-West Ham,Sunderland,Robin Roefs,NED,22-211,90,4,0,4,100.0,e1058522
ENG-Premier League,2526,2025-08-16 Sunderland-West Ham,West Ham United,Mads Hermansen,DEN,25-036,90,5,3,2,40.0,e1058522
ENG-Premier League,2526,2025-08-16 Tottenham-Burnley,Burnley,Martin Dúbravka,SVK,36-213,90,6,3,3,50.0,d41bb8b3
ENG-Premier League,2526,2025-08-16 Tottenham-Burnley,Tottenham Hotspur,Guglielmo Vicario,ITA,28-313,90,4,0,4,100.0,d41bb8b3
ENG-Premier League,2526,2025-08-16 Wolves-Manchester City,Manchester City,James Trafford,ENG,22-310,90,3,0,3,100.0,8613020d
ENG-Premier League,2526,2025-08-16 Wolves-Manchester City,Wolverhampton Wanderers,José Sá,POR,32-211,90,4,4,0,0.0,8613020d
ENG-Premier League,2526,2025-08-17 Chelsea-Crystal Palace,Chelsea,Robert Sánchez,ESP,27-272,90,4,0,4,100.0,2185fc64
ENG-Premier League,2526,2025-08-17 Chelsea-Crystal Palace,Crystal Palace,Dean Henderson,ENG,28-158,90,2,0,2,100.0,2185fc64
ENG-Premier League,2526,2025-08-17 Manchester Utd-Arsenal,Arsenal,David Raya,ESP,29-336,90,7,0,7,100.0,643d26fd
ENG-Premier League,2526,2025-08-17 Manchester Utd-Arsenal,Manchester United,Altay Bayındır,TUR,27-125,90,3,1,2,66.7,643d26fd
ENG-Premier League,2526,2025-08-17 Nottingham-Brentford,Brentford,Caoimhín Kelleher,IRL,26-267,90,5,3,2,40.0,855f8b5e
ENG-Premier League,2526,2025-08-17 Nottingham-Brentford,Nottingham Forest,Matz Sels,BEL,33-172,90,3,1,2,66.7,855f8b5e
ENG-Premier League,2526,2025-08-18 Leeds United-Everton,Everton,Jordan Pickford,ENG,31-164,90,3,1,2,66.7,0701e218
ENG-Premier League,2526,2025-08-18 Leeds United-Everton,Leeds United,Lucas Perri,BRA,27-251,90,1,0,1,100.0,0701e218
ENG-Premier League,2526,2025-08-22 West Ham-Chelsea,Chelsea,Robert Sánchez,ESP,27-277,90,4,1,3,75.0,57b35843
ENG-Premier League,2526,2025-08-22 West Ham-Chelsea,West Ham United,Mads Hermansen,DEN,25-042,90,7,5,2,28.6,57b35843
ENG-Premier League,2526,2025-08-23 Arsenal-Leeds United,Arsenal,David Raya,ESP,29-342,90,1,0,1,100.0,e8724659
ENG-Premier League,2526,2025-08-23 Arsenal-Leeds United,Leeds United,Lucas Perri,BRA,27-256,90,5,5,0,0.0,e8724659
ENG-Premier League,2526,2025-08-23 Bournemouth-Wolves,Bournemouth,Đorđe Petrović,SRB,25-319,90,1,0,1,100.0,a515fb3a
ENG-Premier League,2526,2025-08-23 Bournemouth-Wolves,Wolverhampton Wanderers,José Sá,POR,32-218,90,4,1,3,75.0,a515fb3a
ENG-Premier League,2526,2025-08-23 Brentford-Aston Villa,Aston Villa,Emiliano Martínez,ARG,32-355,90,2,1,1,50.0,860c7af2
ENG-Premier League,2526,2025-08-23 Brentford-Aston Villa,Brentford,Caoimhín Kelleher,IRL,26-273,90,2,0,2,100.0,860c7af2
ENG-Premier League,2526,2025-08-23 Burnley-Sunderland,Burnley,Martin Dúbravka,SVK,36-220,90,1,0,1,100.0,4e287736
ENG-Premier League,2526,2025-08-23 Burnley-Sunderland,Sunderland,Robin Roefs,NED,22-218,90,2,2,0,0.0,4e287736
ENG-Premier League,2526,2025-08-23 Manchester City-Tottenham,Manchester City,James Trafford,ENG,22-317,90,5,2,3,60.0,f7e2c9c7
ENG-Premier League,2526,2025-08-23 Manchester City-Tottenham,Tottenham Hotspur,Guglielmo Vicario,ITA,28-320,90,4,0,4,100.0,f7e2c9c7
ENG-Premier League,2526,2025-08-24 Crystal Palace-Nottingham,Crystal Palace,Dean Henderson,ENG,28-165,90,1,1,0,0.0,a3984be1
ENG-Premier League,2526,2025-08-24 Crystal Palace-Nottingham,Nottingham Forest,Matz Sels,BEL,33-179,90,4,1,3,75.0,a3984be1
ENG-Premier League,2526,2025-08-24 Everton-Brighton,Brighton & Hove Albion,Bart Verbruggen,NED,23-006,90,3,2,1,33.3,0bad74e2
ENG-Premier League,2526,2025-08-24 Everton-Brighton,Everton,Jordan Pickford,ENG,31-170,90,3,0,3,100.0,0bad74e2
ENG-Premier League,2526,2025-08-24 Fulham-Manchester Utd,Fulham,Bernd Leno,GER,33-173,90,4,1,3,75.0,fc45a8b2
ENG-Premier League,2526,2025-08-24 Fulham-Manchester Utd,Manchester United,Altay Bayındır,TUR,27-132,90,3,1,2,66.7,fc45a8b2
ENG-Premier League,2526,2025-08-25 Newcastle-Liverpool,Liverpool,Alisson,BRA,32-327,90,3,2,1,33.3,2c75d21a
ENG-Premier League,2526,2025-08-25 Newcastle-Liverpool,Newcastle United,Nick Pope,ENG,33-128,90,4,3,1,25.0,2c75d21a
ENG-Premier League,2526,2025-08-30 Chelsea-Fulham,Chelsea,Robert Sánchez,ESP,27-285,90,1,0,1,100.0,2dbd7fbd
ENG-Premier League,2526,2025-08-30 Chelsea-Fulham,Fulham,Bernd Leno,GER,33-179,90,6,2,4,66.7,2dbd7fbd
ENG-Premier League,2526,2025-08-30 Leeds United-Newcastle,Leeds United,Lucas Perri,BRA,27-263,90,2,0,2,100.0,bc110e0b
ENG-Premier League,2526,2025-08-30 Leeds United-Newcastle,Newcastle United,Nick Pope,ENG,33-133,90,1,0,1,100.0,bc110e0b
ENG-Premier League,2526,2025-08-30 Manchester Utd-Burnley,Burnley,Martin Dúbravka,SVK,36-227,90,8,3,5,62.5,0050df89
ENG-Premier League,2526,2025-08-30 Manchester Utd-Burnley,Manchester United,Altay Bayındır,TUR,27-138,90,3,2,1,33.3,0050df89
ENG-Premier League,2526,2025-08-30 Sunderland-Brentford,Brentford,Caoimhín Kelleher,IRL,26-280,90,3,2,1,33.3,f03152d1
ENG-Premier League,2526,2025-08-30 Sunderland-Brentford,Sunderland,Robin Roefs,NED,22-225,90,3,1,2,66.7,f03152d1
ENG-Premier League,2526,2025-08-30 Tottenham-Bournemouth,Bournemouth,Đorđe Petrović,SRB,25-326,90,1,0,1,100.0,0e30cf4b
ENG-Premier League,2526,2025-08-30 Tottenham-Bournemouth,Tottenham Hotspur,Guglielmo Vicario,ITA,28-327,90,6,1,5,83.3,0e30cf4b
ENG-Premier League,2526,2025-08-30 Wolves-Everton,Everton,Jordan Pickford,ENG,31-176,90,4,2,2,50.0,3c399f5e
ENG-Premier League,2526,2025-08-30 Wolves-Everton,Wolverhampton Wanderers,José Sá,POR,32-225,90,4,3,1,25.0,3c399f5e
ENG-Premier League,2526,2025-08-31 Aston Villa-Crystal Palace,Aston Villa,Marco Bizot,NED,34-174,90,4,3,1,25.0,cd51ed93
ENG-Premier League,2526,2025-08-31 Aston Villa-Crystal Palace,Crystal Palace,Dean Henderson,ENG,28-172,90,4,0,4,100.0,cd51ed93
ENG-Premier League,2526,2025-08-31 Brighton-Manchester City,Brighton & Hove Albion,Bart Verbruggen,NED,23-013,90,3,1,2,66.7,810d81e7
ENG-Premier League,2526,2025-08-31 Brighton-Manchester City,Manchester City,James Trafford,ENG,22-325,90,7,2,5,71.4,810d81e7
ENG-Premier League,2526,2025-08-31 Liverpool-Arsenal,Arsenal,David Raya,ESP,29-350,90,3,1,2,66.7,b0005978
ENG-Premier League,2526,2025-08-31 Liverpool-Arsenal,Liverpool,Alisson,BRA,32-333,90,1,0,1,100.0,b0005978
ENG-Premier League,2526,2025-08-31 Nottingham-West Ham,Nottingham Forest,Matz Sels,BEL,33-186,90,8,3,5,62.5,299beb27
ENG-Premier League,2526,2025-08-31 Nottingham-West Ham,West Ham United,Mads Hermansen,DEN,25-051,90,3,0,3,100.0,299beb27
ENG-Premier League,2526,2025-09-13 Arsenal-Nottingham,Arsenal,David Raya,ESP,29-363,90,1,0,1,100.0,4fe3e679
ENG-Premier League,2526,2025-09-13 Arsenal-Nottingham,Nottingham Forest,Matz Sels,BEL,33-199,90,5,3,2,40.0,4fe3e679
ENG-Premier League,2526,2025-09-13 Bournemouth-Brighton,Bournemouth,Đorđe Petrović,SRB,25-340,90,2,1,1,50.0,8398bbef
ENG-Premier League,2526,2025-09-13 Bournemouth-Brighton,Brighton & Hove Albion,Bart Verbruggen,NED,23-026,90,5,2,3,60.0,8398bbef
ENG-Premier League,2526,2025-09-13 Brentford-Chelsea,Brentford,Caoimhín Kelleher,IRL,26-294,90,6,2,4,66.7,d8104c65
ENG-Premier League,2526,2025-09-13 Brentford-Chelsea,Chelsea,Robert Sánchez,ESP,27-299,90,5,2,3,60.0,d8104c65
ENG-Premier League,2526,2025-09-13 Crystal Palace-Sunderland,Crystal Palace,Dean Henderson,ENG,28-185,90,0,0,0,,e3cade07
ENG-Premier League,2526,2025-09-13 Crystal Palace-Sunderland,Sunderland,Robin Roefs,NED,22-239,90,6,0,6,100.0,e3cade07
ENG-Premier League,2526,2025-09-13 Everton-Aston Villa,Aston Villa,Emiliano Martínez,ARG,33-011,90,2,0,2,100.0,a624dc89
ENG-Premier League,2526,2025-09-13 Everton-Aston Villa,Everton,Jordan Pickford,ENG,31-190,90,1,0,1,100.0,a624dc89
ENG-Premier League,2526,2025-09-13 Fulham-Leeds United,Fulham,Bernd Leno,GER,33-193,90,3,0,3,100.0,ab8543fb
ENG-Premier League,2526,2025-09-13 Fulham-Leeds United,Leeds United,Karl Darlow,WAL,34-340,90,4,1,3,75.0,ab8543fb
ENG-Premier League,2526,2025-09-13 Newcastle-Wolves,Newcastle United,Nick Pope,ENG,33-147,90,3,0,3,100.0,55fbbbe6
ENG-Premier League,2526,2025-09-13 Newcastle-Wolves,Wolverhampton Wanderers,Sam Johnstone,ENG,32-172,90,4,1,3,75.0,55fbbbe6
ENG-Premier League,2526,2025-09-13 West Ham-Tottenham,Tottenham Hotspur,Guglielmo Vicario,ITA,28-341,90,4,0,4,100.0,86c7261a
ENG-Premier League,2526,2025-09-13 West Ham-Tottenham,West Ham United,Mads Hermansen,DEN,25-064,90,5,3,2,40.0,86c7261a
ENG-Premier League,2526,2025-09-14 Burnley-Liverpool,Burnley,Martin Dúbravka,SVK,36-242,90,4,1,3,75.0,fed27aaa
ENG-Premier League,2526,2025-09-14 Burnley-Liverpool,Liverpool,Alisson,BRA,32-347,90,0,0,0,,fed27aaa
ENG-Premier League,2526,2025-09-14 Manchester City-Manchester Utd,Manchester City,Gianluigi Donnarumma,ITA,26-201,90,2,0,2,100.0,f2b1061a
ENG-Premier League,2526,2025-09-14 Manchester City-Manchester Utd,Manchester United,Altay Bayındır,TUR,27-153,90,6,3,3,50.0,f2b1061a
ENG-Premier League,2526,2025-09-20 Brighton-Tottenham,Brighton & Hove Albion,Bart Verbruggen,NED,23-033,90,4,2,2,50.0,fa03feeb
ENG-Premier League,2526,2025-09-20 Brighton-Tottenham,Tottenham Hotspur,Guglielmo Vicario,ITA,28-348,90,4,2,2,50.0,fa03feeb
ENG-Premier League,2526,2025-09-20 Burnley-Nottingham,Burnley,Martin Dúbravka,SVK,36-248,90,8,1,7,87.5,e523c1cd
ENG-Premier League,2526,2025-09-20 Burnley-Nottingham,Nottingham Forest,Matz Sels,BEL,33-206,90,5,1,4,80.0,e523c1cd
ENG-Premier League,2526,2025-09-20 Fulham-Brentford,Brentford,Caoimhín Kelleher,IRL,26-301,90,5,3,2,40.0,295b388b
ENG-Premier League,2526,2025-09-20 Fulham-Brentford,Fulham,Bernd Leno,GER,33-200,90,3,1,2,66.7,295b388b
ENG-Premier League,2526,2025-09-20 Liverpool-Everton,Everton,Jordan Pickford,ENG,31-197,90,3,2,1,33.3,5da72d0e
ENG-Premier League,2526,2025-09-20 Liverpool-Everton,Liverpool,Alisson,BRA,32-353,90,2,1,1,50.0,5da72d0e
ENG-Premier League,2526,2025-09-20 Manchester Utd-Chelsea,Chelsea,Filip Jørgensen,DEN,23-157,84,3,2,1,33.3,a562da13
ENG-Premier League,2526,2025-09-20 Manchester Utd-Chelsea,Chelsea,Robert Sánchez,ESP,27-306,4,3,2,1,33.3,a562da13
ENG-Premier League,2526,2025-09-20 Manchester Utd-Chelsea,Manchester United,Altay Bayındır,TUR,27-159,90,1,1,0,0.0,a562da13
ENG-Premier League,2526,2025-09-20 West Ham-Crystal Palace,Crystal Palace,Dean Henderson,ENG,28-192,90,3,1,2,66.7,15b707b3
ENG-Premier League,2526,2025-09-20 West Ham-Crystal Palace,West Ham United,Alphonse Areola,FRA,32-205,90,3,2,1,33.3,15b707b3
ENG-Premier League,2526,2025-09-20 Wolves-Leeds United,Leeds United,Karl Darlow,WAL,34-347,90,6,1,5,83.3,45650a33
ENG-Premier League,2526,2025-09-20 Wolves-Leeds United,Wolverhampton Wanderers,José Sá,POR,32-246,90,4,3,1,25.0,45650a33
ENG-Premier League,2526,2025-09-21 Arsenal-Manchester City,Arsenal,David Raya,ESP,30-006,90,3,1,2,66.7,2045939c
ENG-Premier League,2526,2025-09-21 Arsenal-Manchester City,Manchester City,Gianluigi Donnarumma,ITA,26-208,90,3,1,2,66.7,2045939c
ENG-Premier League,2526,2025-09-21 Bournemouth-Newcastle,Bournemouth,Đorđe Petrović,SRB,25-348,90,1,0,1,100.0,f55b1b65
ENG-Premier League,2526,2025-09-21 Bournemouth-Newcastle,Newcastle United,Nick Pope,ENG,33-155,90,2,0,2,100.0,f55b1b65
ENG-Premier League,2526,2025-09-21 Sunderland-Aston Villa,Aston Villa,Emiliano Martínez,ARG,33-019,90,4,1,3,75.0,4e615d10
ENG-Premier League,2526,2025-09-21 Sunderland-Aston Villa,Sunderland,Robin Roefs,NED,22-247,90,2,1,1,50.0,4e615d10
ENG-Premier League,2526,2025-09-27 Brentford-Manchester Utd,Brentford,Caoimhín Kelleher,IRL,26-308,90,5,1,4,80.0,f96a49ea
ENG-Premier League,2526,2025-09-27 Brentford-Manchester Utd,Manchester United,Altay Bayındır,TUR,27-166,90,8,3,5,62.5,f96a49ea
ENG-Premier League,2526,2025-09-27 Chelsea-Brighton,Brighton & Hove Albion,Bart Verbruggen,NED,23-040,90,3,1,2,66.7,b3a3df9a
ENG-Premier League,2526,2025-09-27 Chelsea-Brighton,Chelsea,Robert Sánchez,ESP,27-313,90,3,3,0,0.0,b3a3df9a
ENG-Premier League,2526,2025-09-27 Crystal Palace-Liverpool,Crystal Palace,Dean Henderson,ENG,28-199,90,4,1,3,75.0,8a5edb7f
ENG-Premier League,2526,2025-09-27 Crystal Palace-Liverpool,Liverpool,Alisson,BRA,32-360,90,7,2,5,71.4,8a5edb7f
ENG-Premier League,2526,2025-09-27 Leeds United-Bournemouth,Bournemouth,Đorđe Petrović,SRB,25-354,90,8,2,6,75.0,d2fc69e6
ENG-Premier League,2526,2025-09-27 Leeds United-Bournemouth,Leeds United,Karl Darlow,WAL,34-354,90,5,2,3,60.0,d2fc69e6
ENG-Premier League,2526,2025-09-27 Manchester City-Burnley,Burnley,Martin Dúbravka,SVK,36-255,90,10,5,5,50.0,53db8cb5
ENG-Premier League,2526,2025-09-27 Manchester City-Burnley,Manchester City,Gianluigi Donnarumma,ITA,26-214,90,2,1,1,50.0,53db8cb5
ENG-Premier League,2526,2025-09-27 Nottingham-Sunderland,Nottingham Forest,Matz Sels,BEL,33-213,90,3,1,2,66.7,78970349
ENG-Premier League,2526,2025-09-27 Nottingham-Sunderland,Sunderland,Robin Roefs,NED,22-253,90,6,0,6,100.0,78970349
ENG-Premier League,2526,2025-09-27 Tottenham-Wolves,Tottenham Hotspur,Guglielmo Vicario,ITA,28-355,90,3,1,2,66.7,116cff7d
ENG-Premier League,2526,2025-09-27 Tottenham-Wolves,Wolverhampton Wanderers,Sam Johnstone,ENG,32-186,90,3,1,2,66.7,116cff7d
ENG-Premier League,2526,2025-09-28 Aston Villa-Fulham,Aston Villa,Emiliano Martínez,ARG,33-026,90,4,1,3,75.0,7345f259
ENG-Premier League,2526,2025-09-28 Aston Villa-Fulham,Fulham,Bernd Leno,GER,33-208,90,4,3,1,25.0,7345f259
ENG-Premier League,2526,2025-09-28 Newcastle-Arsenal,Arsenal,David Raya,ESP,30-013,90,3,1,2,66.7,e851cb5c
ENG-Premier League,2526,2025-09-28 Newcastle-Arsenal,Newcastle United,Nick Pope,ENG,33-162,90,7,2,5,71.4,e851cb5c
ENG-Premier League,2526,2025-09-29 Everton-West Ham,Everton,Jordan Pickford,ENG,31-206,90,3,1,2,66.7,1163f46d
ENG-Premier League,2526,2025-09-29 Everton-West Ham,West Ham United,Alphonse Areola,FRA,32-214,90,6,1,5,83.3,1163f46d
ENG-Premier League,2526,2025-10-03 Bournemouth-Fulham,Bournemouth,Đorđe Petrović,SRB,25-360,90,4,1,3,75.0,200f4acc
ENG-Premier League,2526,2025-10-03 Bournemouth-Fulham,Fulham,Bernd Leno,GER,33-213,90,6,3,3,50.0,200f4acc
ENG-Premier League,2526,2025-10-04 Arsenal-West Ham,Arsenal,David Raya,ESP,30-019,90,0,0,0,,266bddc6
ENG-Premier League,2526,2025-10-04 Arsenal-West Ham,West Ham United,Alphonse Areola,FRA,32-219,90,5,2,3,60.0,266bddc6
ENG-Premier League,2526,2025-10-04 Chelsea-Liverpool,Chelsea,Robert Sánchez,ESP,27-320,90,2,1,1,50.0,780d534e
ENG-Premier League,2526,2025-10-04 Chelsea-Liverpool,Liverpool,Giorgi Mamardashvili,GEO,25-005,90,6,2,4,66.7,780d534e
ENG-Premier League,2526,2025-10-04 Leeds United-Tottenham,Leeds United,Karl Darlow,WAL,34-361,90,3,2,1,33.3,3e588df8
ENG-Premier League,2526,2025-10-04 Leeds United-Tottenham,Tottenham Hotspur,Guglielmo Vicario,ITA,28-362,90,4,1,3,75.0,3e588df8
ENG-Premier League,2526,2025-10-04 Manchester Utd-Sunderland,Manchester United,Senne Lammens,BEL,23-089,90,3,0,3,100.0,e33ea33d
ENG-Premier League,2526,2025-10-04 Manchester Utd-Sunderland,Sunderland,Robin Roefs,NED,22-260,90,6,2,4,66.7,e33ea33d
ENG-Premier League,2526,2025-10-05 Aston Villa-Burnley,Aston Villa,Emiliano Martínez,ARG,33-033,90,2,1,1,50.0,db870461
ENG-Premier League,2526,2025-10-05 Aston Villa-Burnley,Burnley,Martin Dúbravka,SVK,36-263,90,7,2,5,71.4,db870461
ENG-Premier League,2526,2025-10-05 Brentford-Manchester City,Brentford,Caoimhín Kelleher,IRL,26-316,90,4,1,3,75.0,8c0ee359
ENG-Premier League,2526,2025-10-05 Brentford-Manchester City,Manchester City,Gianluigi Donnarumma,ITA,26-222,90,1,0,1,100.0,8c0ee359
ENG-Premier League,2526,2025-10-05 Everton-Crystal Palace,Crystal Palace,Dean Henderson,ENG,28-207,90,7,2,5,71.4,88e53add
ENG-Premier League,2526,2025-10-05 Everton-Crystal Palace,Everton,Jordan Pickford,ENG,31-212,90,6,1,5,83.3,88e53add
ENG-Premier League,2526,2025-10-05 Newcastle-Nottingham,Newcastle United,Nick Pope,ENG,33-169,90,4,0,4,100.0,e33f1657
ENG-Premier League,2526,2025-10-05 Newcastle-Nottingham,Nottingham Forest,Matz Sels,BEL,33-221,90,9,2,7,77.8,e33f1657
ENG-Premier League,2526,2025-10-05 Wolves-Brighton,Brighton & Hove Albion,Bart Verbruggen,NED,23-048,90,4,1,3,75.0,1314f9fd
ENG-Premier League,2526,2025-10-05 Wolves-Brighton,Wolverhampton Wanderers,Sam Johnstone,ENG,32-194,90,6,1,5,83.3,1314f9fd
ENG-Premier League,2526,2025-10-18 Brighton-Newcastle,Brighton & Hove Albion,Bart Verbruggen,NED,23-061,90,3,1,2,66.7,7c25388b
ENG-Premier League,2526,2025-10-18 Brighton-Newcastle,Newcastle United,Nick Pope,ENG,33-182,90,5,2,3,60.0,7c25388b
ENG-Premier League,2526,2025-10-18 Burnley-Leeds United,Burnley,Martin Dúbravka,SVK,36-276,90,4,0,4,100.0,a31356f3
ENG-Premier League,2526,2025-10-18 Burnley-Leeds United,Leeds United,Karl Darlow,WAL,35-010,90,3,2,1,33.3,a31356f3
ENG-Premier League,2526,2025-10-18 Crystal Palace-Bournemouth,Bournemouth,Đorđe Petrović,SRB,26-010,90,7,3,4,57.1,7a0ab06b
ENG-Premier League,2526,2025-10-18 Crystal Palace-Bournemouth,Crystal Palace,Dean Henderson,ENG,28-220,90,5,3,2,40.0,7a0ab06b
ENG-Premier League,2526,2025-10-18 Fulham-Arsenal,Arsenal,David Raya,ESP,30-033,90,0,0,0,,94eefc1d
ENG-Premier League,2526,2025-10-18 Fulham-Arsenal,Fulham,Bernd Leno,GER,33-228,90,5,1,4,80.0,94eefc1d
ENG-Premier League,2526,2025-10-18 Manchester City-Everton,Everton,Jordan Pickford,ENG,31-225,90,7,2,5,71.4,1340e41a
ENG-Premier League,2526,2025-10-18 Manchester City-Everton,Manchester City,Gianluigi Donnarumma,ITA,26-235,90,1,0,1,100.0,1340e41a
ENG-Premier League,2526,2025-10-18 Nottingham-Chelsea,Chelsea,Robert Sánchez,ESP,27-334,90,2,0,2,100.0,b3ac7e40
ENG-Premier League,2526,2025-10-18 Nottingham-Chelsea,Nottingham Forest,Matz Sels,BEL,33-234,90,6,3,3,50.0,b3ac7e40
ENG-Premier League,2526,2025-10-18 Sunderland-Wolves,Sunderland,Robin Roefs,NED,22-274,90,3,0,3,100.0,fe212874
ENG-Premier League,2526,2025-10-18 Sunderland-Wolves,Wolverhampton Wanderers,Sam Johnstone,ENG,32-207,90,3,2,1,33.3,fe212874
ENG-Premier League,2526,2025-10-19 Liverpool-Manchester Utd,Liverpool,Giorgi Mamardashvili,GEO,25-020,90,4,2,2,50.0,cbec79a5
ENG-Premier League,2526,2025-10-19 Liverpool-Manchester Utd,Manchester United,Senne Lammens,BEL,23-104,90,6,1,5,83.3,cbec79a5
ENG-Premier League,2526,2025-10-19 Tottenham-Aston Villa,Aston Villa,Emiliano Martínez,ARG,33-047,90,3,1,2,66.7,810c0cb9
ENG-Premier League,2526,2025-10-19 Tottenham-Aston Villa,Tottenham Hotspur,Guglielmo Vicario,ITA,29-012,90,2,2,0,0.0,810c0cb9
ENG-Premier League,2526,2025-10-20 West Ham-Brentford,Brentford,Caoimhín Kelleher,IRL,26-331,90,1,0,1,100.0,3322a47b
ENG-Premier League,2526,2025-10-20 West Ham-Brentford,West Ham United,Alphonse Areola,FRA,32-235,90,6,2,4,66.7,3322a47b
ENG-Premier League,2526,2025-10-24 Leeds United-West Ham,Leeds United,Lucas Perri,BRA,27-318,90,3,1,2,66.7,236e3e4c
ENG-Premier League,2526,2025-10-24 Leeds United-West Ham,West Ham United,Alphonse Areola,FRA,32-239,90,5,2,3,60.0,236e3e4c
ENG-Premier League,2526,2025-10-25 Brentford-Liverpool,Brentford,Caoimhín Kelleher,IRL,26-336,90,5,2,3,60.0,26e5ca72
ENG-Premier League,2526,2025-10-25 Brentford-Liverpool,Liverpool,Giorgi Mamardashvili,GEO,25-026,90,8,3,5,62.5,26e5ca72
ENG-Premier League,2526,2025-10-25 Chelsea-Sunderland,Chelsea,Robert Sánchez,ESP,27-341,90,4,2,2,50.0,cfda878f
ENG-Premier League,2526,2025-10-25 Chelsea-Sunderland,Sunderland,Robin Roefs,NED,22-281,90,7,1,6,85.7,cfda878f
ENG-Premier League,2526,2025-10-25 Manchester Utd-Brighton,Brighton & Hove Albion,Bart Verbruggen,NED,23-068,90,9,4,5,55.6,a190da2c
ENG-Premier League,2526,2025-10-25 Manchester Utd-Brighton,Manchester United,Senne Lammens,BEL,23-110,90,5,2,3,60.0,a190da2c
ENG-Premier League,2526,2025-10-25 Newcastle-Fulham,Fulham,Bernd Leno,GER,33-235,90,7,2,5,71.4,0f6b6849
ENG-Premier League,2526,2025-10-25 Newcastle-Fulham,Newcastle United,Nick Pope,ENG,33-189,90,5,1,4,80.0,0f6b6849
ENG-Premier League,2526,2025-10-26 Arsenal-Crystal Palace,Arsenal,David Raya,ESP,30-041,90,1,0,1,100.0,8e08b6c9
ENG-Premier League,2526,2025-10-26 Arsenal-Crystal Palace,Crystal Palace,Dean Henderson,ENG,28-228,90,3,1,2,66.7,8e08b6c9
ENG-Premier League,2526,2025-10-26 Aston Villa-Manchester City,Aston Villa,Emiliano Martínez,ARG,33-054,90,3,0,3,100.0,2324c097
ENG-Premier League,2526,2025-10-26 Aston Villa-Manchester City,Manchester City,Gianluigi Donnarumma,ITA,26-243,90,3,1,2,66.7,2324c097
ENG-Premier League,2526,2025-10-26 Bournemouth-Nottingham,Bournemouth,Đorđe Petrović,SRB,26-018,90,4,0,4,100.0,0676a57a
ENG-Premier League,2526,2025-10-26 Bournemouth-Nottingham,Nottingham Forest,Matz Sels,BEL,33-242,90,5,2,3,60.0,0676a57a
ENG-Premier League,2526,2025-10-26 Everton-Tottenham,Everton,Jordan Pickford,ENG,31-233,90,4,3,1,25.0,4234aaa9
ENG-Premier League,2526,2025-10-26 Everton-Tottenham,Tottenham Hotspur,Guglielmo Vicario,ITA,29-019,90,2,0,2,100.0,4234aaa9
ENG-Premier League,2526,2025-10-26 Wolves-Burnley,Burnley,Martin Dúbravka,SVK,36-284,90,7,2,5,71.4,28244556
ENG-Premier League,2526,2025-10-26 Wolves-Burnley,Wolverhampton Wanderers,Sam Johnstone,ENG,32-215,90,7,3,4,57.1,28244556
ENG-Premier League,2526,2025-11-01 Brighton-Leeds United,Brighton & Hove Albion,Bart Verbruggen,NED,23-075,90,2,0,2,100.0,40e608f4
ENG-Premier League,2526,2025-11-01 Brighton-Leeds United,Leeds United,Lucas Perri,BRA,27-326,90,7,3,4,57.1,40e608f4
ENG-Premier League,2526,2025-11-01 Burnley-Arsenal,Arsenal,David Raya,ESP,30-047,90,0,0,0,,2e2f2939
ENG-Premier League,2526,2025-11-01 Burnley-Arsenal,Burnley,Martin Dúbravka,SVK,36-290,90,7,2,5,71.4,2e2f2939
ENG-Premier League,2526,2025-11-01 Crystal Palace-Brentford,Brentford,Caoimhín Kelleher,IRL,26-343,90,3,2,1,33.3,96c4864b
ENG-Premier League,2526,2025-11-01 Crystal Palace-Brentford,Crystal Palace,Dean Henderson,ENG,28-234,90,2,0,2,100.0,96c4864b
ENG-Premier League,2526,2025-11-01 Fulham-Wolves,Fulham,Bernd Leno,GER,33-242,90,2,0,2,100.0,03f6bccd
ENG-Premier League,2526,2025-11-01 Fulham-Wolves,Wolverhampton Wanderers,Sam Johnstone,ENG,32-221,90,7,3,4,57.1,03f6bccd
ENG-Premier League,2526,2025-11-01 Liverpool-Aston Villa,Aston Villa,Emiliano Martínez,ARG,33-060,90,4,2,2,50.0,c15115cb
ENG-Premier League,2526,2025-11-01 Liverpool-Aston Villa,Liverpool,Giorgi Mamardashvili,GEO,25-033,90,3,0,3,100.0,c15115cb
ENG-Premier League,2526,2025-11-01 Nottingham-Manchester Utd,Manchester United,Senne Lammens,BEL,23-117,90,3,2,1,33.3,6f99be65
ENG-Premier League,2526,2025-11-01 Nottingham-Manchester Utd,Nottingham Forest,Matz Sels,BEL,33-248,90,6,2,4,66.7,6f99be65
ENG-Premier League,2526,2025-11-01 Tottenham-Chelsea,Chelsea,Robert Sánchez,ESP,27-348,90,1,0,1,100.0,cb498e0b
ENG-Premier League,2526,2025-11-01 Tottenham-Chelsea,Tottenham Hotspur,Guglielmo Vicario,ITA,29-025,90,9,1,8,88.9,cb498e0b
ENG-Premier League,2526,2025-11-02 Manchester City-Bournemouth,Bournemouth,Đorđe Petrović,SRB,26-025,90,7,3,4,57.1,cc77588b
ENG-Premier League,2526,2025-11-02 Manchester City-Bournemouth,Manchester City,Gianluigi Donnarumma,ITA,26-250,90,5,1,4,80.0,cc77588b
ENG-Premier League,2526,2025-11-02 West Ham-Newcastle,Newcastle United,Nick Pope,ENG,33-197,90,10,3,7,70.0,55587dfc
ENG-Premier League,2526,2025-11-02 West Ham-Newcastle,West Ham United,Alphonse Areola,FRA,32-248,90,4,1,3,75.0,55587dfc
ENG-Premier League,2526,2025-11-03 Sunderland-Everton,Everton,Jordan Pickford,ENG,31-241,90,3,1,2,66.7,bb37daa2
ENG-Premier League,2526,2025-11-03 Sunderland-Everton,Sunderland,Robin Roefs,NED,22-290,90,2,1,1,50.0,bb37daa2
ENG-Premier League,2526,2025-11-08 Chelsea-Wolves,Chelsea,Robert Sánchez,ESP,27-355,90,0,0,0,,098d4b9c
ENG-Premier League,2526,2025-11-08 Chelsea-Wolves,Wolverhampton Wanderers,Sam Johnstone,ENG,32-228,90,8,3,5,62.5,098d4b9c
ENG-Premier League,2526,2025-11-08 Everton-Fulham,Everton,Jordan Pickford,ENG,31-246,90,4,0,4,100.0,0e46b968
ENG-Premier League,2526,2025-11-08 Everton-Fulham,Fulham,Bernd Leno,GER,33-249,90,5,2,3,60.0,0e46b968
ENG-Premier League,2526,2025-11-08 Sunderland-Arsenal,Arsenal,David Raya,ESP,30-054,90,2,2,,0.0,34884979
ENG-Premier League,2526,2025-11-08 Sunderland-Arsenal,Sunderland,Robin Roefs,NED,22-295,90,7,2,5,71.4,34884979
ENG-Premier League,2526,2025-11-08 Tottenham-Manchester Utd,Manchester United,Senne Lammens,BEL,23-124,90,4,2,2,50.0,ad74e791
ENG-Premier League,2526,2025-11-08 Tottenham-Manchester Utd,Tottenham Hotspur,Guglielmo Vicario,ITA,29-032,90,2,2,0,0.0,ad74e791
ENG-Premier League,2526,2025-11-08 West Ham-Burnley,Burnley,Martin Dúbravka,SVK,36-297,90,6,3,3,50.0,9a904d13
ENG-Premier League,2526,2025-11-08 West Ham-Burnley,West Ham United,Alphonse Areola,FRA,32-254,90,7,2,5,71.4,9a904d13
ENG-Premier League,2526,2025-11-09 Aston Villa-Bournemouth,Aston Villa,Emiliano Martínez,ARG,33-068,90,3,0,3,100.0,b333094b
ENG-Premier League,2526,2025-11-09 Aston Villa-Bournemouth,Bournemouth,Đorđe Petrović,SRB,26-032,90,8,4,4,50.0,b333094b
ENG-Premier League,2526,2025-11-09 Brentford-Newcastle,Brentford,Caoimhín Kelleher,IRL,26-351,90,1,1,0,0.0,7398b723
ENG-Premier League,2526,2025-11-09 Brentford-Newcastle,Newcastle United,Aaron Ramsdale,ENG,27-179,14,3,2,1,33.3,7398b723
ENG-Premier League,2526,2025-11-09 Brentford-Newcastle,Newcastle United,Nick Pope,ENG,33-204,76,4,1,3,75.0,7398b723
ENG-Premier League,2526,2025-11-09 Crystal Palace-Brighton,Brighton & Hove Albion,Bart Verbruggen,NED,23-083,90,2,0,2,100.0,d6740601
ENG-Premier League,2526,2025-11-09 Crystal Palace-Brighton,Crystal Palace,Dean Henderson,ENG,28-242,90,3,0,3,100.0,d6740601
ENG-Premier League,2526,2025-11-09 Manchester City-Liverpool,Liverpool,Giorgi Mamardashvili,GEO,25-041,90,5,3,2,40.0,a126a64c
ENG-Premier League,2526,2025-11-09 Manchester City-Liverpool,Manchester City,Gianluigi Donnarumma,ITA,26-257,90,2,0,1,100.0,a126a64c
ENG-Premier League,2526,2025-11-09 Nottingham-Leeds United,Leeds United,Lucas Perri,BRA,27-334,90,6,3,3,50.0,c2217a56
ENG-Premier League,2526,2025-11-09 Nottingham-Leeds United,Nottingham Forest,Matz Sels,BEL,33-256,90,3,1,2,66.7,c2217a56
ENG-Premier League,2526,2025-11-22 Bournemouth-West Ham,Bournemouth,Đorđe Petrović,SRB,26-045,90,2,2,0,0.0,f5c9621e
ENG-Premier League,2526,2025-11-22 Bournemouth-West Ham,West Ham United,Alphonse Areola,FRA,32-268,90,12,2,10,83.3,f5c9621e
ENG-Premier League,2526,2025-11-22 Brighton-Brentford,Brentford,Caoimhín Kelleher,IRL,26-364,90,5,2,3,60.0,3ad15355
ENG-Premier League,2526,2025-11-22 Brighton-Brentford,Brighton & Hove Albion,Bart Verbruggen,NED,23-096,90,3,1,2,66.7,3ad15355
ENG-Premier League,2526,2025-11-22 Burnley-Chelsea,Burnley,Martin Dúbravka,SVK,36-311,90,5,2,3,60.0,43c673dd
ENG-Premier League,2526,2025-11-22 Burnley-Chelsea,Chelsea,Robert Sánchez,ESP,28-004,90,2,0,2,100.0,43c673dd
ENG-Premier League,2526,2025-11-22 Fulham-Sunderland,Fulham,Bernd Leno,GER,33-263,90,2,0,2,100.0,5cd7ef12
ENG-Premier League,2526,2025-11-22 Fulham-Sunderland,Sunderland,Robin Roefs,NED,22-309,90,5,1,4,80.0,5cd7ef12
ENG-Premier League,2526,2025-11-22 Liverpool-Nottingham,Liverpool,Alisson,BRA,33-051,90,7,3,4,57.1,2180fc9b
ENG-Premier League,2526,2025-11-22 Liverpool-Nottingham,Nottingham Forest,Matz Sels,BEL,33-269,90,3,0,3,100.0,2180fc9b
ENG-Premier League,2526,2025-11-22 Newcastle-Manchester City,Manchester City,Gianluigi Donnarumma,ITA,26-270,90,5,2,3,60.0,efd005dc
ENG-Premier League,2526,2025-11-22 Newcastle-Manchester City,Newcastle United,Nick Pope,ENG,33-217,90,4,1,3,75.0,efd005dc
ENG-Premier League,2526,2025-11-22 Wolves-Crystal Palace,Crystal Palace,Dean Henderson,ENG,28-255,90,1,0,1,100.0,c90ed936
ENG-Premier League,2526,2025-11-22 Wolves-Crystal Palace,Wolverhampton Wanderers,Sam Johnstone,ENG,32-242,90,4,2,2,50.0,c90ed936
ENG-Premier League,2526,2025-11-23 Arsenal-Tottenham,Arsenal,David Raya,ESP,30-069,90,2,1,1,50.0,51a5792d
ENG-Premier League,2526,2025-11-23 Arsenal-Tottenham,Tottenham Hotspur,Guglielmo Vicario,ITA,29-047,90,8,4,4,50.0,51a5792d
ENG-Premier League,2526,2025-11-23 Leeds United-Aston Villa,Aston Villa,Emiliano Martínez,ARG,33-082,90,4,1,3,75.0,53a69c4e
ENG-Premier League,2526,2025-11-23 Leeds United-Aston Villa,Leeds United,Lucas Perri,BRA,27-348,90,4,2,2,50.0,53a69c4e
ENG-Premier League,2526,2025-11-24 Manchester Utd-Everton,Everton,Jordan Pickford,ENG,31-262,90,6,0,6,100.0,69a9c9a3
ENG-Premier League,2526,2025-11-24 Manchester Utd-Everton,Manchester United,Senne Lammens,BEL,23-140,90,1,1,0,0.0,69a9c9a3
ENG-Premier League,2526,2025-11-29 Brentford-Burnley,Brentford,Caoimhín Kelleher,IRL,27-006,90,2,1,1,50.0,5615f800
ENG-Premier League,2526,2025-11-29 Brentford-Burnley,Burnley,Martin Dúbravka,SVK,36-318,90,4,3,1,25.0,5615f800
ENG-Premier League,2526,2025-11-29 Everton-Newcastle,Everton,Jordan Pickford,ENG,31-267,90,7,4,3,42.9,1e17ace9
ENG-Premier League,2526,2025-11-29 Everton-Newcastle,Newcastle United,Aaron Ramsdale,ENG,27-199,90,2,1,1,50.0,1e17ace9
ENG-Premier League,2526,2025-11-29 Manchester City-Leeds United,Leeds United,Lucas Perri,BRA,27-354,90,9,3,6,66.7,bfa73051
ENG-Premier League,2526,2025-11-29 Manchester City-Leeds United,Manchester City,Gianluigi Donnarumma,ITA,26-277,90,2,2,,0.0,bfa73051
ENG-Premier League,2526,2025-11-29 Sunderland-Bournemouth,Bournemouth,Đorđe Petrović,SRB,26-052,90,6,3,3,50.0,e118da78
ENG-Premier League,2526,2025-11-29 Sunderland-Bournemouth,Sunderland,Robin Roefs,NED,22-316,90,6,2,4,66.7,e118da78
ENG-Premier League,2526,2025-11-29 Tottenham-Fulham,Fulham,Bernd Leno,GER,33-270,90,1,1,0,0.0,34e802eb
ENG-Premier League,2526,2025-11-29 Tottenham-Fulham,Tottenham Hotspur,Guglielmo Vicario,ITA,29-053,90,3,2,1,33.3,34e802eb
ENG-Premier League,2526,2025-11-30 Aston Villa-Wolves,Aston Villa,Emiliano Martínez,ARG,33-089,90,4,0,4,100.0,117c4cab
ENG-Premier League,2526,2025-11-30 Aston Villa-Wolves,Wolverhampton Wanderers,Sam Johnstone,ENG,32-250,90,6,1,5,83.3,117c4cab
ENG-Premier League,2526,2025-11-30 Chelsea-Arsenal,Arsenal,David Raya,ESP,30-076,90,4,1,3,75.0,455c69b8
ENG-Premier League,2526,2025-11-30 Chelsea-Arsenal,Chelsea,Robert Sánchez,ESP,28-012,90,4,1,3,75.0,455c69b8
ENG-Premier League,2526,2025-11-30 Crystal Palace-Manchester Utd,Crystal Palace,Dean Henderson,ENG,28-263,90,6,2,4,66.7,6857b94e
ENG-Premier League,2526,2025-11-30 Crystal Palace-Manchester Utd,Manchester United,Senne Lammens,BEL,23-146,90,3,1,2,66.7,6857b94e
ENG-Premier League,2526,2025-11-30 Nottingham-Brighton,Brighton & Hove Albion,Bart Verbruggen,NED,23-104,90,3,0,3,100.0,2d580ed7
ENG-Premier League,2526,2025-11-30 Nottingham-Brighton,Nottingham Forest,Matz Sels,BEL,33-277,90,5,2,3,60.0,2d580ed7
ENG-Premier League,2526,2025-11-30 West Ham-Liverpool,Liverpool,Alisson,BRA,33-059,90,0,0,0,,090b47a6
ENG-Premier League,2526,2025-11-30 West Ham-Liverpool,West Ham United,Alphonse Areola,FRA,32-276,90,5,2,3,60.0,090b47a6
ENG-Premier League,2526,2025-12-02 Bournemouth-Everton,Bournemouth,Đorđe Petrović,SRB,26-055,90,3,1,2,66.7,6e2749c6
ENG-Premier League,2526,2025-12-02 Bournemouth-Everton,Everton,Jordan Pickford,ENG,31-270,90,2,0,2,100.0,6e2749c6
ENG-Premier League,2526,2025-12-02 Fulham-Manchester City,Fulham,Bernd Leno,GER,33-273,90,5,5,0,0.0,83f0391d
ENG-Premier League,2526,2025-12-02 Fulham-Manchester City,Manchester City,Gianluigi Donnarumma,ITA,26-280,90,5,4,1,20.0,83f0391d
ENG-Premier League,2526,2025-12-02 Newcastle-Tottenham,Newcastle United,Aaron Ramsdale,ENG,27-202,90,2,2,0,0.0,7c5f15be
ENG-Premier League,2526,2025-12-02 Newcastle-Tottenham,Tottenham Hotspur,Guglielmo Vicario,ITA,29-056,90,6,2,4,66.7,7c5f15be
ENG-Premier League,2526,2025-12-03 Arsenal-Brentford,Arsenal,David Raya,ESP,30-079,90,1,0,1,100.0,576f681d
ENG-Premier League,2526,2025-12-03 Arsenal-Brentford,Brentford,Caoimhín Kelleher,IRL,27-010,90,7,2,5,71.4,576f681d
ENG-Premier League,2526,2025-12-03 Brighton-Aston Villa,Aston Villa,Marco Bizot,NED,34-268,90,7,3,4,57.1,96d69898
ENG-Premier League,2526,2025-12-03 Brighton-Aston Villa,Brighton & Hove Albion,Bart Verbruggen,NED,23-107,90,10,4,6,60.0,96d69898
ENG-Premier League,2526,2025-12-03 Burnley-Crystal Palace,Burnley,Martin Dúbravka,SVK,36-322,90,3,1,2,66.7,9f1131fe
ENG-Premier League,2526,2025-12-03 Burnley-Crystal Palace,Crystal Palace,Dean Henderson,ENG,28-266,90,3,0,3,100.0,9f1131fe
ENG-Premier League,2526,2025-12-03 Leeds United-Chelsea,Chelsea,Robert Sánchez,ESP,28-015,90,5,3,2,40.0,6218f36c
ENG-Premier League,2526,2025-12-03 Leeds United-Chelsea,Leeds United,Lucas Perri,BRA,27-358,90,2,1,1,50.0,6218f36c
ENG-Premier League,2526,2025-12-03 Liverpool-Sunderland,Liverpool,Alisson,BRA,33-062,90,5,1,4,80.0,1666070b
ENG-Premier League,2526,2025-12-03 Liverpool-Sunderland,Sunderland,Robin Roefs,NED,22-320,90,5,1,4,80.0,1666070b
ENG-Premier League,2526,2025-12-03 Wolves-Nottingham,Nottingham Forest,Matz Sels,BEL,33-280,90,1,0,1,100.0,6f03844a
ENG-Premier League,2526,2025-12-03 Wolves-Nottingham,Wolverhampton Wanderers,Sam Johnstone,ENG,32-253,90,3,1,2,66.7,6f03844a
ENG-Premier League,2526,2025-12-04 Manchester Utd-West Ham,Manchester United,Senne Lammens,BEL,23-150,90,2,1,1,50.0,66fee216
ENG-Premier League,2526,2025-12-04 Manchester Utd-West Ham,West Ham United,Alphonse Areola,FRA,32-280,90,4,1,3,75.0,66fee216
ENG-Premier League,2526,2025-12-06 Aston Villa-Arsenal,Arsenal,David Raya,ESP,30-082,90,6,2,4,66.7,f6d068df
ENG-Premier League,2526,2025-12-06 Aston Villa-Arsenal,Aston Villa,Emiliano Martínez,ARG,33-095,90,8,1,7,87.5,f6d068df
ENG-Premier League,2526,2025-12-06 Bournemouth-Chelsea,Bournemouth,Đorđe Petrović,SRB,26-059,90,4,0,4,100.0,c6875359
ENG-Premier League,2526,2025-12-06 Bournemouth-Chelsea,Chelsea,Robert Sánchez,ESP,28-018,90,5,0,5,100.0,c6875359
ENG-Premier League,2526,2025-12-06 Everton-Nottingham,Everton,Jordan Pickford,ENG,31-274,90,2,0,2,100.0,cbe24427
ENG-Premier League,2526,2025-12-06 Everton-Nottingham,Nottingham Forest,Matz Sels,BEL,33-283,90,6,3,3,50.0,cbe24427
ENG-Premier League,2526,2025-12-06 Leeds United-Liverpool,Leeds United,Lucas Perri,BRA,27-361,90,7,3,4,57.1,c0fc0aac
ENG-Premier League,2526,2025-12-06 Leeds United-Liverpool,Liverpool,Alisson,BRA,33-065,90,5,3,2,40.0,c0fc0aac
ENG-Premier League,2526,2025-12-06 Manchester City-Sunderland,Manchester City,Gianluigi Donnarumma,ITA,26-284,90,1,0,1,100.0,1f7cfc5f
ENG-Premier League,2526,2025-12-06 Manchester City-Sunderland,Sunderland,Robin Roefs,NED,22-323,90,5,3,2,40.0,1f7cfc5f
ENG-Premier League,2526,2025-12-06 Newcastle-Burnley,Burnley,Martin Dúbravka,SVK,36-325,90,8,2,6,75.0,e5ed4270
ENG-Premier League,2526,2025-12-06 Newcastle-Burnley,Newcastle United,Aaron Ramsdale,ENG,27-206,90,3,1,2,66.7,e5ed4270
ENG-Premier League,2526,2025-12-06 Tottenham-Brentford,Brentford,Caoimhín Kelleher,IRL,27-013,90,7,2,5,71.4,9a4fd973
ENG-Premier League,2526,2025-12-06 Tottenham-Brentford,Tottenham Hotspur,Guglielmo Vicario,ITA,29-060,90,1,0,1,100.0,9a4fd973
ENG-Premier League,2526,2025-12-07 Brighton-West Ham,Brighton & Hove Albion,Bart Verbruggen,NED,23-111,90,5,1,4,80.0,e5c1f07b
ENG-Premier League,2526,2025-12-07 Brighton-West Ham,West Ham United,Alphonse Areola,FRA,32-283,90,5,1,4,80.0,e5c1f07b
ENG-Premier League,2526,2025-12-07 Fulham-Crystal Palace,Crystal Palace,Dean Henderson,ENG,28-270,90,4,1,3,75.0,c0ececfd
ENG-Premier League,2526,2025-12-07 Fulham-Crystal Palace,Fulham,Bernd Leno,GER,33-278,90,5,2,3,60.0,c0ececfd
ENG-Premier League,2526,2025-12-08 Wolves-Manchester Utd,Manchester United,Senne Lammens,BEL,23-154,90,2,1,1,50.0,d52338cb
ENG-Premier League,2526,2025-12-08 Wolves-Manchester Utd,Wolverhampton Wanderers,Sam Johnstone,ENG,32-258,90,8,4,4,50.0,d52338cb
ENG-Premier League,2526,2025-12-13 Arsenal-Wolves,Arsenal,David Raya,ESP,30-089,90,2,1,1,50.0,5914e624
ENG-Premier League,2526,2025-12-13 Arsenal-Wolves,Wolverhampton Wanderers,Sam Johnstone,ENG,32-263,90,4,2,2,50.0,5914e624
ENG-Premier League,2526,2025-12-13 Burnley-Fulham,Burnley,Martin Dúbravka,SVK,36-332,90,4,3,1,25.0,993fe4a5
ENG-Premier League,2526,2025-12-13 Burnley-Fulham,Fulham,Bernd Leno,GER,33-284,90,8,2,6,75.0,993fe4a5
ENG-Premier League,2526,2025-12-13 Chelsea-Everton,Chelsea,Robert Sánchez,ESP,28-025,90,2,0,2,100.0,33f5c26d
ENG-Premier League,2526,2025-12-13 Chelsea-Everton,Everton,Jordan Pickford,ENG,31-281,90,5,2,3,60.0,33f5c26d
ENG-Premier League,2526,2025-12-13 Liverpool-Brighton,Brighton & Hove Albion,Bart Verbruggen,NED,23-117,90,4,2,2,50.0,9b6b7eac
ENG-Premier League,2526,2025-12-13 Liverpool-Brighton,Liverpool,Alisson,BRA,33-072,90,1,0,1,100.0,9b6b7eac
ENG-Premier League,2526,2025-12-14 Brentford-Leeds United,Brentford,Caoimhín Kelleher,IRL,27-021,90,4,1,3,75.0,68c62e00
ENG-Premier League,2526,2025-12-14 Brentford-Leeds United,Leeds United,Lucas Perri,BRA,28-004,90,2,1,1,50.0,68c62e00
ENG-Premier League,2526,2025-12-14 Crystal Palace-Manchester City,Crystal Palace,Dean Henderson,ENG,28-277,90,6,3,3,50.0,88d54a65
ENG-Premier League,2526,2025-12-14 Crystal Palace-Manchester City,Manchester City,Gianluigi Donnarumma,ITA,26-292,90,4,0,4,100.0,88d54a65
ENG-Premier League,2526,2025-12-14 Nottingham-Tottenham,Nottingham Forest,John,BRA,29-304,90,1,0,1,100.0,30741081
ENG-Premier League,2526,2025-12-14 Nottingham-Tottenham,Tottenham Hotspur,Guglielmo Vicario,ITA,29-068,90,6,3,3,50.0,30741081
ENG-Premier League,2526,2025-12-14 Sunderland-Newcastle,Newcastle United,Aaron Ramsdale,ENG,27-214,90,2,1,1,50.0,f0108982
ENG-Premier League,2526,2025-12-14 Sunderland-Newcastle,Sunderland,Robin Roefs,NED,22-331,90,2,0,2,100.0,f0108982
ENG-Premier League,2526,2025-12-14 West Ham-Aston Villa,Aston Villa,Marco Bizot,NED,34-279,90,3,2,1,33.3,88b3c085
ENG-Premier League,2526,2025-12-14 West Ham-Aston Villa,West Ham United,Alphonse Areola,FRA,32-290,90,5,3,2,40.0,88b3c085
ENG-Premier League,2526,2025-12-15 Manchester Utd-Bournemouth,Bournemouth,Đorđe Petrović,SRB,26-068,90,9,4,5,55.6,fe812068
ENG-Premier League,2526,2025-12-15 Manchester Utd-Bournemouth,Manchester United,Senne Lammens,BEL,23-161,90,9,4,5,55.6,fe812068
ENG-Premier League,2526,2025-12-20 Bournemouth-Burnley,Bournemouth,Đorđe Petrović,SRB,26-073,90,1,1,0,0.0,f248c97b
ENG-Premier League,2526,2025-12-20 Bournemouth-Burnley,Burnley,Martin Dúbravka,SVK,36-339,90,1,1,0,0.0,f248c97b
ENG-Premier League,2526,2025-12-20 Brighton-Sunderland,Brighton & Hove Albion,Bart Verbruggen,NED,23-124,90,6,0,6,100.0,8751f2e2
ENG-Premier League,2526,2025-12-20 Brighton-Sunderland,Sunderland,Robin Roefs,NED,22-337,90,4,0,4,100.0,8751f2e2
ENG-Premier League,2526,2025-12-20 Everton-Arsenal,Arsenal,David Raya,ESP,30-096,90,1,0,1,100.0,9bf2aba0
ENG-Premier League,2526,2025-12-20 Everton-Arsenal,Everton,Jordan Pickford,ENG,31-288,90,1,1,0,0.0,9bf2aba0
ENG-Premier League,2526,2025-12-20 Leeds United-Crystal Palace,Crystal Palace,Dean Henderson,ENG,28-283,90,6,4,2,33.3,a105af33
ENG-Premier League,2526,2025-12-20 Leeds United-Crystal Palace,Leeds United,Lucas Perri,BRA,28-010,90,3,1,2,66.7,a105af33
ENG-Premier League,2526,2025-12-20 Manchester City-West Ham,Manchester City,Gianluigi Donnarumma,ITA,26-298,90,4,0,3,100.0,56b82593
ENG-Premier League,2526,2025-12-20 Manchester City-West Ham,West Ham United,Alphonse Areola,FRA,32-296,90,8,3,5,62.5,56b82593
ENG-Premier League,2526,2025-12-20 Newcastle-Chelsea,Chelsea,Robert Sánchez,ESP,28-032,90,5,2,3,60.0,4972e40c
ENG-Premier League,2526,2025-12-20 Newcastle-Chelsea,Newcastle United,Aaron Ramsdale,ENG,27-220,90,4,2,2,50.0,4972e40c
ENG-Premier League,2526,2025-12-20 Tottenham-Liverpool,Liverpool,Alisson,BRA,33-079,90,5,1,4,80.0,30618752
ENG-Premier League,2526,2025-12-20 Tottenham-Liverpool,Tottenham Hotspur,Guglielmo Vicario,ITA,29-074,90,4,2,2,50.0,30618752
ENG-Premier League,2526,2025-12-20 Wolves-Brentford,Brentford,Caoimhín Kelleher,IRL,27-027,90,1,0,1,100.0,3c79be9f
ENG-Premier League,2526,2025-12-20 Wolves-Brentford,Wolverhampton Wanderers,José Sá,POR,32-337,90,6,2,4,66.7,3c79be9f
ENG-Premier League,2526,2025-12-21 Aston Villa-Manchester Utd,Aston Villa,Emiliano Martínez,ARG,33-110,90,6,1,5,83.3,0da8e4de
ENG-Premier League,2526,2025-12-21 Aston Villa-Manchester Utd,Manchester United,Senne Lammens,BEL,23-167,90,4,2,2,50.0,0da8e4de
ENG-Premier League,2526,2025-12-22 Fulham-Nottingham,Fulham,Bernd Leno,GER,33-293,90,2,0,2,100.0,23ee8b09
ENG-Premier League,2526,2025-12-22 Fulham-Nottingham,Nottingham Forest,John,BRA,29-312,90,1,1,0,0.0,23ee8b09
ENG-Premier League,2526,2025-12-26 Manchester Utd-Newcastle,Manchester United,Senne Lammens,BEL,23-172,90,3,0,3,100.0,aff462b8
ENG-Premier League,2526,2025-12-26 Manchester Utd-Newcastle,Newcastle United,Aaron Ramsdale,ENG,27-226,90,3,1,2,66.7,aff462b8
ENG-Premier League,2526,2025-12-27 Arsenal-Brighton,Arsenal,David Raya,ESP,30-103,90,3,1,2,66.7,ad61fc31
ENG-Premier League,2526,2025-12-27 Arsenal-Brighton,Brighton & Hove Albion,Bart Verbruggen,NED,23-131,90,7,2,5,71.4,ad61fc31
ENG-Premier League,2526,2025-12-27 Brentford-Bournemouth,Bournemouth,Đorđe Petrović,SRB,26-080,90,8,4,4,50.0,512bb3b3
ENG-Premier League,2526,2025-12-27 Brentford-Bournemouth,Brentford,Caoimhín Kelleher,IRL,27-034,90,9,1,8,88.9,512bb3b3
ENG-Premier League,2526,2025-12-27 Burnley-Everton,Burnley,Martin Dúbravka,SVK,36-346,90,6,0,6,100.0,8f2a6c20
ENG-Premier League,2526,2025-12-27 Burnley-Everton,Everton,Jordan Pickford,ENG,31-295,90,0,0,0,,8f2a6c20
ENG-Premier League,2526,2025-12-27 Chelsea-Aston Villa,Aston Villa,Emiliano Martínez,ARG,33-116,90,3,1,2,66.7,3ddb49f0
ENG-Premier League,2526,2025-12-27 Chelsea-Aston Villa,Chelsea,Robert Sánchez,ESP,28-039,90,8,2,6,75.0,3ddb49f0
ENG-Premier League,2526,2025-12-27 Liverpool-Wolves,Liverpool,Alisson,BRA,33-086,90,4,1,3,75.0,b329ca7b
ENG-Premier League,2526,2025-12-27 Liverpool-Wolves,Wolverhampton Wanderers,José Sá,POR,32-344,90,4,2,2,50.0,b329ca7b
ENG-Premier League,2526,2025-12-27 Nottingham-Manchester City,Manchester City,Gianluigi Donnarumma,ITA,26-305,90,2,1,1,50.0,8d38f2e5
ENG-Premier League,2526,2025-12-27 Nottingham-Manchester City,Nottingham Forest,John,BRA,29-317,90,5,2,3,60.0,8d38f2e5
ENG-Premier League,2526,2025-12-27 West Ham-Fulham,Fulham,Bernd Leno,GER,33-298,90,2,0,2,100.0,424b7408
ENG-Premier League,2526,2025-12-27 West Ham-Fulham,West Ham United,Alphonse Areola,FRA,32-303,90,4,1,3,75.0,424b7408
ENG-Premier League,2526,2025-12-28 Crystal Palace-Tottenham,Crystal Palace,Dean Henderson,ENG,28-291,90,4,1,3,75.0,da05abe0
ENG-Premier League,2526,2025-12-28 Crystal Palace-Tottenham,Tottenham Hotspur,Guglielmo Vicario,ITA,29-082,90,2,0,2,100.0,da05abe0
ENG-Premier League,2526,2025-12-28 Sunderland-Leeds United,Leeds United,Lucas Perri,BRA,28-018,90,3,1,2,66.7,9c510880
ENG-Premier League,2526,2025-12-28 Sunderland-Leeds United,Sunderland,Robin Roefs,NED,22-345,90,5,1,4,80.0,9c510880
ENG-Premier League,2526,2025-12-30 Arsenal-Aston Villa,Arsenal,David Raya,ESP,30-106,90,3,1,2,66.7,89b4ea51
ENG-Premier League,2526,2025-12-30 Arsenal-Aston Villa,Aston Villa,Emiliano Martínez,ARG,33-119,90,7,4,3,42.9,89b4ea51
ENG-Premier League,2526,2025-12-30 Burnley-Newcastle,Burnley,Martin Dúbravka,SVK,36-349,90,7,3,4,57.1,7e8f51ca
ENG-Premier League,2526,2025-12-30 Burnley-Newcastle,Newcastle United,Nick Pope,ENG,33-255,90,3,1,2,66.7,7e8f51ca
ENG-Premier League,2526,2025-12-30 Chelsea-Bournemouth,Bournemouth,Đorđe Petrović,SRB,26-083,90,4,2,2,50.0,6abcb6e9
ENG-Premier League,2526,2025-12-30 Chelsea-Bournemouth,Chelsea,Robert Sánchez,ESP,28-042,90,6,2,4,66.7,6abcb6e9
ENG-Premier League,2526,2025-12-30 Manchester Utd-Wolves,Manchester United,Senne Lammens,BEL,23-176,90,4,1,3,75.0,bf3cb7a6
ENG-Premier League,2526,2025-12-30 Manchester Utd-Wolves,Wolverhampton Wanderers,José Sá,POR,32-347,90,6,1,5,83.3,bf3cb7a6
ENG-Premier League,2526,2025-12-30 Nottingham-Everton,Everton,Jordan Pickford,ENG,31-298,90,6,0,6,100.0,9e232624
ENG-Premier League,2526,2025-12-30 Nottingham-Everton,Nottingham Forest,John,BRA,29-320,90,3,2,1,33.3,9e232624
ENG-Premier League,2526,2025-12-30 West Ham-Brighton,Brighton & Hove Albion,Bart Verbruggen,NED,23-134,90,4,2,2,50.0,2ed2a547
ENG-Premier League,2526,2025-12-30 West Ham-Brighton,West Ham United,Alphonse Areola,FRA,32-306,90,7,2,5,71.4,2ed2a547
ENG-Premier League,2526,2026-01-01 Brentford-Tottenham,Brentford,Caoimhín Kelleher,IRL,27-039,90,2,0,2,100.0,560a0a6c
ENG-Premier League,2526,2026-01-01 Brentford-Tottenham,Tottenham Hotspur,Guglielmo Vicario,ITA,29-086,90,2,0,2,100.0,560a0a6c
ENG-Premier League,2526,2026-01-01 Crystal Palace-Fulham,Crystal Palace,Dean Henderson,ENG,28-295,90,5,1,4,80.0,08780759
ENG-Premier League,2526,2026-01-01 Crystal Palace-Fulham,Fulham,Bernd Leno,GER,33-303,90,2,1,1,50.0,08780759
ENG-Premier League,2526,2026-01-01 Liverpool-Leeds United,Leeds United,Lucas Perri,BRA,28-022,90,4,0,4,100.0,148c23a6
ENG-Premier League,2526,2026-01-01 Liverpool-Leeds United,Liverpool,Alisson,BRA,33-091,90,2,0,2,100.0,148c23a6
ENG-Premier League,2526,2026-01-01 Sunderland-Manchester City,Manchester City,Gianluigi Donnarumma,ITA,26-310,90,4,0,4,100.0,3f843d94
ENG-Premier League,2526,2026-01-01 Sunderland-Manchester City,Sunderland,Robin Roefs,NED,22-349,90,4,0,4,100.0,3f843d94
ENG-Premier League,2526,2026-01-03 Aston Villa-Nottingham,Aston Villa,Emiliano Martínez,ARG,33-123,90,5,1,4,80.0,4ef85729
ENG-Premier League,2526,2026-01-03 Aston Villa-Nottingham,Nottingham Forest,John,BRA,29-324,77,4,3,1,25.0,4ef85729
ENG-Premier League,2526,2026-01-03 Aston Villa-Nottingham,Nottingham Forest,Matz Sels,BEL,33-311,13,0,0,0,,4ef85729
ENG-Premier League,2526,2026-01-03 Bournemouth-Arsenal,Arsenal,David Raya,ESP,30-110,90,3,2,1,33.3,db124c87
ENG-Premier League,2526,2026-01-03 Bournemouth-Arsenal,Bournemouth,Đorđe Petrović,SRB,26-087,90,5,3,2,40.0,db124c87
ENG-Premier League,2526,2026-01-03 Brighton-Burnley,Brighton & Hove Albion,Bart Verbruggen,NED,23-138,90,2,0,2,100.0,987e9f89
ENG-Premier League,2526,2026-01-03 Brighton-Burnley,Burnley,Martin Dúbravka,SVK,36-353,90,4,2,2,50.0,987e9f89
ENG-Premier League,2526,2026-01-03 Wolves-West Ham,West Ham United,Alphonse Areola,FRA,32-310,90,8,3,5,62.5,9364f40b
ENG-Premier League,2526,2026-01-03 Wolves-West Ham,Wolverhampton Wanderers,José Sá,POR,32-351,90,0,0,0,,9364f40b
ENG-Premier League,2526,2026-01-04 Everton-Brentford,Brentford,Caoimhín Kelleher,IRL,27-042,90,6,2,4,66.7,a67dd0e7
ENG-Premier League,2526,2026-01-04 Everton-Brentford,Everton,Jordan Pickford,ENG,31-303,90,7,4,3,42.9,a67dd0e7
ENG-Premier League,2526,2026-01-04 Fulham-Liverpool,Fulham,Bernd Leno,GER,33-306,90,2,2,0,0.0,a5b3e9ba
ENG-Premier League,2526,2026-01-04 Fulham-Liverpool,Liverpool,Alisson,BRA,33-094,90,2,2,0,0.0,a5b3e9ba
ENG-Premier League,2526,2026-01-04 Leeds United-Manchester Utd,Leeds United,Lucas Perri,BRA,28-025,90,2,1,1,50.0,7ecdefc0
ENG-Premier League,2526,2026-01-04 Leeds United-Manchester Utd,Manchester United,Senne Lammens,BEL,23-181,90,3,1,2,66.7,7ecdefc0
ENG-Premier League,2526,2026-01-04 Manchester City-Chelsea,Chelsea,Filip Jørgensen,DEN,23-263,90,3,1,2,66.7,989daed4
ENG-Premier League,2526,2026-01-04 Manchester City-Chelsea,Manchester City,Gianluigi Donnarumma,ITA,26-313,90,3,1,2,66.7,989daed4
ENG-Premier League,2526,2026-01-04 Newcastle-Crystal Palace,Crystal Palace,Dean Henderson,ENG,28-298,90,7,2,5,71.4,b4262b3c
ENG-Premier League,2526,2026-01-04 Newcastle-Crystal Palace,Newcastle United,Nick Pope,ENG,33-260,90,1,0,1,100.0,b4262b3c
ENG-Premier League,2526,2026-01-04 Tottenham-Sunderland,Sunderland,Robin Roefs,NED,22-352,90,4,1,3,75.0,06bb7d71
ENG-Premier League,2526,2026-01-04 Tottenham-Sunderland,Tottenham Hotspur,Guglielmo Vicario,ITA,29-089,90,3,1,2,66.7,06bb7d71
ENG-Premier League,2526,2026-01-06 West Ham-Nottingham,Nottingham Forest,Matz Sels,BEL,33-314,90,4,1,3,75.0,e0b5b423
ENG-Premier League,2526,2026-01-06 West Ham-Nottingham,West Ham United,Alphonse Areola,FRA,32-313,90,5,2,3,60.0,e0b5b423
ENG-Premier League,2526,2026-01-07 Bournemouth-Tottenham,Bournemouth,Đorđe Petrović,SRB,26-091,90,4,2,2,50.0,269b2844
ENG-Premier League,2526,2026-01-07 Bournemouth-Tottenham,Tottenham Hotspur,Guglielmo Vicario,ITA,29-092,90,3,3,0,0.0,269b2844
ENG-Premier League,2526,2026-01-07 Brentford-Sunderland,Brentford,Caoimhín Kelleher,IRL,27-045,90,2,0,2,100.0,9c19f0b3
ENG-Premier League,2526,2026-01-07 Brentford-Sunderland,Sunderland,Robin Roefs,NED,22-355,90,6,3,3,50.0,9c19f0b3
ENG-Premier League,2526,2026-01-07 Burnley-Manchester Utd,Burnley,Martin Dúbravka,SVK,36-357,90,8,2,6,75.0,d85506f2
ENG-Premier League,2526,2026-01-07 Burnley-Manchester Utd,Manchester United,Senne Lammens,BEL,23-184,90,2,2,0,0.0,d85506f2
ENG-Premier League,2526,2026-01-07 Crystal Palace-Aston Villa,Aston Villa,Emiliano Martínez,ARG,33-127,45,1,0,1,100.0,f5a77398
ENG-Premier League,2526,2026-01-07 Crystal Palace-Aston Villa,Aston Villa,Marco Bizot,NED,34-303,45,4,0,4,100.0,f5a77398
ENG-Premier League,2526,2026-01-07 Crystal Palace-Aston Villa,Crystal Palace,Dean Henderson,ENG,28-301,90,4,0,3,100.0,f5a77398
ENG-Premier League,2526,2026-01-07 Everton-Wolves,Everton,Jordan Pickford,ENG,31-306,90,4,1,3,75.0,6512ce95
ENG-Premier League,2526,2026-01-07 Everton-Wolves,Wolverhampton Wanderers,José Sá,POR,32-355,90,2,1,1,50.0,6512ce95
ENG-Premier League,2526,2026-01-07 Fulham-Chelsea,Chelsea,Robert Sánchez,ESP,28-050,90,5,2,3,60.0,21522578
ENG-Premier League,2526,2026-01-07 Fulham-Chelsea,Fulham,Bernd Leno,GER,33-309,90,5,1,4,80.0,21522578
ENG-Premier League,2526,2026-01-07 Manchester City-Brighton,Brighton & Hove Albion,Bart Verbruggen,NED,23-142,90,4,1,3,75.0,009bbc59
ENG-Premier League,2526,2026-01-07 Manchester City-Brighton,Manchester City,Gianluigi Donnarumma,ITA,26-316,90,3,1,2,66.7,009bbc59
ENG-Premier League,2526,2026-01-07 Newcastle-Leeds United,Leeds United,Lucas Perri,BRA,28-028,90,7,4,3,42.9,460a6353
ENG-Premier League,2526,2026-01-07 Newcastle-Leeds United,Newcastle United,Nick Pope,ENG,33-263,90,6,3,3,50.0,460a6353
ENG-Premier League,2526,2026-01-08 Arsenal-Liverpool,Arsenal,David Raya,ESP,30-115,90,0,0,0,,2b794de5
ENG-Premier League,2526,2026-01-08 Arsenal-Liverpool,Liverpool,Alisson,BRA,33-098,90,4,0,4,100.0,2b794de5
ENG-Premier League,2526,2026-01-17 Chelsea-Brentford,Brentford,Caoimhín Kelleher,IRL,27-055,90,2,2,0,0.0,ad299900
ENG-Premier League,2526,2026-01-17 Chelsea-Brentford,Chelsea,Robert Sánchez,ESP,28-060,90,6,0,5,100.0,ad299900
ENG-Premier League,2526,2026-01-17 Leeds United-Fulham,Fulham,Bernd Leno,GER,33-319,90,5,1,4,80.0,8179bcb9
ENG-Premier League,2526,2026-01-17 Leeds United-Fulham,Leeds United,Karl Darlow,WAL,35-101,90,1,0,1,100.0,8179bcb9
ENG-Premier League,2526,2026-01-17 Liverpool-Burnley,Burnley,Martin Dúbravka,SVK,37-002,90,9,1,8,88.9,cf2163fd
ENG-Premier League,2526,2026-01-17 Liverpool-Burnley,Liverpool,Alisson,BRA,33-107,90,2,1,1,50.0,cf2163fd
ENG-Premier League,2526,2026-01-17 Manchester Utd-Manchester City,Manchester City,Gianluigi Donnarumma,ITA,26-326,90,7,2,5,71.4,185626e2
ENG-Premier League,2526,2026-01-17 Manchester Utd-Manchester City,Manchester United,Senne Lammens,BEL,23-194,90,1,0,1,100.0,185626e2
ENG-Premier League,2526,2026-01-17 Nottingham-Arsenal,Arsenal,David Raya,ESP,30-124,90,0,0,0,,345215db
ENG-Premier League,2526,2026-01-17 Nottingham-Arsenal,Nottingham Forest,Matz Sels,BEL,33-325,90,3,0,3,100.0,345215db
ENG-Premier League,2526,2026-01-17 Sunderland-Crystal Palace,Crystal Palace,Dean Henderson,ENG,28-311,90,7,2,5,71.4,fd2bfdd0
ENG-Premier League,2526,2026-01-17 Sunderland-Crystal Palace,Sunderland,Robin Roefs,NED,23-000,90,2,1,1,50.0,fd2bfdd0
ENG-Premier League,2526,2026-01-17 Tottenham-West Ham,Tottenham Hotspur,Guglielmo Vicario,ITA,29-102,90,4,2,2,50.0,f320a9c9
ENG-Premier League,2526,2026-01-17 Tottenham-West Ham,West Ham United,Alphonse Areola,FRA,32-324,90,6,1,5,83.3,f320a9c9
ENG-Premier League,2526,2026-01-18 Aston Villa-Everton,Aston Villa,Emiliano Martínez,ARG,33-138,90,3,1,2,66.7,fb95c6a0
ENG-Premier League,2526,2026-01-18 Aston Villa-Everton,Everton,Jordan Pickford,ENG,31-317,90,5,0,5,100.0,fb95c6a0
ENG-Premier League,2526,2026-01-18 Wolves-Newcastle,Newcastle United,Nick Pope,ENG,33-274,90,2,0,2,100.0,318b1da4
ENG-Premier League,2526,2026-01-18 Wolves-Newcastle,Wolverhampton Wanderers,José Sá,POR,33-001,90,2,0,2,100.0,318b1da4
ENG-Premier League,2526,2026-01-19 Brighton-Bournemouth,Bournemouth,Đorđe Petrović,SRB,26-103,90,5,1,4,80.0,f118b5cb
ENG-Premier League,2526,2026-01-19 Brighton-Bournemouth,Brighton & Hove Albion,Bart Verbruggen,NED,23-154,90,2,1,1,50.0,f118b5cb
ENG-Premier League,2526,2026-01-24 Bournemouth-Liverpool,Bournemouth,Đorđe Petrović,SRB,26-108,90,4,2,2,50.0,accb3a02
ENG-Premier League,2526,2026-01-24 Bournemouth-Liverpool,Liverpool,Alisson,BRA,33-114,90,5,3,2,40.0,accb3a02
ENG-Premier League,2526,2026-01-24 Burnley-Tottenham,Burnley,Martin Dúbravka,SVK,37-009,90,11,2,9,81.8,c4255de6
ENG-Premier League,2526,2026-01-24 Burnley-Tottenham,Tottenham Hotspur,Guglielmo Vicario,ITA,29-109,90,4,2,2,50.0,c4255de6
ENG-Premier League,2526,2026-01-24 Fulham-Brighton,Brighton & Hove Albion,Bart Verbruggen,NED,23-159,90,4,2,2,50.0,c6401377
ENG-Premier League,2526,2026-01-24 Fulham-Brighton,Fulham,Bernd Leno,GER,33-326,90,4,1,3,75.0,c6401377
ENG-Premier League,2526,2026-01-24 Manchester City-Wolves,Manchester City,Gianluigi Donnarumma,ITA,26-333,90,1,0,1,100.0,ebde1961
ENG-Premier League,2526,2026-01-24 Manchester City-Wolves,Wolverhampton Wanderers,José Sá,POR,33-007,90,4,2,2,50.0,ebde1961
ENG-Premier League,2526,2026-01-24 West Ham-Sunderland,Sunderland,Robin Roefs,NED,23-007,90,5,3,2,40.0,0032e7a3
ENG-Premier League,2526,2026-01-24 West Ham-Sunderland,West Ham United,Alphonse Areola,FRA,32-331,90,2,1,1,50.0,0032e7a3
ENG-Premier League,2526,2026-01-25 Arsenal-Manchester Utd,Arsenal,David Raya,ESP,30-132,90,3,3,0,0.0,776b0a40
ENG-Premier League,2526,2026-01-25 Arsenal-Manchester Utd,Manchester United,Senne Lammens,BEL,23-202,90,5,2,3,60.0,776b0a40
ENG-Premier League,2526,2026-01-25 Brentford-Nottingham,Brentford,Caoimhín Kelleher,IRL,27-063,90,2,2,0,0.0,6f5cb4ab
ENG-Premier League,2526,2026-01-25 Brentford-Nottingham,Nottingham Forest,Matz Sels,BEL,33-333,90,1,0,1,100.0,6f5cb4ab
ENG-Premier League,2526,2026-01-25 Crystal Palace-Chelsea,Chelsea,Robert Sánchez,ESP,28-068,90,6,1,5,83.3,8aa8dc76
ENG-Premier League,2526,2026-01-25 Crystal Palace-Chelsea,Crystal Palace,Dean Henderson,ENG,28-319,90,5,3,2,40.0,8aa8dc76
ENG-Premier League,2526,2026-01-25 Newcastle-Aston Villa,Aston Villa,Emiliano Martínez,ARG,33-145,90,4,0,4,100.0,fbd2a96b
ENG-Premier League,2526,2026-01-25 Newcastle-Aston Villa,Newcastle United,Nick Pope,ENG,33-281,90,8,2,6,75.0,fbd2a96b
ENG-Premier League,2526,2026-01-26 Everton-Leeds United,Everton,Jordan Pickford,ENG,31-325,90,4,1,3,75.0,2cd65ee9
ENG-Premier League,2526,2026-01-26 Everton-Leeds United,Leeds United,Karl Darlow,WAL,35-110,90,3,1,2,66.7,2cd65ee9
ENG-Premier League,2526,2026-01-31 Brighton-Everton,Brighton & Hove Albion,Bart Verbruggen,NED,23-166,90,4,1,3,75.0,3fccfdc9
ENG-Premier League,2526,2026-01-31 Brighton-Everton,Everton,Jordan Pickford,ENG,31-330,90,2,1,1,50.0,3fccfdc9
ENG-Premier League,2526,2026-01-31 Chelsea-West Ham,Chelsea,Robert Sánchez,ESP,28-074,90,6,2,4,66.7,a2d7d043
ENG-Premier League,2526,2026-01-31 Chelsea-West Ham,West Ham United,Alphonse Areola,FRA,32-338,90,6,3,3,50.0,a2d7d043
ENG-Premier League,2526,2026-01-31 Leeds United-Arsenal,Arsenal,David Raya,ESP,30-138,90,1,0,1,100.0,0b316a86
ENG-Premier League,2526,2026-01-31 Leeds United-Arsenal,Leeds United,Karl Darlow,WAL,35-115,90,8,4,4,50.0,0b316a86
ENG-Premier League,2526,2026-01-31 Liverpool-Newcastle,Liverpool,Alisson,BRA,33-121,90,2,1,1,50.0,753e73e5
ENG-Premier League,2526,2026-01-31 Liverpool-Newcastle,Newcastle United,Nick Pope,ENG,33-287,90,7,4,3,42.9,753e73e5
ENG-Premier League,2526,2026-01-31 Wolves-Bournemouth,Bournemouth,Đorđe Petrović,SRB,26-115,90,7,0,7,100.0,535a977f
ENG-Premier League,2526,2026-01-31 Wolves-Bournemouth,Wolverhampton Wanderers,José Sá,POR,33-014,90,4,2,2,50.0,535a977f
ENG-Premier League,2526,2026-02-01 Aston Villa-Brentford,Aston Villa,Emiliano Martínez,ARG,33-152,90,1,1,0,0.0,291c58ad
ENG-Premier League,2526,2026-02-01 Aston Villa-Brentford,Brentford,Caoimhín Kelleher,IRL,27-070,90,5,0,5,100.0,291c58ad
ENG-Premier League,2526,2026-02-01 Manchester Utd-Fulham,Fulham,Bernd Leno,GER,33-334,90,6,3,3,50.0,d35c00df
ENG-Premier League,2526,2026-02-01 Manchester Utd-Fulham,Manchester United,Senne Lammens,BEL,23-209,90,6,2,4,66.7,d35c00df
ENG-Premier League,2526,2026-02-01 Nottingham-Crystal Palace,Crystal Palace,Dean Henderson,ENG,28-326,90,1,1,0,0.0,a68e5dc6
ENG-Premier League,2526,2026-02-01 Nottingham-Crystal Palace,Nottingham Forest,Angus Gunn,SCO,30-010,45,0,0,0,,a68e5dc6
ENG-Premier League,2526,2026-02-01 Nottingham-Crystal Palace,Nottingham Forest,Matz Sels,BEL,33-340,45,2,1,1,50.0,a68e5dc6
ENG-Premier League,2526,2026-02-01 Tottenham-Manchester City,Manchester City,Gianluigi Donnarumma,ITA,26-341,90,6,2,4,66.7,bf964dbb
ENG-Premier League,2526,2026-02-01 Tottenham-Manchester City,Tottenham Hotspur,Guglielmo Vicario,ITA,29-117,90,3,2,1,33.3,bf964dbb
ENG-Premier League,2526,2026-02-02 Sunderland-Burnley,Burnley,Martin Dúbravka,SVK,37-018,90,6,3,3,50.0,8e2fb73d
ENG-Premier League,2526,2026-02-02 Sunderland-Burnley,Sunderland,Robin Roefs,NED,23-016,90,0,0,0,,8e2fb73d
ENG-Premier League,2526,2026-02-06 Leeds United-Nottingham,Leeds United,Karl Darlow,WAL,35-121,90,6,1,5,83.3,58356b12
ENG-Premier League,2526,2026-02-06 Leeds United-Nottingham,Nottingham Forest,Stefan Ortega,GER,33-092,90,5,3,2,40.0,58356b12
ENG-Premier League,2526,2026-02-07 Arsenal-Sunderland,Arsenal,David Raya,ESP,30-145,90,2,0,2,100.0,686d660a
ENG-Premier League,2526,2026-02-07 Arsenal-Sunderland,Sunderland,Robin Roefs,NED,23-021,90,5,3,2,40.0,686d660a
ENG-Premier League,2526,2026-02-07 Bournemouth-Aston Villa,Aston Villa,Emiliano Martínez,ARG,33-158,90,8,1,7,87.5,d946c716
ENG-Premier League,2526,2026-02-07 Bournemouth-Aston Villa,Bournemouth,Đorđe Petrović,SRB,26-122,90,4,1,3,75.0,d946c716
ENG-Premier League,2526,2026-02-07 Burnley-West Ham,Burnley,Martin Dúbravka,SVK,37-023,90,4,2,2,50.0,80ab7be1
ENG-Premier League,2526,2026-02-07 Burnley-West Ham,West Ham United,Mads Hermansen,DEN,25-211,90,5,0,5,100.0,80ab7be1
ENG-Premier League,2526,2026-02-07 Fulham-Everton,Everton,Jordan Pickford,ENG,31-337,90,4,1,3,75.0,488d99a3
ENG-Premier League,2526,2026-02-07 Fulham-Everton,Fulham,Bernd Leno,GER,33-340,90,4,2,2,50.0,488d99a3
ENG-Premier League,2526,2026-02-07 Manchester Utd-Tottenham,Manchester United,Senne Lammens,BEL,23-215,90,1,0,1,100.0,1de9b261
ENG-Premier League,2526,2026-02-07 Manchester Utd-Tottenham,Tottenham Hotspur,Guglielmo Vicario,ITA,29-123,90,10,2,8,80.0,1de9b261
ENG-Premier League,2526,2026-02-07 Newcastle-Brentford,Brentford,Caoimhín Kelleher,IRL,27-076,90,3,2,1,33.3,c576b069
ENG-Premier League,2526,2026-02-07 Newcastle-Brentford,Newcastle United,Nick Pope,ENG,33-294,90,6,3,3,50.0,c576b069
ENG-Premier League,2526,2026-02-07 Wolves-Chelsea,Chelsea,Robert Sánchez,ESP,28-081,90,3,1,2,66.7,a8e11f0c
ENG-Premier League,2526,2026-02-07 Wolves-Chelsea,Wolverhampton Wanderers,José Sá,POR,33-021,90,6,3,3,50.0,a8e11f0c
ENG-Premier League,2526,2026-02-08 Brighton-Crystal Palace,Brighton & Hove Albion,Bart Verbruggen,NED,23-174,90,4,1,3,75.0,d16c9a31
ENG-Premier League,2526,2026-02-08 Brighton-Crystal Palace,Crystal Palace,Dean Henderson,ENG,28-333,90,2,0,2,100.0,d16c9a31
ENG-Premier League,2526,2026-02-08 Liverpool-Manchester City,Liverpool,Alisson,BRA,33-129,90,7,2,5,71.4,7fa414c3
ENG-Premier League,2526,2026-02-08 Liverpool-Manchester City,Manchester City,Gianluigi Donnarumma,ITA,26-348,90,4,1,3,75.0,7fa414c3
ENG-Premier League,2526,2026-02-10 Chelsea-Leeds United,Chelsea,Robert Sánchez,ESP,28-084,90,2,2,0,0.0,c2e2594b
ENG-Premier League,2526,2026-02-10 Chelsea-Leeds United,Leeds United,Karl Darlow,WAL,35-125,90,4,2,2,50.0,c2e2594b
ENG-Premier League,2526,2026-02-10 Everton-Bournemouth,Bournemouth,Đorđe Petrović,SRB,26-125,90,6,1,5,83.3,5edb7f11
ENG-Premier League,2526,2026-02-10 Everton-Bournemouth,Everton,Jordan Pickford,ENG,31-340,90,4,2,2,50.0,5edb7f11
ENG-Premier League,2526,2026-02-10 Tottenham-Newcastle,Newcastle United,Nick Pope,ENG,33-297,90,2,1,1,50.0,bacd18c5
ENG-Premier League,2526,2026-02-10 Tottenham-Newcastle,Tottenham Hotspur,Guglielmo Vicario,ITA,29-126,90,5,2,3,60.0,bacd18c5
ENG-Premier League,2526,2026-02-10 West Ham-Manchester Utd,Manchester United,Senne Lammens,BEL,23-218,90,3,1,2,66.7,1c8e3956
ENG-Premier League,2526,2026-02-10 West Ham-Manchester Utd,West Ham United,Mads Hermansen,DEN,25-214,90,2,1,1,50.0,1c8e3956
ENG-Premier League,2526,2026-02-11 Aston Villa-Brighton,Aston Villa,Emiliano Martínez,ARG,33-162,90,3,0,3,100.0,0e41702d
ENG-Premier League,2526,2026-02-11 Aston Villa-Brighton,Brighton & Hove Albion,Bart Verbruggen,NED,23-177,90,3,1,1,66.7,0e41702d
ENG-Premier League,2526,2026-02-11 Crystal Palace-Burnley,Burnley,Martin Dúbravka,SVK,37-027,90,3,2,1,33.3,2d7aef82
ENG-Premier League,2526,2026-02-11 Crystal Palace-Burnley,Crystal Palace,Dean Henderson,ENG,28-336,90,4,3,1,25.0,2d7aef82
ENG-Premier League,2526,2026-02-11 Manchester City-Fulham,Fulham,Bernd Leno,GER,33-344,90,5,3,2,40.0,d1da1b85
ENG-Premier League,2526,2026-02-11 Manchester City-Fulham,Manchester City,Gianluigi Donnarumma,ITA,26-351,90,3,0,3,100.0,d1da1b85
ENG-Premier League,2526,2026-02-11 Nottingham-Wolves,Nottingham Forest,Stefan Ortega,GER,33-097,90,3,0,3,100.0,aecf5052
ENG-Premier League,2526,2026-02-11 Nottingham-Wolves,Wolverhampton Wanderers,José Sá,POR,33-025,90,10,0,10,100.0,aecf5052
ENG-Premier League,2526,2026-02-11 Sunderland-Liverpool,Liverpool,Alisson,BRA,33-132,90,2,0,2,100.0,854a0e6b
ENG-Premier League,2526,2026-02-11 Sunderland-Liverpool,Sunderland,Robin Roefs,NED,23-025,90,3,1,2,66.7,854a0e6b
ENG-Premier League,2526,2026-02-12 Brentford-Arsenal,Arsenal,David Raya,ESP,30-150,90,3,1,2,66.7,33167c49
ENG-Premier League,2526,2026-02-12 Brentford-Arsenal,Brentford,Caoimhín Kelleher,IRL,27-081,90,2,1,1,50.0,33167c49
ENG-Premier League,2526,2026-02-18 Wolves-Arsenal,Arsenal,David Raya,ESP,30-156,90,2,2,0,0.0,96241478
ENG-Premier League,2526,2026-02-18 Wolves-Arsenal,Wolverhampton Wanderers,José Sá,POR,33-032,90,4,2,2,50.0,96241478
ENG-Premier League,2526,2026-02-21 Aston Villa-Leeds United,Aston Villa,Emiliano Martínez,ARG,33-172,90,4,1,3,75.0,be7eca24
ENG-Premier League,2526,2026-02-21 Aston Villa-Leeds United,Leeds United,Karl Darlow,WAL,35-136,90,4,1,3,75.0,be7eca24
ENG-Premier League,2526,2026-02-21 Brentford-Brighton,Brentford,Caoimhín Kelleher,IRL,27-090,90,7,2,5,71.4,fefcfa2d
ENG-Premier League,2526,2026-02-21 Brentford-Brighton,Brighton & Hove Albion,Bart Verbruggen,NED,23-187,90,4,0,3,100.0,fefcfa2d
ENG-Premier League,2526,2026-02-21 Chelsea-Burnley,Burnley,Martin Dúbravka,SVK,37-037,90,2,1,1,50.0,27fb98e5
ENG-Premier League,2526,2026-02-21 Chelsea-Burnley,Chelsea,Robert Sánchez,ESP,28-095,90,4,1,3,75.0,27fb98e5
ENG-Premier League,2526,2026-02-21 Manchester City-Newcastle,Manchester City,Gianluigi Donnarumma,ITA,26-361,90,7,1,6,85.7,dfba2599
ENG-Premier League,2526,2026-02-21 Manchester City-Newcastle,Newcastle United,Nick Pope,ENG,33-308,90,7,2,5,71.4,dfba2599
ENG-Premier League,2526,2026-02-21 West Ham-Bournemouth,Bournemouth,Đorđe Petrović,SRB,26-136,90,3,0,3,100.0,cd5c0387
ENG-Premier League,2526,2026-02-21 West Ham-Bournemouth,West Ham United,Mads Hermansen,DEN,25-225,90,5,0,5,100.0,cd5c0387
ENG-Premier League,2526,2026-02-22 Crystal Palace-Wolves,Crystal Palace,Dean Henderson,ENG,28-347,90,6,0,6,100.0,224feca9
ENG-Premier League,2526,2026-02-22 Crystal Palace-Wolves,Wolverhampton Wanderers,José Sá,POR,33-036,90,3,1,2,66.7,224feca9
ENG-Premier League,2526,2026-02-22 Nottingham-Liverpool,Liverpool,Alisson,BRA,33-143,90,2,0,2,100.0,6f6574df
ENG-Premier League,2526,2026-02-22 Nottingham-Liverpool,Nottingham Forest,Stefan Ortega,GER,33-108,90,4,1,3,75.0,6f6574df
ENG-Premier League,2526,2026-02-22 Sunderland-Fulham,Fulham,Bernd Leno,GER,33-355,90,2,1,1,50.0,22326a55
ENG-Premier League,2526,2026-02-22 Sunderland-Fulham,Sunderland,Robin Roefs,NED,23-036,90,4,3,1,25.0,22326a55
ENG-Premier League,2526,2026-02-22 Tottenham-Arsenal,Arsenal,David Raya,ESP,30-160,90,5,1,4,80.0,d8c5bce1
ENG-Premier League,2526,2026-02-22 Tottenham-Arsenal,Tottenham Hotspur,Guglielmo Vicario,ITA,29-138,90,6,4,2,33.3,d8c5bce1
ENG-Premier League,2526,2026-02-23 Everton-Manchester Utd,Everton,Jordan Pickford,ENG,31-353,90,2,1,1,50.0,11883630
ENG-Premier League,2526,2026-02-23 Everton-Manchester Utd,Manchester United,Senne Lammens,BEL,23-231,90,4,0,4,100.0,11883630
ENG-Premier League,2526,2026-02-27 Wolves-Aston Villa,Aston Villa,Emiliano Martínez,ARG,33-178,90,2,2,0,0.0,0061259a
ENG-Premier League,2526,2026-02-27 Wolves-Aston Villa,Wolverhampton Wanderers,José Sá,POR,33-041,90,4,0,4,100.0,0061259a
ENG-Premier League,2526,2026-02-28 Bournemouth-Sunderland,Bournemouth,Đorđe Petrović,SRB,26-143,90,4,1,3,75.0,ddcde425
ENG-Premier League,2526,2026-02-28 Bournemouth-Sunderland,Sunderland,Robin Roefs,NED,23-042,90,5,1,4,80.0,ddcde425
ENG-Premier League,2526,2026-02-28 Burnley-Brentford,Brentford,Hákon Valdimarsson,ISL,24-138,90,4,3,1,25.0,f8fc799f
ENG-Premier League,2526,2026-02-28 Burnley-Brentford,Burnley,Martin Dúbravka,SVK,37-044,90,6,4,2,33.3,f8fc799f
ENG-Premier League,2526,2026-02-28 Leeds United-Manchester City,Leeds United,Karl Darlow,WAL,35-143,90,5,1,4,80.0,baf5cbeb
ENG-Premier League,2526,2026-02-28 Leeds United-Manchester City,Manchester City,Gianluigi Donnarumma,ITA,27-003,90,2,0,2,100.0,baf5cbeb
ENG-Premier League,2526,2026-02-28 Liverpool-West Ham,Liverpool,Alisson,BRA,33-149,90,5,2,3,60.0,7457ff50
ENG-Premier League,2526,2026-02-28 Liverpool-West Ham,West Ham United,Mads Hermansen,DEN,25-232,90,7,5,2,28.6,7457ff50
ENG-Premier League,2526,2026-02-28 Newcastle-Everton,Everton,Jordan Pickford,ENG,31-358,90,6,2,4,66.7,d29535da
ENG-Premier League,2526,2026-02-28 Newcastle-Everton,Newcastle United,Nick Pope,ENG,33-315,90,5,3,2,40.0,d29535da
ENG-Premier League,2526,2026-03-01 Arsenal-Chelsea,Arsenal,David Raya,ESP,30-167,90,5,1,3,80.0,afbe13a4
ENG-Premier League,2526,2026-03-01 Arsenal-Chelsea,Chelsea,Robert Sánchez,ESP,28-103,90,5,2,3,60.0,afbe13a4
ENG-Premier League,2526,2026-03-01 Brighton-Nottingham,Brighton & Hove Albion,Bart Verbruggen,NED,23-195,90,4,1,3,75.0,061afa51
ENG-Premier League,2526,2026-03-01 Brighton-Nottingham,Nottingham Forest,Matz Sels,BEL,34-003,90,7,2,5,71.4,061afa51
ENG-Premier League,2526,2026-03-01 Fulham-Tottenham,Fulham,Bernd Leno,GER,33-362,90,1,1,0,0.0,574b356f
ENG-Premier League,2526,2026-03-01 Fulham-Tottenham,Tottenham Hotspur,Guglielmo Vicario,ITA,29-145,90,4,2,2,50.0,574b356f
ENG-Premier League,2526,2026-03-01 Manchester Utd-Crystal Palace,Crystal Palace,Dean Henderson,ENG,28-354,90,11,2,9,81.8,0dc41c01
ENG-Premier League,2526,2026-03-01 Manchester Utd-Crystal Palace,Manchester United,Senne Lammens,BEL,23-237,90,3,1,2,66.7,0dc41c01
ENG-Premier League,2526,2026-03-03 Bournemouth-Brentford,Bournemouth,Đorđe Petrović,SRB,26-146,90,2,0,2,100.0,86786c01
ENG-Premier League,2526,2026-03-03 Bournemouth-Brentford,Brentford,Caoimhín Kelleher,IRL,27-100,90,2,0,2,100.0,86786c01
ENG-Premier League,2526,2026-03-03 Everton-Burnley,Burnley,Martin Dúbravka,SVK,37-047,90,5,2,3,60.0,4907f8ee
ENG-Premier League,2526,2026-03-03 Everton-Burnley,Everton,Jordan Pickford,ENG,31-361,90,2,0,2,100.0,4907f8ee
ENG-Premier League,2526,2026-03-03 Leeds United-Sunderland,Leeds United,Karl Darlow,WAL,35-146,90,1,1,0,0.0,aebc568f
ENG-Premier League,2526,2026-03-03 Leeds United-Sunderland,Sunderland,Melker Ellborg,SWE,22-285,90,4,0,4,100.0,aebc568f
ENG-Premier League,2526,2026-03-03 Wolves-Liverpool,Liverpool,Alisson,BRA,33-152,90,3,2,1,33.3,79e52ce5
ENG-Premier League,2526,2026-03-03 Wolves-Liverpool,Wolverhampton Wanderers,José Sá,POR,33-045,90,6,1,5,83.3,79e52ce5
ENG-Premier League,2526,2026-03-04 Aston Villa-Chelsea,Aston Villa,Emiliano Martínez,ARG,33-183,90,8,4,4,50.0,2f844910
ENG-Premier League,2526,2026-03-04 Aston Villa-Chelsea,Chelsea,Filip Jørgensen,DEN,23-322,90,4,1,3,75.0,2f844910
ENG-Premier League,2526,2026-03-04 Brighton-Arsenal,Arsenal,David Raya,ESP,30-170,90,2,0,2,100.0,7710fcb8
ENG-Premier League,2526,2026-03-04 Brighton-Arsenal,Brighton & Hove Albion,Bart Verbruggen,NED,23-198,90,2,1,1,50.0,7710fcb8
ENG-Premier League,2526,2026-03-04 Fulham-West Ham,Fulham,Bernd Leno,GER,34-000,90,4,1,3,75.0,a13b6a4b
ENG-Premier League,2526,2026-03-04 Fulham-West Ham,West Ham United,Mads Hermansen,DEN,25-236,90,5,0,5,100.0,a13b6a4b
ENG-Premier League,2526,2026-03-04 Manchester City-Nottingham,Manchester City,Gianluigi Donnarumma,ITA,27-007,90,4,2,2,50.0,bbad5618
ENG-Premier League,2526,2026-03-04 Manchester City-Nottingham,Nottingham Forest,Matz Sels,BEL,34-006,90,5,2,3,60.0,bbad5618
ENG-Premier League,2526,2026-03-04 Newcastle-Manchester Utd,Manchester United,Senne Lammens,BEL,23-240,90,5,2,3,60.0,ef9a5f6d
ENG-Premier League,2526,2026-03-04 Newcastle-Manchester Utd,Newcastle United,Aaron Ramsdale,ENG,27-294,90,5,1,4,80.0,ef9a5f6d
ENG-Premier League,2526,2026-03-05 Tottenham-Crystal Palace,Crystal Palace,Dean Henderson,ENG,28-358,90,4,1,3,75.0,f4ad79f6
ENG-Premier League,2526,2026-03-05 Tottenham-Crystal Palace,Tottenham Hotspur,Guglielmo Vicario,ITA,29-149,90,4,3,1,25.0,f4ad79f6
ENG-Premier League,2526,2026-03-14 Arsenal-Everton,Arsenal,David Raya,ESP,30-180,90,3,0,3,100.0,07b4b588
ENG-Premier League,2526,2026-03-14 Arsenal-Everton,Everton,Jordan Pickford,ENG,32-007,90,6,2,4,66.7,07b4b588
ENG-Premier League,2526,2026-03-14 Burnley-Bournemouth,Bournemouth,Đorđe Petrović,SRB,26-157,90,2,0,2,100.0,2e682c02
ENG-Premier League,2526,2026-03-14 Burnley-Bournemouth,Burnley,Martin Dúbravka,SVK,37-058,90,2,0,2,100.0,2e682c02
ENG-Premier League,2526,2026-03-14 Chelsea-Newcastle,Chelsea,Robert Sánchez,ESP,28-116,90,5,1,4,80.0,b0544110
ENG-Premier League,2526,2026-03-14 Chelsea-Newcastle,Newcastle United,Aaron Ramsdale,ENG,27-304,90,3,0,3,100.0,b0544110
ENG-Premier League,2526,2026-03-14 Sunderland-Brighton,Brighton & Hove Albion,Bart Verbruggen,NED,23-208,90,3,0,3,100.0,8c18f2a7
ENG-Premier League,2526,2026-03-14 Sunderland-Brighton,Sunderland,Melker Ellborg,SWE,22-296,90,4,1,3,75.0,8c18f2a7
ENG-Premier League,2526,2026-03-14 West Ham-Manchester City,Manchester City,Gianluigi Donnarumma,ITA,27-017,90,1,1,0,0.0,d18bda53
ENG-Premier League,2526,2026-03-14 West Ham-Manchester City,West Ham United,Mads Hermansen,DEN,25-246,90,6,1,5,83.3,d18bda53
ENG-Premier League,2526,2026-03-15 Crystal Palace-Leeds United,Crystal Palace,Walter Benítez,ARG,33-055,90,3,0,3,100.0,82c4b5d5
ENG-Premier League,2526,2026-03-15 Crystal Palace-Leeds United,Leeds United,Karl Darlow,WAL,35-158,90,0,0,0,,82c4b5d5
ENG-Premier League,2526,2026-03-15 Liverpool-Tottenham,Liverpool,Alisson,BRA,33-164,90,7,1,6,85.7,6126fdae
ENG-Premier League,2526,2026-03-15 Liverpool-Tottenham,Tottenham Hotspur,Guglielmo Vicario,ITA,29-159,90,4,1,3,75.0,6126fdae
ENG-Premier League,2526,2026-03-15 Manchester Utd-Aston Villa,Aston Villa,Emiliano Martínez,ARG,33-194,90,6,3,3,50.0,3eb865bb
ENG-Premier League,2526,2026-03-15 Manchester Utd-Aston Villa,Manchester United,Senne Lammens,BEL,23-251,90,2,1,1,50.0,3eb865bb
ENG-Premier League,2526,2026-03-15 Nottingham-Fulham,Fulham,Bernd Leno,GER,34-011,90,2,0,2,100.0,46ba2256
ENG-Premier League,2526,2026-03-15 Nottingham-Fulham,Nottingham Forest,Matz Sels,BEL,34-017,90,0,0,0,,46ba2256
ENG-Premier League,2526,2026-03-16 Brentford-Wolves,Brentford,Caoimhín Kelleher,IRL,27-113,90,4,2,2,50.0,f206e250
ENG-Premier League,2526,2026-03-16 Brentford-Wolves,Wolverhampton Wanderers,José Sá,POR,33-058,90,3,2,1,33.3,f206e250
ENG-Premier League,2526,2026-03-20 Bournemouth-Manchester Utd,Bournemouth,Đorđe Petrović,SRB,26-163,90,6,2,4,66.7,92da9022
ENG-Premier League,2526,2026-03-20 Bournemouth-Manchester Utd,Manchester United,Senne Lammens,BEL,23-256,90,5,2,3,60.0,92da9022
ENG-Premier League,2526,2026-03-21 Brighton-Liverpool,Brighton & Hove Albion,Bart Verbruggen,NED,23-215,90,5,1,4,80.0,74a9797c
ENG-Premier League,2526,2026-03-21 Brighton-Liverpool,Liverpool,Giorgi Mamardashvili,GEO,25-173,90,6,2,4,66.7,74a9797c
ENG-Premier League,2526,2026-03-21 Everton-Chelsea,Chelsea,Robert Sánchez,ESP,28-123,90,8,3,5,62.5,224ff314
ENG-Premier League,2526,2026-03-21 Everton-Chelsea,Everton,Jordan Pickford,ENG,32-014,90,4,0,4,100.0,224ff314
ENG-Premier League,2526,2026-03-21 Fulham-Burnley,Burnley,Martin Dúbravka,SVK,37-065,90,6,3,3,50.0,2daef12e
ENG-Premier League,2526,2026-03-21 Fulham-Burnley,Fulham,Bernd Leno,GER,34-017,90,5,1,4,80.0,2daef12e
ENG-Premier League,2526,2026-03-21 Leeds United-Brentford,Brentford,Caoimhín Kelleher,IRL,27-118,90,4,0,4,100.0,fbe78f2d
ENG-Premier League,2526,2026-03-21 Leeds United-Brentford,Leeds United,Karl Darlow,WAL,35-164,90,2,0,2,100.0,fbe78f2d
ENG-Premier League,2526,2026-03-22 Aston Villa-West Ham,Aston Villa,Emiliano Martínez,ARG,33-201,90,1,0,1,100.0,3d4d50ca
ENG-Premier League,2526,2026-03-22 Aston Villa-West Ham,West Ham United,Mads Hermansen,DEN,25-254,90,6,2,4,66.7,3d4d50ca
ENG-Premier League,2526,2026-03-22 Newcastle-Sunderland,Newcastle United,Aaron Ramsdale,ENG,27-312,90,6,2,4,66.7,91a43688
ENG-Premier League,2526,2026-03-22 Newcastle-Sunderland,Sunderland,Melker Ellborg,SWE,22-304,90,4,1,3,75.0,91a43688
ENG-Premier League,2526,2026-03-22 Tottenham-Nottingham,Nottingham Forest,Matz Sels,BEL,34-024,90,3,0,3,100.0,99b853a8
ENG-Premier League,2526,2026-03-22 Tottenham-Nottingham,Tottenham Hotspur,Guglielmo Vicario,ITA,29-166,90,7,3,4,57.1,99b853a8
ENG-Premier League,2526,2026-04-10 West Ham-Wolves,West Ham United,Mads Hermansen,DEN,25-273,90,4,0,3,100.0,91b6a5b2
ENG-Premier League,2526,2026-04-10 West Ham-Wolves,Wolverhampton Wanderers,José Sá,POR,33-083,90,7,4,3,42.9,91b6a5b2
ENG-Premier League,2526,2026-04-11 Arsenal-Bournemouth,Arsenal,David Raya,ESP,30-208,90,3,2,1,33.3,38b3efe9
ENG-Premier League,2526,2026-04-11 Arsenal-Bournemouth,Bournemouth,Đorđe Petrović,SRB,26-185,90,3,1,2,66.7,38b3efe9
ENG-Premier League,2526,2026-04-11 Brentford-Everton,Brentford,Caoimhín Kelleher,IRL,27-139,90,6,2,4,66.7,4ad6111d
ENG-Premier League,2526,2026-04-11 Brentford-Everton,Everton,Jordan Pickford,ENG,32-035,90,4,2,2,50.0,4ad6111d
ENG-Premier League,2526,2026-04-11 Burnley-Brighton,Brighton & Hove Albion,Bart Verbruggen,NED,23-236,90,4,0,4,100.0,8a4e78e0
ENG-Premier League,2526,2026-04-11 Burnley-Brighton,Burnley,Martin Dúbravka,SVK,37-086,90,5,2,3,60.0,8a4e78e0
ENG-Premier League,2526,2026-04-11 Liverpool-Fulham,Fulham,Bernd Leno,GER,34-038,90,5,2,3,60.0,49d03039
ENG-Premier League,2526,2026-04-11 Liverpool-Fulham,Liverpool,Giorgi Mamardashvili,GEO,25-194,90,4,0,4,100.0,49d03039
ENG-Premier League,2526,2026-04-12 Chelsea-Manchester City,Chelsea,Robert Sánchez,ESP,28-145,90,8,3,5,62.5,5b6c0657
ENG-Premier League,2526,2026-04-12 Chelsea-Manchester City,Manchester City,Gianluigi Donnarumma,ITA,27-046,90,3,0,3,100.0,5b6c0657
ENG-Premier League,2526,2026-04-12 Crystal Palace-Newcastle,Crystal Palace,Dean Henderson,ENG,29-031,90,3,1,2,66.7,1fd7d0d8
ENG-Premier League,2526,2026-04-12 Crystal Palace-Newcastle,Newcastle United,Aaron Ramsdale,ENG,27-333,90,5,2,3,60.0,1fd7d0d8
ENG-Premier League,2526,2026-04-12 Nottingham-Aston Villa,Aston Villa,Marco Bizot,NED,35-033,90,5,1,4,80.0,f2dc47b8
ENG-Premier League,2526,2026-04-12 Nottingham-Aston Villa,Nottingham Forest,Matz Sels,BEL,34-045,90,6,1,5,83.3,f2dc47b8
ENG-Premier League,2526,2026-04-12 Sunderland-Tottenham,Sunderland,Robin Roefs,NED,23-085,90,7,0,7,100.0,b15e7296
ENG-Premier League,2526,2026-04-12 Sunderland-Tottenham,Tottenham Hotspur,Antonín Kinský,CZE,23-030,90,2,1,1,50.0,b15e7296
ENG-Premier League,2526,2026-04-13 Manchester Utd-Leeds United,Leeds United,Karl Darlow,WAL,35-187,90,7,1,6,85.7,857d7924
ENG-Premier League,2526,2026-04-13 Manchester Utd-Leeds United,Manchester United,Senne Lammens,BEL,23-280,90,5,2,3,60.0,857d7924
ENG-Premier League,2526,2026-04-18 Brentford-Fulham,Brentford,Caoimhín Kelleher,IRL,27-146,90,0,0,0,,ffa0f139
ENG-Premier League,2526,2026-04-18 Brentford-Fulham,Fulham,Bernd Leno,GER,34-045,90,4,0,4,100.0,ffa0f139
ENG-Premier League,2526,2026-04-18 Chelsea-Manchester Utd,Chelsea,Robert Sánchez,ESP,28-151,90,2,1,1,50.0,6053da7e
ENG-Premier League,2526,2026-04-18 Chelsea-Manchester Utd,Manchester United,Senne Lammens,BEL,23-285,90,3,0,3,100.0,6053da7e
ENG-Premier League,2526,2026-04-18 Leeds United-Wolves,Leeds United,Karl Darlow,WAL,35-192,90,1,0,1,100.0,f039597c
ENG-Premier League,2526,2026-04-18 Leeds United-Wolves,Wolverhampton Wanderers,Daniel Bentley,ENG,32-279,90,6,3,3,50.0,f039597c
ENG-Premier League,2526,2026-04-18 Newcastle-Bournemouth,Bournemouth,Đorđe Petrović,SRB,26-192,90,3,1,2,66.7,9a65e248
ENG-Premier League,2526,2026-04-18 Newcastle-Bournemouth,Newcastle United,Aaron Ramsdale,ENG,27-339,90,3,2,1,33.3,9a65e248
ENG-Premier League,2526,2026-04-18 Tottenham-Brighton,Brighton & Hove Albion,Bart Verbruggen,NED,23-243,90,6,2,4,66.7,4ac6e328
ENG-Premier League,2526,2026-04-18 Tottenham-Brighton,Tottenham Hotspur,Antonín Kinský,CZE,23-036,90,3,2,1,33.3,4ac6e328
ENG-Premier League,2526,2026-04-19 Aston Villa-Sunderland,Aston Villa,Emiliano Martínez,ARG,33-229,90,7,3,4,57.1,c874d7e6
ENG-Premier League,2526,2026-04-19 Aston Villa-Sunderland,Sunderland,Robin Roefs,NED,23-092,90,7,4,3,42.9,c874d7e6
ENG-Premier League,2526,2026-04-19 Everton-Liverpool,Everton,Jordan Pickford,ENG,32-043,90,5,2,3,60.0,02dbe729
ENG-Premier League,2526,2026-04-19 Everton-Liverpool,Liverpool,Freddie Woodman,ENG,29-046,33,1,0,1,100.0,02dbe729
ENG-Premier League,2526,2026-04-19 Everton-Liverpool,Liverpool,Giorgi Mamardashvili,GEO,25-202,57,3,1,2,66.7,02dbe729
ENG-Premier League,2526,2026-04-19 Manchester City-Arsenal,Arsenal,David Raya,ESP,30-216,90,4,2,2,50.0,7e3c19a1
ENG-Premier League,2526,2026-04-19 Manchester City-Arsenal,Manchester City,Gianluigi Donnarumma,ITA,27-053,90,2,1,1,50.0,7e3c19a1
ENG-Premier League,2526,2026-04-19 Nottingham-Burnley,Burnley,Martin Dúbravka,SVK,37-094,90,4,4,,0.0,756bc106
ENG-Premier League,2526,2026-04-19 Nottingham-Burnley,Nottingham Forest,Matz Sels,BEL,34-052,90,3,1,2,66.7,756bc106
ENG-Premier League,2526,2026-04-20 Crystal Palace-West Ham,Crystal Palace,Dean Henderson,ENG,29-039,90,3,0,3,100.0,1b93b08a
ENG-Premier League,2526,2026-04-20 Crystal Palace-West Ham,West Ham United,Mads Hermansen,DEN,25-283,90,1,0,1,100.0,1b93b08a
ENG-Premier League,2526,2026-04-21 Brighton-Chelsea,Brighton & Hove Albion,Bart Verbruggen,NED,23-246,90,0,0,0,,98622df4
ENG-Premier League,2526,2026-04-21 Brighton-Chelsea,Chelsea,Robert Sánchez,ESP,28-154,90,7,3,4,57.1,98622df4
ENG-Premier League,2526,2026-04-22 Bournemouth-Leeds United,Bournemouth,Đorđe Petrović,SRB,26-196,90,4,2,2,50.0,5ca5500a
ENG-Premier League,2526,2026-04-22 Bournemouth-Leeds United,Leeds United,Karl Darlow,WAL,35-196,90,7,2,5,71.4,5ca5500a
ENG-Premier League,2526,2026-04-22 Burnley-Manchester City,Burnley,Martin Dúbravka,SVK,37-097,90,9,1,8,88.9,d4c039e0
ENG-Premier League,2526,2026-04-22 Burnley-Manchester City,Manchester City,Gianluigi Donnarumma,ITA,27-056,90,1,0,1,100.0,d4c039e0
ENG-Premier League,2526,2026-04-24 Sunderland-Nottingham,Nottingham Forest,Matz Sels,BEL,34-057,90,4,0,4,100.0,1b9afc4b
ENG-Premier League,2526,2026-04-24 Sunderland-Nottingham,Sunderland,Robin Roefs,NED,23-097,90,7,5,2,28.6,1b9afc4b
ENG-Premier League,2526,2026-04-25 Arsenal-Newcastle,Arsenal,David Raya,ESP,30-222,90,3,0,3,100.0,aaff013b
ENG-Premier League,2526,2026-04-25 Arsenal-Newcastle,Newcastle United,Nick Pope,ENG,34-006,90,4,1,3,75.0,aaff013b
ENG-Premier League,2526,2026-04-25 Fulham-Aston Villa,Aston Villa,Emiliano Martínez,ARG,33-235,90,6,1,5,83.3,e38ffa68
ENG-Premier League,2526,2026-04-25 Fulham-Aston Villa,Fulham,Bernd Leno,GER,34-052,90,1,0,1,100.0,e38ffa68
ENG-Premier League,2526,2026-04-25 Liverpool-Crystal Palace,Crystal Palace,Dean Henderson,ENG,29-044,90,3,3,0,0.0,2ffa2be0
ENG-Premier League,2526,2026-04-25 Liverpool-Crystal Palace,Liverpool,Freddie Woodman,ENG,29-052,90,6,1,5,83.3,2ffa2be0
ENG-Premier League,2526,2026-04-25 West Ham-Everton,Everton,Jordan Pickford,ENG,32-049,90,3,2,1,33.3,a0cc665c
ENG-Premier League,2526,2026-04-25 West Ham-Everton,West Ham United,Mads Hermansen,DEN,25-288,90,2,1,1,50.0,a0cc665c
ENG-Premier League,2526,2026-04-25 Wolves-Tottenham,Tottenham Hotspur,Antonín Kinský,CZE,23-043,90,2,0,2,100.0,3b97170d
ENG-Premier League,2526,2026-04-25 Wolves-Tottenham,Wolverhampton Wanderers,José Sá,POR,33-098,90,2,1,1,50.0,3b97170d
ENG-Premier League,2526,2026-04-27 Manchester Utd-Brentford,Brentford,Caoimhín Kelleher,IRL,27-155,90,5,2,3,60.0,d90d2b6c
ENG-Premier League,2526,2026-04-27 Manchester Utd-Brentford,Manchester United,Senne Lammens,BEL,23-294,90,6,1,4,83.3,d90d2b6c
ENG-Premier League,2526,2026-05-01 Leeds United-Burnley,Burnley,Martin Dúbravka,SVK,37-106,90,8,3,5,62.5,a951ce95
ENG-Premier League,2526,2026-05-01 Leeds United-Burnley,Leeds United,Karl Darlow,WAL,35-205,90,3,1,2,66.7,a951ce95
ENG-Premier League,2526,2026-05-02 Arsenal-Fulham,Arsenal,David Raya,ESP,30-229,90,1,0,1,100.0,136b19eb
ENG-Premier League,2526,2026-05-02 Arsenal-Fulham,Fulham,Bernd Leno,GER,34-059,90,9,3,6,66.7,136b19eb
ENG-Premier League,2526,2026-05-02 Brentford-West Ham,Brentford,Caoimhín Kelleher,IRL,27-160,90,4,0,4,100.0,637d95da
ENG-Premier League,2526,2026-05-02 Brentford-West Ham,West Ham United,Mads Hermansen,DEN,25-295,90,7,3,4,57.1,637d95da
ENG-Premier League,2526,2026-05-02 Newcastle-Brighton,Brighton & Hove Albion,Bart Verbruggen,NED,23-257,90,7,3,4,57.1,c569f7f7
ENG-Premier League,2526,2026-05-02 Newcastle-Brighton,Newcastle United,Nick Pope,ENG,34-013,90,4,1,3,75.0,c569f7f7
ENG-Premier League,2526,2026-05-02 Wolves-Sunderland,Sunderland,Robin Roefs,NED,23-105,90,7,1,6,85.7,d6666d63
ENG-Premier League,2526,2026-05-02 Wolves-Sunderland,Wolverhampton Wanderers,Daniel Bentley,ENG,32-293,90,2,1,1,50.0,d6666d63
ENG-Premier League,2526,2026-05-03 Aston Villa-Tottenham,Aston Villa,Emiliano Martínez,ARG,33-243,90,5,2,3,60.0,1e039e05
ENG-Premier League,2526,2026-05-03 Aston Villa-Tottenham,Tottenham Hotspur,Antonín Kinský,CZE,23-051,90,1,1,0,0.0,1e039e05
ENG-Premier League,2526,2026-05-03 Bournemouth-Crystal Palace,Bournemouth,Đorđe Petrović,SRB,26-207,90,1,0,1,100.0,d7832ab6
ENG-Premier League,2526,2026-05-03 Bournemouth-Crystal Palace,Crystal Palace,Dean Henderson,ENG,29-052,90,6,3,3,50.0,d7832ab6
ENG-Premier League,2526,2026-05-03 Manchester Utd-Liverpool,Liverpool,Freddie Woodman,ENG,29-060,90,6,3,3,50.0,a9037198
ENG-Premier League,2526,2026-05-03 Manchester Utd-Liverpool,Manchester United,Senne Lammens,BEL,23-300,90,5,2,3,60.0,a9037198
ENG-Premier League,2526,2026-05-04 Chelsea-Nottingham,Chelsea,Filip Jørgensen,DEN,24-018,25,0,0,0,,59f26cd9
ENG-Premier League,2526,2026-05-04 Chelsea-Nottingham,Chelsea,Robert Sánchez,ESP,28-167,65,4,3,1,25.0,59f26cd9
ENG-Premier League,2526,2026-05-04 Chelsea-Nottingham,Nottingham Forest,Matz Sels,BEL,34-067,90,4,1,3,75.0,59f26cd9
ENG-Premier League,2526,2026-05-04 Everton-Manchester City,Everton,Jordan Pickford,ENG,32-058,90,4,3,1,25.0,2446cca5
ENG-Premier League,2526,2026-05-04 Everton-Manchester City,Manchester City,Gianluigi Donnarumma,ITA,27-068,90,6,3,3,50.0,2446cca5
ENG-Premier League,2526,2026-05-09 Brighton-Wolves,Brighton & Hove Albion,Bart Verbruggen,NED,23-264,90,1,0,1,100.0,b77bb459
ENG-Premier League,2526,2026-05-09 Brighton-Wolves,Wolverhampton Wanderers,Daniel Bentley,ENG,32-300,90,6,3,3,50.0,b77bb459
ENG-Premier League,2526,2026-05-09 Fulham-Bournemouth,Bournemouth,Đorđe Petrović,SRB,26-213,90,2,0,2,100.0,89538ca1
ENG-Premier League,2526,2026-05-09 Fulham-Bournemouth,Fulham,Bernd Leno,GER,34-066,90,4,1,3,75.0,89538ca1
ENG-Premier League,2526,2026-05-09 Liverpool-Chelsea,Chelsea,Filip Jørgensen,DEN,24-023,90,3,1,2,66.7,b8728f43
ENG-Premier League,2526,2026-05-09 Liverpool-Chelsea,Liverpool,Giorgi Mamardashvili,GEO,25-222,90,3,1,2,66.7,b8728f43
ENG-Premier League,2526,2026-05-09 Manchester City-Brentford,Brentford,Caoimhín Kelleher,IRL,27-167,90,10,3,7,70.0,cce1ef93
ENG-Premier League,2526,2026-05-09 Manchester City-Brentford,Manchester City,Gianluigi Donnarumma,ITA,27-073,90,2,0,2,100.0,cce1ef93
ENG-Premier League,2526,2026-05-09 Sunderland-Manchester Utd,Manchester United,Senne Lammens,BEL,23-306,90,4,0,4,100.0,92e59b6f
ENG-Premier League,2526,2026-05-09 Sunderland-Manchester Utd,Sunderland,Robin Roefs,NED,23-112,90,1,0,1,100.0,92e59b6f
ENG-Premier League,2526,2026-05-10 Burnley-Aston Villa,Aston Villa,Emiliano Martínez,ARG,33-250,90,6,2,4,66.7,23cb8016
ENG-Premier League,2526,2026-05-10 Burnley-Aston Villa,Burnley,Max Weiß,GER,21-329,90,7,2,5,71.4,23cb8016
ENG-Premier League,2526,2026-05-10 Crystal Palace-Everton,Crystal Palace,Dean Henderson,ENG,29-059,90,7,2,5,71.4,07dfce00
ENG-Premier League,2526,2026-05-10 Crystal Palace-Everton,Everton,Jordan Pickford,ENG,32-064,90,8,2,6,75.0,07dfce00
ENG-Premier League,2526,2026-05-10 Nottingham-Newcastle,Newcastle United,Nick Pope,ENG,34-021,90,6,1,5,83.3,8104e9be
ENG-Premier League,2526,2026-05-10 Nottingham-Newcastle,Nottingham Forest,Matz Sels,BEL,34-073,90,6,1,5,83.3,8104e9be
ENG-Premier League,2526,2026-05-10 West Ham-Arsenal,Arsenal,David Raya,ESP,30-237,90,3,0,3,100.0,6d9cd398
ENG-Premier League,2526,2026-05-10 West Ham-Arsenal,West Ham United,Mads Hermansen,DEN,25-303,90,2,1,1,50.0,6d9cd398
ENG-Premier League,2526,2026-05-11 Tottenham-Leeds United,Leeds United,Karl Darlow,WAL,35-215,90,2,1,1,50.0,79495c07
ENG-Premier League,2526,2026-05-11 Tottenham-Leeds United,Tottenham Hotspur,Antonín Kinský,CZE,23-059,90,4,1,3,75.0,79495c07
ENG-Premier League,2526,2026-05-13 Manchester City-Crystal Palace,Crystal Palace,Dean Henderson,ENG,29-062,90,4,3,1,25.0,b435bf00
ENG-Premier League,2526,2026-05-13 Manchester City-Crystal Palace,Manchester City,Gianluigi Donnarumma,ITA,27-077,90,2,0,2,100.0,b435bf00
ENG-Premier League,2526,2026-05-15 Aston Villa-Liverpool,Aston Villa,Emiliano Martínez,ARG,33-255,90,5,2,3,60.0,2392e965
ENG-Premier League,2526,2026-05-15 Aston Villa-Liverpool,Liverpool,Giorgi Mamardashvili,GEO,25-228,90,9,4,5,55.6,2392e965
ENG-Premier League,2526,2026-05-17 Brentford-Crystal Palace,Brentford,Caoimhín Kelleher,IRL,27-175,90,5,2,3,60.0,bf61d4e7
ENG-Premier League,2526,2026-05-17 Brentford-Crystal Palace,Crystal Palace,Dean Henderson,ENG,29-066,90,3,2,1,33.3,bf61d4e7
ENG-Premier League,2526,2026-05-17 Everton-Sunderland,Everton,Jordan Pickford,ENG,32-071,90,3,3,0,0.0,1c8203d0
ENG-Premier League,2526,2026-05-17 Everton-Sunderland,Sunderland,Robin Roefs,NED,23-120,90,4,1,3,75.0,1c8203d0
ENG-Premier League,2526,2026-05-17 Leeds United-Brighton,Brighton & Hove Albion,Bart Verbruggen,NED,23-272,90,2,1,1,50.0,a895fed0
ENG-Premier League,2526,2026-05-17 Leeds United-Brighton,Leeds United,Karl Darlow,WAL,35-221,90,7,0,7,100.0,a895fed0
ENG-Premier League,2526,2026-05-17 Manchester Utd-Nottingham,Manchester United,Senne Lammens,BEL,23-314,90,4,2,2,50.0,757ec96c
ENG-Premier League,2526,2026-05-17 Manchester Utd-Nottingham,Nottingham Forest,Matz Sels,BEL,34-080,90,8,3,5,62.5,757ec96c
ENG-Premier League,2526,2026-05-17 Newcastle-West Ham,Newcastle United,Nick Pope,ENG,34-028,90,8,1,7,87.5,d3152ac7
ENG-Premier League,2526,2026-05-17 Newcastle-West Ham,West Ham United,Mads Hermansen,DEN,25-310,90,7,3,4,57.1,d3152ac7
ENG-Premier League,2526,2026-05-17 Wolves-Fulham,Fulham,Bernd Leno,GER,34-074,90,3,1,2,66.7,8de20e5a
ENG-Premier League,2526,2026-05-17 Wolves-Fulham,Wolverhampton Wanderers,José Sá,POR,33-120,90,5,1,4,80.0,8de20e5a
ENG-Premier League,2526,2026-05-18 Arsenal-Burnley,Arsenal,David Raya,ESP,30-245,90,0,0,0,,8363c605
ENG-Premier League,2526,2026-05-18 Arsenal-Burnley,Burnley,Max Weiß,GER,21-337,90,3,1,2,66.7,8363c605
ENG-Premier League,2526,2026-05-19 Bournemouth-Manchester City,Bournemouth,Đorđe Petrović,SRB,26-223,90,4,1,3,75.0,095133fe
ENG-Premier League,2526,2026-05-19 Bournemouth-Manchester City,Manchester City,Gianluigi Donnarumma,ITA,27-083,90,3,1,2,66.7,095133fe
ENG-Premier League,2526,2026-05-19 Chelsea-Tottenham,Chelsea,Robert Sánchez,ESP,28-182,90,3,1,2,66.7,fb3f230e
ENG-Premier League,2526,2026-05-19 Chelsea-Tottenham,Tottenham Hotspur,Antonín Kinský,CZE,23-067,90,4,2,2,50.0,fb3f230e
ENG-Premier League,2526,2026-05-24 Brighton-Manchester Utd,Brighton & Hove Albion,Bart Verbruggen,NED,23-279,90,8,3,5,62.5,68316553
ENG-Premier League,2526,2026-05-24 Brighton-Manchester Utd,Manchester United,Senne Lammens,BEL,23-321,90,2,0,2,100.0,68316553
ENG-Premier League,2526,2026-05-24 Burnley-Wolves,Burnley,Max Weiß,GER,21-343,90,4,1,3,75.0,472071fa
ENG-Premier League,2526,2026-05-24 Burnley-Wolves,Wolverhampton Wanderers,José Sá,POR,33-127,90,8,1,7,87.5,472071fa
ENG-Premier League,2526,2026-05-24 Crystal Palace-Arsenal,Arsenal,Kepa Arrizabalaga,ESP,31-233,90,3,1,2,66.7,d0233f18
ENG-Premier League,2526,2026-05-24 Crystal Palace-Arsenal,Crystal Palace,Dean Henderson,ENG,29-073,90,7,2,5,71.4,d0233f18
ENG-Premier League,2526,2026-05-24 Fulham-Newcastle,Fulham,Bernd Leno,GER,34-081,90,2,0,2,100.0,4f95517c
ENG-Premier League,2526,2026-05-24 Fulham-Newcastle,Newcastle United,Nick Pope,ENG,34-035,90,6,2,4,66.7,4f95517c
ENG-Premier League,2526,2026-05-24 Liverpool-Brentford,Brentford,Caoimhín Kelleher,IRL,27-182,90,8,1,7,87.5,bd48c230
ENG-Premier League,2526,2026-05-24 Liverpool-Brentford,Liverpool,Alisson,BRA,33-234,90,2,1,1,50.0,bd48c230
ENG-Premier League,2526,2026-05-24 Manchester City-Aston Villa,Aston Villa,Marco Bizot,NED,35-075,90,3,1,2,66.7,b35e6512
ENG-Premier League,2526,2026-05-24 Manchester City-Aston Villa,Manchester City,James Trafford,ENG,23-226,90,5,2,3,60.0,b35e6512
ENG-Premier League,2526,2026-05-24 Nottingham-Bournemouth,Bournemouth,Đorđe Petrović,SRB,26-228,90,4,1,3,75.0,7517b26a
ENG-Premier League,2526,2026-05-24 Nottingham-Bournemouth,Nottingham Forest,Matz Sels,BEL,34-087,90,4,1,3,75.0,7517b26a
ENG-Premier League,2526,2026-05-24 Sunderland-Chelsea,Chelsea,Robert Sánchez,ESP,28-187,90,7,2,5,71.4,384f3785
ENG-Premier League,2526,2026-05-24 Sunderland-Chelsea,Sunderland,Robin Roefs,NED,23-127,90,3,1,2,66.7,384f3785
ENG-Premier League,2526,2026-05-24 Tottenham-Everton,Everton,Jordan Pickford,ENG,32-078,90,2,1,1,50.0,2dfc43ad
ENG-Premier League,2526,2026-05-24 Tottenham-Everton,Tottenham Hotspur,Antonín Kinský,CZE,23-072,90,1,0,1,100.0,2dfc43ad
ENG-Premier League,2526,2026-05-24 West Ham-Leeds United,Leeds United,Karl Darlow,WAL,35-228,90,8,3,5,62.5,df8c12d9
ENG-Premier League,2526,2026-05-24 West Ham-Leeds United,West Ham United,Mads Hermansen,DEN,25-317,90,3,0,3,100.0,df8c12d9
