league,season,team,player,nation,pos,age,born,Playing Time,Playing Time,Playing Time,Playing Time,Performance,Performance,Performance,Performance,Performance,Performance,Performance,Performance,Per 90 Minutes,Per 90 Minutes,Per 90 Minutes,Per 90 Minutes,Per 90 Minutes
,,,,,,,,MP,Starts,Min,90s,Gls,Ast,G+A,G-PK,PK,PKatt,CrdY,CrdR,Gls,Ast,G+A,G-PK,G+A-PK
ENG-Premier League,2627,Arsenal,Ben White,ENG,DF,28-355,1997,4,4,315,3.5,0,1,1,0,0,0,0,0,0.0,0.29,0.29,0.0,0.29
ENG-Premier League,2627,Arsenal,Bruno Guimarães,BRA,MF,28-316,1997,3,1,124,1.4,1,0,1,1,0,0,0,0,0.73,0.0,0.73,0.73,0.73
ENG-Premier League,2627,Arsenal,Bukayo Saka,ENG,MF,25-023,2001,5,5,416,4.6,3,0,3,2,1,1,0,0,0.65,0.0,0.65,0.43,0.43
ENG-Premier League,2627,Arsenal,Christos Tzolis,GRE,MF,24-241,2002,5,5,362,4.0,0,1,1,0,0,0,2,0,0.0,0.25,0.25,0.0,0.25
ENG-Premier League,2627,Arsenal,Cristhian Mosquera,ESP,DF,22-093,2004,2,2,168,1.9,0,0,0,0,0,0,0,0,0.0,0.0,0.0,0.0,0.0
ENG-Premier League,2627,Arsenal,David Raya,ESP,GK,31-013,1995,5,5,450,5.0,0,0,0,0,0,0,0,0,0.0,0.0,0.0,0.0,0.0
ENG-Premier League,2627,Arsenal,Declan Rice,ENG,MF,27-257,1999,5,5,411,4.6,0,2,2,0,0,0,1,0,0.0,0.44,0.44,0.0,0.44
ENG-Premier League,2627,Arsenal,Eberechi Eze,ENG,"FW,MF",28-091,1998,4,0,88,1.0,0,0,0,0,0,0,0,0,0.0,0.0,0.0,0.0,0.0
ENG-Premier League,2627,Arsenal,Ezri Konsa,ENG,DF,28-340,1997,4,3,282,3.1,0,0,0,0,0,0,0,0,0.0,0.0,0.0,0.0,0.0
ENG-Premier League,2627,Arsenal,Gabriel Magalhães,BRA,DF,28-283,1997,5,5,450,5.0,0,0,0,0,0,0,2,0,0.0,0.0,0.0,0.0,0.0
ENG-Premier League,2627,Arsenal,Jurriën Timber,NED,DF,25-103,2001,2,1,104,1.2,0,0,0,0,0,0,0,0,0.0,0.0,0.0,0.0,0.0
ENG-Premier League,2627,Arsenal,Kai Havertz,GER,FW,27-109,1999,5,5,437,4.9,2,0,2,2,0,0,1,0,0.41,0.0,0.41,0.41,0.41
ENG-Premier League,2627,Arsenal,Martin Ødegaard,NOR,MF,27-285,1998,5,5,378,4.2,2,0,2,2,0,0,0,0,0.48,0.0,0.48,0.48,0.48
ENG-Premier League,2627,Arsenal,Martín Zubimendi,ESP,MF,27-238,1999,5,0,94,1.0,0,0,0,0,0,0,0,0,0.0,0.0,0.0,0.0,0.0
ENG-Premier League,2627,Arsenal,Max Dowman,ENG,MF,16-271,2009,1,0,10,0.1,0,0,0,0,0,0,0,0,0.0,0.0,0.0,0.0,0.0
ENG-Premier League,2627,Arsenal,Mikel Merino,ESP,MF,30-098,1996,5,0,85,0.9,0,0,0,0,0,0,1,0,0.0,0.0,0.0,0.0,0.0
ENG-Premier League,2627,Arsenal,Myles Lewis-Skelly,ENG,MF,20-002,2006,4,4,271,3.0,0,0,0,0,0,0,0,0,0.0,0.0,0.0,0.0,0.0
ENG-Premier League,2627,Arsenal,Noni Madueke,ENG,"FW,MF",24-202,2002,2,0,24,0.3,0,0,0,0,0,0,0,0,0.0,0.0,0.0,0.0,0.0
ENG-Premier League,2627,Arsenal,Piero Hincapié,ECU,DF,24-262,2002,2,0,33,0.4,0,0,0,0,0,0,0,0,0.0,0.0,0.0,0.0,0.0
ENG-Premier League,2627,Arsenal,Riccardo Calafiori,ITA,DF,24-132,2002,5,5,417,4.6,0,2,2,0,0,0,0,0,0.0,0.43,0.43,0.0,0.43
ENG-Premier League,2627,Arsenal,Viktor Gyökeres,SWE,"FW,MF",28-116,1998,2,0,31,0.3,0,0,0,0,0,0,0,0,0.0,0.0,0.0,0.0,0.0
ENG-Premier League,2627,Aston Villa,Aaron Wan-Bissaka,COD,DF,28-306,1997,4,2,154,1.7,0,0,0,0,0,0,0,0,0.0,0.0,0.0,0.0,0.0
ENG-Premier League,2627,Aston Villa,Alejandro Garnacho,ARG,MF,22-089,2004,3,0,34,0.4,0,0,0,0,0,0,0,0,0.0,0.0,0.0,0.0,0.0
ENG-Premier League,2627,Aston Villa,Alysson,BRA,MF,20-146,2006,4,0,90,1.0,1,0,1,1,0,0,1,0,1.0,0.0,1.0,1.0,1.0
ENG-Premier League,2627,Aston Villa,Boubacar Kamara,FRA,MF,26-309,1999,5,5,443,4.9,0,1,1,0,0,0,0,0,0.0,0.2,0.2,0.0,0.2
ENG-Premier League,2627,Aston Villa,Emi Buendía,ARG,"MF,FW",29-277,1996,5,5,401,4.5,1,0,1,1,0,0,0,0,0.22,0.0,0.22,0.22,0.22
ENG-Premier League,2627,Aston Villa,George Hemmings,ENG,MF,19-208,2007,5,4,298,3.3,0,0,0,0,0,0,0,0,0.0,0.0,0.0,0.0,0.0
ENG-Premier League,2627,Aston Villa,Ian Maatsen,NED,DF,24-202,2002,4,4,335,3.7,0,0,0,0,0,0,1,0,0.0,0.0,0.0,0.0,0.0
ENG-Premier League,2627,Aston Villa,Ibrahim Mbaye,SEN,FW,18-247,2008,2,0,35,0.4,0,0,0,0,0,0,0,0,0.0,0.0,0.0,0.0,0.0
ENG-Premier League,2627,Aston Villa,Johan Manzambi,SUI,MF,20-349,2005,2,1,99,1.1,1,1,2,1,0,0,0,0,0.91,0.91,1.82,0.91,1.82
ENG-Premier League,2627,Aston Villa,John McGinn,SCO,MF,31-345,1994,5,5,434,4.8,0,2,2,0,0,0,2,0,0.0,0.41,0.41,0.0,0.41
ENG-Premier League,2627,Aston Villa,João Gomes,BRA,MF,25-228,2001,2,2,129,1.4,0,0,0,0,0,0,1,1,0.0,0.0,0.0,0.0,0.0
ENG-Premier League,2627,Aston Villa,Lamare Bogarde,NED,"DF,MF",22-266,2004,1,0,17,0.2,0,0,0,0,0,0,0,0,0.0,0.0,0.0,0.0,0.0
ENG-Premier League,2627,Aston Villa,Marco Bizot,NED,GK,35-202,1991,1,1,90,1.0,0,0,0,0,0,0,0,0,0.0,0.0,0.0,0.0,0.0
ENG-Premier League,2627,Aston Villa,Matteo Ruggeri,ITA,DF,24-079,2002,3,1,115,1.3,0,0,0,0,0,0,0,0,0.0,0.0,0.0,0.0,0.0
ENG-Premier League,2627,Aston Villa,Matty Cash,POL,DF,29-052,1997,4,3,296,3.3,0,0,0,0,0,0,2,0,0.0,0.0,0.0,0.0,0.0
ENG-Premier League,2627,Aston Villa,Nicolas Jackson,SEN,FW,25-100,2001,4,4,286,3.2,1,0,1,1,0,0,2,0,0.31,0.0,0.31,0.31,0.31
ENG-Premier League,2627,Aston Villa,Pau Torres,ESP,DF,29-255,1997,3,3,187,2.1,0,0,0,0,0,0,0,0,0.0,0.0,0.0,0.0,0.0
ENG-Premier League,2627,Aston Villa,Ross Barkley,ENG,MF,32-297,1993,5,4,309,3.4,0,0,0,0,0,0,0,0,0.0,0.0,0.0,0.0,0.0
ENG-Premier League,2627,Aston Villa,Tammy Abraham,ENG,FW,28-361,1997,4,0,74,0.8,0,0,0,0,0,0,0,0,0.0,0.0,0.0,0.0,0.0
ENG-Premier League,2627,Aston Villa,Tyrone Mings,ENG,DF,33-199,1993,4,2,263,2.9,0,0,0,0,0,0,1,0,0.0,0.0,0.0,0.0,0.0
ENG-Premier League,2627,Aston Villa,Victor Lindelöf,SWE,DF,32-073,1994,5,5,450,5.0,0,0,0,0,0,0,0,0,0.0,0.0,0.0,0.0,0.0
ENG-Premier League,2627,Aston Villa,Zion Suzuki,JPN,GK,24-038,2002,4,4,360,4.0,0,0,0,0,0,0,0,0,0.0,0.0,0.0,0.0,0.0
ENG-Premier League,2627,Bournemouth,Adam Smith,ENG,DF,35-152,1991,5,5,434,4.8,0,0,0,0,0,0,3,0,0.0,0.0,0.0,0.0,0.0
ENG-Premier League,2627,Bournemouth,Adrien Truffert,FRA,DF,24-312,2001,5,5,450,5.0,0,0,0,0,0,0,1,0,0.0,0.0,0.0,0.0,0.0
ENG-Premier League,2627,Bournemouth,Alex Scott,ENG,MF,23-038,2003,5,5,445,4.9,1,0,1,1,0,0,1,0,0.2,0.0,0.2,0.2,0.2
ENG-Premier League,2627,Bournemouth,Alex Tóth,HUN,MF,20-340,2005,2,0,19,0.2,0,0,0,0,0,0,0,0,0.0,0.0,0.0,0.0,0.0
ENG-Premier League,2627,Bournemouth,António Silva,POR,DF,22-333,2003,5,5,450,5.0,0,0,0,0,0,0,2,0,0.0,0.0,0.0,0.0,0.0
ENG-Premier League,2627,Bournemouth,Ben Gannon-Doak,SCO,MF,20-321,2005,4,0,16,0.2,0,0,0,0,0,0,0,0,0.0,0.0,0.0,0.0,0.0
ENG-Premier League,2627,Bournemouth,Daniel Jebbison,CAN,FW,23-046,2003,3,0,34,0.4,0,0,0,0,0,0,0,0,0.0,0.0,0.0,0.0,0.0
ENG-Premier League,2627,Bournemouth,David Brooks,WAL,"FW,MF",29-082,1997,4,0,49,0.5,0,0,0,0,0,0,1,0,0.0,0.0,0.0,0.0,0.0
ENG-Premier League,2627,Bournemouth,Evanilson,BRA,FW,26-357,1999,5,5,423,4.7,0,3,3,0,0,0,1,0,0.0,0.64,0.64,0.0,0.64
ENG-Premier League,2627,Bournemouth,James Hill,ENG,DF,24-261,2002,5,5,450,5.0,0,0,0,0,0,0,1,0,0.0,0.0,0.0,0.0,0.0
ENG-Premier League,2627,Bournemouth,Justin Kluivert,NED,MF,27-146,1999,4,4,294,3.3,1,0,1,1,0,0,1,0,0.31,0.0,0.31,0.31,0.31
ENG-Premier League,2627,Bournemouth,Lewis Cook,ENG,MF,29-237,1997,5,2,182,2.0,0,0,0,0,0,0,1,0,0.0,0.0,0.0,0.0,0.0
ENG-Premier League,2627,Bournemouth,Marcus Tavernier,ENG,MF,27-190,1999,5,5,424,4.7,3,0,3,3,0,0,2,0,0.64,0.0,0.64,0.64,0.64
ENG-Premier League,2627,Bournemouth,Rayan,BRA,MF,20-056,2006,5,5,434,4.8,0,0,0,0,0,0,0,0,0.0,0.0,0.0,0.0,0.0
ENG-Premier League,2627,Bournemouth,Ryan Christie,SCO,MF,31-218,1995,4,1,104,1.2,0,0,0,0,0,0,0,0,0.0,0.0,0.0,0.0,0.0
ENG-Premier League,2627,Bournemouth,Tyler Adams,USA,MF,27-226,1999,5,3,281,3.1,0,0,0,0,0,0,0,0,0.0,0.0,0.0,0.0,0.0
ENG-Premier League,2627,Bournemouth,Álvaro Rodríguez,URU,FW,22-076,2004,2,0,11,0.1,0,0,0,0,0,0,0,0,0.0,0.0,0.0,0.0,0.0
ENG-Premier League,2627,Bournemouth,Đorđe Petrović,SRB,GK,26-355,1999,5,5,450,5.0,0,0,0,0,0,0,0,0,0.0,0.0,0.0,0.0,0.0
ENG-Premier League,2627,Brentford,Aaron Hickey,SCO,DF,24-110,2002,5,1,155,1.7,0,0,0,0,0,0,0,0,0.0,0.0,0.0,0.0,0.0
ENG-Premier League,2627,Brentford,Callum Wilson,ENG,FW,34-213,1992,3,0,16,0.2,0,0,0,0,0,0,0,0,0.0,0.0,0.0,0.0,0.0
ENG-Premier League,2627,Brentford,Caoimhín Kelleher,IRL,GK,27-309,1998,5,5,450,5.0,0,0,0,0,0,0,0,0,0.0,0.0,0.0,0.0,0.0
ENG-Premier League,2627,Brentford,Dango Ouattara,BFA,MF,24-229,2002,5,2,182,2.0,0,0,0,0,0,0,0,0,0.0,0.0,0.0,0.0,0.0
ENG-Premier League,2627,Brentford,El Hadji Malick Diouf,SEN,"DF,MF",21-274,2004,2,0,41,0.5,0,0,0,0,0,0,0,0,0.0,0.0,0.0,0.0,0.0
ENG-Premier League,2627,Brentford,Fabio Carvalho,POR,"FW,MF",24-029,2002,1,0,4,0.0,1,0,1,1,0,0,0,0,22.5,0.0,22.5,22.5,22.5
ENG-Premier League,2627,Brentford,Igor Thiago,BRA,FW,25-094,2001,5,5,442,4.9,1,0,1,1,0,1,2,0,0.2,0.0,0.2,0.2,0.2
ENG-Premier League,2627,Brentford,Jaidon Anthony,ENG,MF,26-301,1999,5,3,268,3.0,1,0,1,1,0,0,1,0,0.34,0.0,0.34,0.34,0.34
ENG-Premier League,2627,Brentford,Jannik Schuster,AUT,DF,20-135,2006,3,2,254,2.8,0,1,1,0,0,0,0,0,0.0,0.35,0.35,0.0,0.35
ENG-Premier League,2627,Brentford,Keane Lewis-Potter,ENG,DF,25-218,2001,5,5,406,4.5,1,1,2,1,0,0,0,0,0.22,0.22,0.44,0.22,0.44
ENG-Premier League,2627,Brentford,Kevin Schade,GER,MF,24-305,2001,5,5,447,5.0,3,0,3,3,0,0,0,0,0.6,0.0,0.6,0.6,0.6
ENG-Premier League,2627,Brentford,Kristoffer Ajer,NOR,DF,28-164,1998,5,5,450,5.0,0,0,0,0,0,0,1,0,0.0,0.0,0.0,0.0,0.0
ENG-Premier League,2627,Brentford,Mamadou Sangare,MLI,MF,24-094,2002,5,4,322,3.6,0,1,1,0,0,0,2,0,0.0,0.28,0.28,0.0,0.28
ENG-Premier League,2627,Brentford,Mathias Jensen,DEN,MF,30-270,1996,1,1,66,0.7,0,0,0,0,0,0,0,0,0.0,0.0,0.0,0.0,0.0
ENG-Premier League,2627,Brentford,Michael Kayode,ITA,DF,22-080,2004,5,4,295,3.3,1,0,1,1,0,0,0,0,0.31,0.0,0.31,0.31,0.31
ENG-Premier League,2627,Brentford,Mikkel Damsgaard,DEN,MF,26-087,2000,5,3,285,3.2,0,0,0,0,0,0,0,0,0.0,0.0,0.0,0.0,0.0
ENG-Premier League,2627,Brentford,Nathan Collins,IRL,DF,25-151,2001,3,3,196,2.2,0,0,0,0,0,0,1,0,0.0,0.0,0.0,0.0,0.0
ENG-Premier League,2627,Brentford,Rico Henry,JAM,"DF,MF",29-082,1997,1,0,3,0.0,0,0,0,0,0,0,0,0,0.0,0.0,0.0,0.0,0.0
ENG-Premier League,2627,Brentford,Vitaly Janelt,GER,MF,28-141,1998,5,5,450,5.0,2,0,2,2,0,0,3,0,0.4,0.0,0.4,0.4,0.4
ENG-Premier League,2627,Brentford,Yehor Yarmoliuk,UKR,MF,22-211,2004,5,2,218,2.4,0,1,1,0,0,0,1,0,0.0,0.41,0.41,0.0,0.41
ENG-Premier League,2627,Brighton,Bart Verbruggen,NED,GK,24-041,2002,5,5,450,5.0,0,0,0,0,0,0,0,0,0.0,0.0,0.0,0.0,0.0
ENG-Premier League,2627,Brighton,Charalampos Kostoulas,GRE,FW,19-121,2007,5,4,354,3.9,2,1,3,2,0,0,1,0,0.51,0.25,0.76,0.51,0.76
ENG-Premier League,2627,Brighton,Chema,ESP,MF,21-156,2005,2,1,110,1.2,1,1,2,1,0,0,0,0,0.82,0.82,1.64,0.82,1.64
ENG-Premier League,2627,Brighton,Costinha,POR,"DF,MF",26-186,2000,5,0,73,0.8,0,0,0,0,0,0,1,0,0.0,0.0,0.0,0.0,0.0
ENG-Premier League,2627,Brighton,Diego Gómez,PAR,MF,23-185,2003,5,5,433,4.8,0,2,2,0,0,0,0,0,0.0,0.42,0.42,0.0,0.42
ENG-Premier League,2627,Brighton,Ferdi Kadioglu,TUR,DF,26-356,1999,4,4,332,3.7,0,0,0,0,0,0,1,0,0.0,0.0,0.0,0.0,0.0
ENG-Premier League,2627,Brighton,Georginio Rutter,FRA,FW,24-161,2002,2,1,105,1.2,0,1,1,0,0,0,0,0,0.0,0.86,0.86,0.0,0.86
ENG-Premier League,2627,Brighton,Ibrahim Osman,GHA,"FW,MF",21-303,2004,3,0,43,0.5,0,0,0,0,0,0,0,0,0.0,0.0,0.0,0.0,0.0
ENG-Premier League,2627,Brighton,Jack Hinshelwood,ENG,MF,21-170,2005,1,1,63,0.7,2,0,2,2,0,0,0,0,2.86,0.0,2.86,2.86,2.86
ENG-Premier League,2627,Brighton,Lewis Dunk,ENG,DF,34-311,1991,4,4,360,4.0,1,0,1,1,0,0,1,0,0.25,0.0,0.25,0.25,0.25
ENG-Premier League,2627,Brighton,Luka Vušković,CRO,DF,19-216,2007,5,5,437,4.9,1,0,1,1,0,0,0,0,0.21,0.0,0.21,0.21,0.21
ENG-Premier League,2627,Brighton,Malick Yalcouye,CIV,MF,20-314,2005,5,3,238,2.6,2,0,2,2,0,0,0,0,0.76,0.0,0.76,0.76,0.76
ENG-Premier League,2627,Brighton,Mats Wieffer,NED,DF,26-316,1999,2,2,156,1.7,0,0,0,0,0,0,0,0,0.0,0.0,0.0,0.0,0.0
ENG-Premier League,2627,Brighton,Matt O'Riley,DEN,MF,25-311,2000,2,0,12,0.1,0,0,0,0,0,0,0,0,0.0,0.0,0.0,0.0,0.0
ENG-Premier League,2627,Brighton,Maxim De Cuyper,BEL,MF,25-280,2000,5,5,424,4.7,1,2,3,1,0,0,2,0,0.21,0.42,0.64,0.21,0.64
ENG-Premier League,2627,Brighton,Michael Svoboda,AUT,DF,27-348,1998,1,0,5,0.1,0,0,0,0,0,0,0,0,0.0,0.0,0.0,0.0,0.0
ENG-Premier League,2627,Brighton,Olivier Boscagli,FRA,"DF,MF",28-314,1997,5,5,436,4.8,0,0,0,0,0,0,1,0,0.0,0.0,0.0,0.0,0.0
ENG-Premier League,2627,Brighton,Pascal Groß,GER,MF,35-105,1991,5,5,450,5.0,3,3,6,2,1,1,2,0,0.6,0.6,1.2,0.4,1.0
ENG-Premier League,2627,Brighton,Pascal Struijk,NED,DF,27-048,1999,3,1,99,1.1,0,0,0,0,0,0,1,0,0.0,0.0,0.0,0.0,0.0
ENG-Premier League,2627,Brighton,Promise David,CAN,FW,25-087,2001,2,0,24,0.3,0,0,0,0,0,0,1,0,0.0,0.0,0.0,0.0,0.0
ENG-Premier League,2627,Brighton,Yasin Ayari,SWE,MF,22-357,2003,4,4,333,3.7,1,0,1,1,0,0,1,0,0.27,0.0,0.27,0.27,0.27
ENG-Premier League,2627,Brighton,Zadok Yohanna,NGA,FW,19-091,2007,1,0,13,0.1,0,0,0,0,0,0,0,0,0.0,0.0,0.0,0.0,0.0
ENG-Premier League,2627,Chelsea,Cole Palmer,ENG,MF,24-145,2002,5,5,442,4.9,2,2,4,2,0,0,1,0,0.41,0.41,0.81,0.41,0.81
ENG-Premier League,2627,Chelsea,Danny Welbeck,ENG,FW,35-306,1990,3,1,87,1.0,0,0,0,0,0,0,0,0,0.0,0.0,0.0,0.0,0.0
ENG-Premier League,2627,Chelsea,Emiliano Martínez,ARG,GK,34-026,1992,4,4,360,4.0,0,0,0,0,0,0,0,0,0.0,0.0,0.0,0.0,0.0
ENG-Premier League,2627,Chelsea,Enzo Fernández,ARG,MF,25-254,2001,1,0,26,0.3,0,0,0,0,0,0,0,0,0.0,0.0,0.0,0.0,0.0
ENG-Premier League,2627,Chelsea,Estêvão Willian,BRA,MF,19-157,2007,4,0,27,0.3,0,0,0,0,0,0,0,0,0.0,0.0,0.0,0.0,0.0
ENG-Premier League,2627,Chelsea,Geovany Quenda,POR,MF,19-151,2007,2,0,29,0.3,0,0,0,0,0,0,0,0,0.0,0.0,0.0,0.0,0.0
ENG-Premier League,2627,Chelsea,Jordan Henderson,ENG,MF,36-103,1990,1,1,90,1.0,0,0,0,0,0,0,0,0,0.0,0.0,0.0,0.0,0.0
ENG-Premier League,2627,Chelsea,Jorrel Hato,NED,"MF,DF",20-205,2006,4,4,258,2.9,0,2,2,0,0,0,0,0,0.0,0.7,0.7,0.0,0.7
ENG-Premier League,2627,Chelsea,Joshua Acheampong,ENG,DF,20-146,2006,4,2,223,2.5,0,0,0,0,0,0,0,0,0.0,0.0,0.0,0.0,0.0
ENG-Premier League,2627,Chelsea,João Pedro,BRA,FW,25-002,2001,4,4,360,4.0,3,3,6,3,0,0,1,0,0.75,0.75,1.5,0.75,1.5
ENG-Premier League,2627,Chelsea,Levi Colwill,ENG,DF,23-214,2003,4,4,341,3.8,0,0,0,0,0,0,1,0,0.0,0.0,0.0,0.0,0.0
ENG-Premier League,2627,Chelsea,Mahdi Jazuli,ENG,MF,16-265,2010,1,0,4,0.0,0,0,0,0,0,0,0,0,0.0,0.0,0.0,0.0,0.0
ENG-Premier League,2627,Chelsea,Malo Gusto,FRA,"MF,DF",23-132,2003,4,3,273,3.0,0,0,0,0,0,0,0,0,0.0,0.0,0.0,0.0,0.0
ENG-Premier League,2627,Chelsea,Maxence Lacroix,FRA,DF,26-175,2000,5,4,365,4.1,0,1,1,0,0,0,1,0,0.0,0.25,0.25,0.0,0.25
ENG-Premier League,2627,Chelsea,Moisés Caicedo,ECU,MF,24-330,2001,1,0,14,0.2,0,0,0,0,0,0,0,0,0.0,0.0,0.0,0.0,0.0
ENG-Premier League,2627,Chelsea,Morgan Rogers,ENG,MF,24-064,2002,5,5,437,4.9,3,1,4,3,0,0,1,0,0.62,0.21,0.82,0.62,0.82
ENG-Premier League,2627,Chelsea,Pedro Neto,POR,MF,26-203,2000,5,4,333,3.7,1,0,1,1,0,0,0,0,0.27,0.0,0.27,0.27,0.27
ENG-Premier League,2627,Chelsea,Pep Chavarría,ESP,MF,28-171,1998,5,1,211,2.3,0,0,0,0,0,0,0,0,0.0,0.0,0.0,0.0,0.0
ENG-Premier League,2627,Chelsea,Reece James,ENG,MF,26-294,1999,4,3,293,3.3,0,0,0,0,0,0,1,0,0.0,0.0,0.0,0.0,0.0
ENG-Premier League,2627,Chelsea,Robert Sánchez,ESP,GK,28-314,1997,1,1,90,1.0,0,0,0,0,0,0,0,0,0.0,0.0,0.0,0.0,0.0
ENG-Premier League,2627,Chelsea,Roméo Lavia,BEL,MF,22-265,2004,4,4,258,2.9,1,0,1,1,0,0,1,0,0.35,0.0,0.35,0.35,0.35
ENG-Premier League,2627,Chelsea,Valentín Barco,ARG,MF,22-067,2004,3,1,117,1.3,0,0,0,0,0,0,1,0,0.0,0.0,0.0,0.0,0.0
ENG-Premier League,2627,Chelsea,Wesley Fofana,FRA,DF,25-285,2000,4,4,312,3.5,0,0,0,0,0,0,1,0,0.0,0.0,0.0,0.0,0.0
ENG-Premier League,2627,Coventry City,Aurèle Amenda,SUI,DF,23-059,2003,4,4,360,4.0,0,0,0,0,0,0,1,0,0.0,0.0,0.0,0.0,0.0
ENG-Premier League,2627,Coventry City,Bobby Thomas,ENG,DF,25-241,2001,5,5,437,4.9,0,0,0,0,0,0,0,0,0.0,0.0,0.0,0.0,0.0
ENG-Premier League,2627,Coventry City,Brandon Thomas-Asante,GHA,"MF,FW",27-273,1998,5,2,229,2.5,0,0,0,0,0,0,0,0,0.0,0.0,0.0,0.0,0.0
ENG-Premier League,2627,Coventry City,Caleb Yirenkyi,GHA,MF,20-256,2006,5,3,266,3.0,0,0,0,0,0,0,1,0,0.0,0.0,0.0,0.0,0.0
ENG-Premier League,2627,Coventry City,Carl Rushworth,ENG,GK,25-088,2001,5,5,450,5.0,0,1,1,0,0,0,0,0,0.0,0.2,0.2,0.0,0.2
ENG-Premier League,2627,Coventry City,Ellis Simms,ENG,FW,25-266,2001,3,1,106,1.2,0,0,0,0,0,0,0,0,0.0,0.0,0.0,0.0,0.0
ENG-Premier League,2627,Coventry City,Ephron Mason-Clark,JAM,MF,27-034,1999,4,4,232,2.6,0,0,0,0,0,0,0,0,0.0,0.0,0.0,0.0,0.0
ENG-Premier League,2627,Coventry City,Ethan Pinnock,JAM,DF,33-122,1993,4,3,283,3.1,0,0,0,0,0,0,1,0,0.0,0.0,0.0,0.0,0.0
ENG-Premier League,2627,Coventry City,Frank Onyeka,NGA,MF,28-270,1998,4,4,314,3.5,0,0,0,0,0,0,0,0,0.0,0.0,0.0,0.0,0.0
ENG-Premier League,2627,Coventry City,Gustavo Hamer,NED,MF,29-096,1997,3,0,35,0.4,0,0,0,0,0,0,0,0,0.0,0.0,0.0,0.0,0.0
ENG-Premier League,2627,Coventry City,Jack Rudoni,ENG,MF,26-125,2000,5,4,298,3.3,0,0,0,0,0,0,0,0,0.0,0.0,0.0,0.0,0.0
ENG-Premier League,2627,Coventry City,Jay Dasilva,WAL,"MF,DF",28-159,1998,5,5,444,4.9,1,0,1,1,0,0,0,0,0.2,0.0,0.2,0.2,0.2
ENG-Premier League,2627,Coventry City,Joël Latibeaudière,JAM,"DF,MF",26-265,2000,1,0,1,0.0,0,0,0,0,0,0,0,0,0.0,0.0,0.0,0.0,0.0
ENG-Premier League,2627,Coventry City,Loum Tchaouna,FRA,MF,23-020,2003,4,2,212,2.4,0,0,0,0,0,0,0,0,0.0,0.0,0.0,0.0,0.0
ENG-Premier League,2627,Coventry City,Matt Grimes,ENG,MF,31-075,1995,5,5,443,4.9,0,0,0,0,0,0,0,0,0.0,0.0,0.0,0.0,0.0
ENG-Premier League,2627,Coventry City,Milan van Ewijk,NED,"MF,DF",26-020,2000,4,4,360,4.0,0,0,0,0,0,0,1,0,0.0,0.0,0.0,0.0,0.0
ENG-Premier League,2627,Coventry City,Sidiki Cherif,FRA,FW,19-287,2006,1,0,31,0.3,0,0,0,0,0,0,0,0,0.0,0.0,0.0,0.0,0.0
ENG-Premier League,2627,Coventry City,Stephen Mfuni,ENG,DF,18-228,2008,1,1,90,1.0,0,0,0,0,0,0,0,0,0.0,0.0,0.0,0.0,0.0
ENG-Premier League,2627,Coventry City,Taiwo Awoniyi,NGA,FW,29-047,1997,4,3,233,2.6,0,0,0,0,0,0,0,1,0.0,0.0,0.0,0.0,0.0
ENG-Premier League,2627,Coventry City,Tatsuhiro Sakamoto,JPN,"FW,MF",29-341,1996,1,0,32,0.4,0,0,0,0,0,0,0,0,0.0,0.0,0.0,0.0,0.0
ENG-Premier League,2627,Coventry City,Victor Torp,DEN,MF,27-060,1999,3,0,56,0.6,0,0,0,0,0,0,0,0,0.0,0.0,0.0,0.0,0.0
ENG-Premier League,2627,Crystal Palace,Adam Wharton,ENG,MF,22-234,2004,5,5,436,4.8,0,0,0,0,0,0,1,0,0.0,0.0,0.0,0.0,0.0
ENG-Premier League,2627,Crystal Palace,Anan Khalaili,ISR,MF,22-025,2004,5,4,380,4.2,1,0,1,1,0,0,1,0,0.24,0.0,0.24,0.24,0.24
ENG-Premier League,2627,Crystal Palace,Axel Disasi,FRA,DF,28-201,1998,3,2,139,1.5,0,0,0,0,0,0,0,1,0.0,0.0,0.0,0.0,0.0
ENG-Premier League,2627,Crystal Palace,Ben Chilwell,ENG,"DF,MF",29-281,1996,2,0,31,0.3,1,0,1,1,0,0,0,0,2.9,0.0,2.9,2.9,2.9
ENG-Premier League,2627,Crystal Palace,Chadi Riad,MAR,DF,23-103,2003,1,1,71,0.8,0,0,0,0,0,0,0,0,0.0,0.0,0.0,0.0,0.0
ENG-Premier League,2627,Crystal Palace,Chris Richards,USA,DF,26-184,2000,5,5,450,5.0,0,0,0,0,0,0,1,0,0.0,0.0,0.0,0.0,0.0
ENG-Premier League,2627,Crystal Palace,Daichi Kamada,JPN,MF,30-054,1996,5,5,441,4.9,0,3,3,0,0,0,1,0,0.0,0.61,0.61,0.0,0.61
ENG-Premier League,2627,Crystal Palace,Daniel Muñoz,COL,MF,30-125,1996,1,1,54,0.6,0,0,0,0,0,0,0,0,0.0,0.0,0.0,0.0,0.0
ENG-Premier League,2627,Crystal Palace,Darío Osorio,CHI,"FW,MF",22-247,2004,1,0,2,0.0,0,0,0,0,0,0,0,0,0.0,0.0,0.0,0.0,0.0
ENG-Premier League,2627,Crystal Palace,Dean Henderson,ENG,GK,29-200,1997,3,3,270,3.0,0,0,0,0,0,0,0,0,0.0,0.0,0.0,0.0,0.0
ENG-Premier League,2627,Crystal Palace,Dwight McNeil,ENG,MF,26-310,1999,2,1,85,0.9,0,0,0,0,0,0,0,0,0.0,0.0,0.0,0.0,0.0
ENG-Premier League,2627,Crystal Palace,Eddie Nketiah,ENG,"MF,FW",27-121,1999,4,3,175,1.9,0,1,1,0,0,0,0,0,0.0,0.51,0.51,0.0,0.51
ENG-Premier League,2627,Crystal Palace,Evann Guessand,CIV,"FW,MF",25-089,2001,2,0,56,0.6,0,0,0,0,0,0,0,0,0.0,0.0,0.0,0.0,0.0
ENG-Premier League,2627,Crystal Palace,Honest Ahanor,ITA,DF,18-217,2008,1,1,90,1.0,0,0,0,0,0,0,0,0,0.0,0.0,0.0,0.0,0.0
ENG-Premier League,2627,Crystal Palace,Ismaila Sarr,SEN,"FW,MF",28-215,1998,1,0,9,0.1,0,0,0,0,0,0,0,0,0.0,0.0,0.0,0.0,0.0
ENG-Premier League,2627,Crystal Palace,Jaydee Canvot,FRA,DF,20-061,2006,4,4,360,4.0,0,0,0,0,0,0,0,0,0.0,0.0,0.0,0.0,0.0
ENG-Premier League,2627,Crystal Palace,Jean-Philippe Mateta,FRA,FW,29-092,1997,1,1,62,0.7,0,0,0,0,0,0,0,0,0.0,0.0,0.0,0.0,0.0
ENG-Premier League,2627,Crystal Palace,Jefferson Lerma,COL,"DF,MF",31-338,1994,2,0,52,0.6,0,0,0,0,0,0,1,0,0.0,0.0,0.0,0.0,0.0
ENG-Premier League,2627,Crystal Palace,Jørgen Strand Larsen,NOR,FW,26-234,2000,5,3,299,3.3,1,0,1,1,0,0,0,0,0.3,0.0,0.3,0.3,0.3
ENG-Premier League,2627,Crystal Palace,Quinten Timber,NED,MF,25-103,2001,3,3,253,2.8,0,0,0,0,0,0,0,0,0.0,0.0,0.0,0.0,0.0
ENG-Premier League,2627,Crystal Palace,Takehiro Tomiyasu,JPN,DF,27-327,1998,4,2,192,2.1,0,0,0,0,0,0,0,0,0.0,0.0,0.0,0.0,0.0
ENG-Premier League,2627,Crystal Palace,Tyrick Mitchell,ENG,MF,27-027,1999,5,5,419,4.7,2,0,2,2,0,0,0,0,0.43,0.0,0.43,0.43,0.43
ENG-Premier League,2627,Crystal Palace,Walter Benítez,ARG,GK,33-252,1993,2,2,180,2.0,0,0,0,0,0,0,0,0,0.0,0.0,0.0,0.0,0.0
ENG-Premier League,2627,Crystal Palace,Will Hughes,ENG,MF,31-164,1995,2,0,31,0.3,0,0,0,0,0,0,0,0,0.0,0.0,0.0,0.0,0.0
ENG-Premier League,2627,Crystal Palace,Yéremy Pino,ESP,MF,23-343,2002,5,4,308,3.4,0,0,0,0,0,0,1,0,0.0,0.0,0.0,0.0,0.0
ENG-Premier League,2627,Crystal Palace,Zavier Gozo,USA,MF,19-190,2007,2,0,30,0.3,0,0,0,0,0,0,0,0,0.0,0.0,0.0,0.0,0.0
ENG-Premier League,2627,Crystal Palace,Óscar Mingueza,ESP,"DF,MF",27-138,1999,2,0,18,0.2,0,0,0,0,0,0,0,0,0.0,0.0,0.0,0.0,0.0
ENG-Premier League,2627,Everton,Ainsley Maitland-Niles,ENG,DF,29-030,1997,3,2,177,2.0,1,0,1,1,0,0,0,0,0.51,0.0,0.51,0.51,0.51
ENG-Premier League,2627,Everton,Beto,GNB,FW,28-240,1998,2,0,33,0.4,0,0,0,0,0,0,0,0,0.0,0.0,0.0,0.0,0.0
ENG-Premier League,2627,Everton,Brennan Johnson,WAL,MF,25-128,2001,5,3,240,2.7,0,0,0,0,0,0,1,0,0.0,0.0,0.0,0.0,0.0
ENG-Premier League,2627,Everton,Carlos Alcaraz,ARG,MF,23-302,2002,2,0,6,0.1,0,0,0,0,0,0,1,0,0.0,0.0,0.0,0.0,0.0
ENG-Premier League,2627,Everton,Harrison Armstrong,ENG,MF,19-252,2007,5,5,445,4.9,0,1,1,0,0,0,2,0,0.0,0.2,0.2,0.0,0.2
ENG-Premier League,2627,Everton,Hayden Hackney,ENG,MF,24-094,2002,5,1,140,1.6,0,1,1,0,0,0,0,0,0.0,0.64,0.64,0.0,0.64
ENG-Premier League,2627,Everton,Iliman Ndiaye,SEN,MF,26-206,2000,2,2,180,2.0,0,1,1,0,0,0,0,0,0.0,0.5,0.5,0.0,0.5
ENG-Premier League,2627,Everton,Jack Grealish,ENG,MF,31-018,1995,3,1,129,1.4,0,0,0,0,0,0,0,0,0.0,0.0,0.0,0.0,0.0
ENG-Premier League,2627,Everton,Jake O'Brien,IRL,DF,25-136,2001,2,0,17,0.2,0,0,0,0,0,0,0,0,0.0,0.0,0.0,0.0,0.0
ENG-Premier League,2627,Everton,James Garner,ENG,MF,25-199,2001,5,4,329,3.7,0,0,0,0,0,0,2,0,0.0,0.0,0.0,0.0,0.0
ENG-Premier League,2627,Everton,James Tarkowski,ENG,DF,33-313,1992,5,5,450,5.0,1,1,2,1,0,0,0,0,0.2,0.2,0.4,0.2,0.4
ENG-Premier League,2627,Everton,Jarrad Branthwaite,ENG,DF,24-093,2002,5,5,450,5.0,0,0,0,0,0,0,0,0,0.0,0.0,0.0,0.0,0.0
ENG-Premier League,2627,Everton,Jordan Pickford,ENG,GK,32-205,1994,5,5,450,5.0,0,0,0,0,0,0,0,0,0.0,0.0,0.0,0.0,0.0
ENG-Premier League,2627,Everton,Kiernan Dewsbury-Hall,ENG,MF,28-022,1998,5,5,448,5.0,1,0,1,1,0,0,1,0,0.2,0.0,0.2,0.2,0.2
ENG-Premier League,2627,Everton,Merlin Röhl,GER,DF,24-085,2002,3,3,249,2.8,0,0,0,0,0,0,1,0,0.0,0.0,0.0,0.0,0.0
ENG-Premier League,2627,Everton,Thierno Barry,FRA,FW,23-342,2002,5,5,417,4.6,2,0,2,2,0,0,0,0,0.43,0.0,0.43,0.43,0.43
ENG-Premier League,2627,Everton,Tim Iroegbunam,ENG,MF,23-090,2003,1,0,5,0.1,0,0,0,0,0,0,0,0,0.0,0.0,0.0,0.0,0.0
ENG-Premier League,2627,Everton,Tyler Dibling,ENG,MF,20-200,2006,1,0,25,0.3,0,0,0,0,0,0,0,0,0.0,0.0,0.0,0.0,0.0
ENG-Premier League,2627,Everton,Tyrique George,ENG,MF,20-236,2006,5,4,310,3.4,1,0,1,1,0,0,0,0,0.29,0.0,0.29,0.29,0.29
ENG-Premier League,2627,Everton,Vitaliy Mykolenko,UKR,DF,27-122,1999,5,5,450,5.0,0,0,0,0,0,0,1,0,0.0,0.0,0.0,0.0,0.0
ENG-Premier League,2627,Fulham,Alex Iwobi,NGA,MF,30-148,1996,5,5,408,4.5,0,0,0,0,0,0,0,0,0.0,0.0,0.0,0.0,0.0
ENG-Premier League,2627,Fulham,Antonee Robinson,USA,DF,29-051,1997,5,5,429,4.8,0,0,0,0,0,0,0,0,0.0,0.0,0.0,0.0,0.0
ENG-Premier League,2627,Fulham,Bernd Leno,GER,GK,34-208,1992,5,5,450,5.0,0,0,0,0,0,0,0,0,0.0,0.0,0.0,0.0,0.0
ENG-Premier League,2627,Fulham,Calvin Bassey,NGA,DF,26-271,1999,5,5,450,5.0,0,0,0,0,0,0,1,0,0.0,0.0,0.0,0.0,0.0
ENG-Premier League,2627,Fulham,César Palacios,ESP,MF,21-321,2004,4,3,227,2.5,1,0,1,1,0,0,1,0,0.4,0.0,0.4,0.4,0.4
ENG-Premier League,2627,Fulham,David Affengruber,AUT,DF,25-193,2001,2,2,180,2.0,0,0,0,0,0,0,0,0,0.0,0.0,0.0,0.0,0.0
ENG-Premier League,2627,Fulham,Emile Smith Rowe,ENG,MF,26-062,2000,3,0,41,0.5,0,0,0,0,0,0,0,0,0.0,0.0,0.0,0.0,0.0
ENG-Premier League,2627,Fulham,Gonzalo García,ESP,FW,22-188,2004,5,5,425,4.7,1,0,1,1,0,0,0,0,0.21,0.0,0.21,0.21,0.21
ENG-Premier League,2627,Fulham,Hugo Larsson,SWE,MF,22-093,2004,3,0,40,0.4,0,0,0,0,0,0,0,0,0.0,0.0,0.0,0.0,0.0
ENG-Premier League,2627,Fulham,Joachim Andersen,DEN,DF,30-120,1996,3,2,191,2.1,0,0,0,0,0,0,1,0,0.0,0.0,0.0,0.0,0.0
ENG-Premier League,2627,Fulham,Jorge Cuenca,ESP,DF,26-315,1999,1,1,90,1.0,0,0,0,0,0,0,0,0,0.0,0.0,0.0,0.0,0.0
ENG-Premier League,2627,Fulham,Joshua King,ENG,MF,19-268,2007,5,5,425,4.7,2,0,2,2,0,0,1,0,0.42,0.0,0.42,0.42,0.42
ENG-Premier League,2627,Fulham,Kenny Tete,NED,DF,30-354,1995,1,0,28,0.3,0,0,0,0,0,0,1,0,0.0,0.0,0.0,0.0,0.0
ENG-Premier League,2627,Fulham,Kevin,BRA,MF,23-267,2003,4,0,65,0.7,0,0,0,0,0,0,0,0,0.0,0.0,0.0,0.0,0.0
ENG-Premier League,2627,Fulham,Oscar Bobb,NOR,MF,23-078,2003,5,5,343,3.8,0,0,0,0,0,0,0,0,0.0,0.0,0.0,0.0,0.0
ENG-Premier League,2627,Fulham,Rodrigo Muniz,BRA,FW,25-147,2001,4,0,42,0.5,0,0,0,0,0,0,1,0,0.0,0.0,0.0,0.0,0.0
ENG-Premier League,2627,Fulham,Ryan Sessegnon,ENG,"DF,FW",26-133,2000,3,0,53,0.6,0,0,0,0,0,0,0,0,0.0,0.0,0.0,0.0,0.0
ENG-Premier League,2627,Fulham,Sander Berge,NOR,MF,28-226,1998,5,4,350,3.9,0,0,0,0,0,0,0,0,0.0,0.0,0.0,0.0,0.0
ENG-Premier League,2627,Fulham,Shea Charles,NIR,MF,22-327,2003,5,3,305,3.4,0,0,0,0,0,0,0,0,0.0,0.0,0.0,0.0,0.0
ENG-Premier League,2627,Fulham,Timothy Castagne,BEL,DF,30-297,1995,5,5,408,4.5,0,1,1,0,0,0,2,0,0.0,0.22,0.22,0.0,0.22
ENG-Premier League,2627,Hull City,Bachir Belloumi,ALG,MF,24-119,2002,5,5,394,4.4,2,2,4,2,0,0,1,0,0.46,0.46,0.91,0.46,0.91
ENG-Premier League,2627,Hull City,Brooke Norton-Cuffy,ENG,"DF,MF",22-259,2004,2,0,36,0.4,0,0,0,0,0,0,1,0,0.0,0.0,0.0,0.0,0.0
ENG-Premier League,2627,Hull City,Cody Drameh,ENG,"DF,MF",24-294,2001,2,0,66,0.7,0,0,0,0,0,0,0,0,0.0,0.0,0.0,0.0,0.0
ENG-Premier League,2627,Hull City,Elliot Stroud,SWE,MF,24-098,2002,4,4,249,2.8,0,0,0,0,0,0,1,0,0.0,0.0,0.0,0.0,0.0
ENG-Premier League,2627,Hull City,Hidemasa Morita,JPN,MF,31-141,1995,1,1,45,0.5,0,0,0,0,0,0,0,0,0.0,0.0,0.0,0.0,0.0
ENG-Premier League,2627,Hull City,Jens Hjertø-Dahl,NOR,MF,20-332,2005,1,0,9,0.1,0,0,0,0,0,0,0,0,0.0,0.0,0.0,0.0,0.0
ENG-Premier League,2627,Hull City,Joe Gelhardt,ENG,"FW,MF",24-147,2002,1,0,8,0.1,0,0,0,0,0,0,0,0,0.0,0.0,0.0,0.0,0.0
ENG-Premier League,2627,Hull City,John Egan,IRL,DF,33-343,1992,5,5,437,4.9,0,0,0,0,0,0,1,0,0.0,0.0,0.0,0.0,0.0
ENG-Premier League,2627,Hull City,Kostas Tzolakis,GRE,GK,23-324,2002,5,5,450,5.0,0,0,0,0,0,0,1,0,0.0,0.0,0.0,0.0,0.0
ENG-Premier League,2627,Hull City,Lewie Coyle,ENG,DF,30-348,1995,5,5,348,3.9,0,0,0,0,0,0,1,0,0.0,0.0,0.0,0.0,0.0
ENG-Premier League,2627,Hull City,Liam Millar,CAN,"FW,MF",27-001,1999,2,0,52,0.6,1,0,1,1,0,0,1,0,1.73,0.0,1.73,1.73,1.73
ENG-Premier League,2627,Hull City,Lucas Gourna-Douath,FRA,MF,23-054,2003,3,1,139,1.5,0,0,0,0,0,0,1,0,0.0,0.0,0.0,0.0,0.0
ENG-Premier League,2627,Hull City,Lucas Herrington,AUS,DF,19-023,2007,5,1,201,2.2,0,0,0,0,0,0,0,0,0.0,0.0,0.0,0.0,0.0
ENG-Premier League,2627,Hull City,Matt Crooks,ENG,MF,32-251,1994,3,3,203,2.3,0,0,0,0,0,0,3,0,0.0,0.0,0.0,0.0,0.0
ENG-Premier League,2627,Hull City,Matt Targett,ENG,"DF,MF",31-010,1995,1,0,6,0.1,0,0,0,0,0,0,0,0,0.0,0.0,0.0,0.0,0.0
ENG-Premier League,2627,Hull City,Mohamed Ali Cho,FRA,"FW,MF",22-252,2004,4,0,76,0.8,1,0,1,1,0,0,0,0,1.18,0.0,1.18,1.18,1.18
ENG-Premier League,2627,Hull City,Nobel Mendy,SEN,DF,22-025,2004,4,4,249,2.8,1,0,1,1,0,0,0,0,0.36,0.0,0.36,0.36,0.36
ENG-Premier League,2627,Hull City,Oliver McBurnie,SCO,FW,30-116,1996,5,5,441,4.9,0,1,1,0,0,0,3,0,0.0,0.2,0.2,0.0,0.2
ENG-Premier League,2627,Hull City,Paddy McNair,NIR,"DF,MF",31-154,1995,1,0,27,0.3,0,0,0,0,0,0,0,0,0.0,0.0,0.0,0.0,0.0
ENG-Premier League,2627,Hull City,Regan Slater,ENG,MF,27-017,1999,5,5,437,4.9,0,1,1,0,0,0,1,0,0.0,0.21,0.21,0.0,0.21
ENG-Premier League,2627,Hull City,Robinio Vaz,FRA,FW,19-223,2007,2,0,22,0.2,0,0,0,0,0,0,0,0,0.0,0.0,0.0,0.0,0.0
ENG-Premier League,2627,Hull City,Ryan Giles,ENG,DF,26-245,2000,5,5,444,4.9,0,1,1,0,0,0,1,0,0.0,0.2,0.2,0.0,0.2
ENG-Premier League,2627,Hull City,Semi Ajayi,NGA,DF,32-323,1993,5,5,423,4.7,1,0,1,1,0,0,1,0,0.21,0.0,0.21,0.21,0.21
ENG-Premier League,2627,Hull City,Sorba Thomas,WAL,MF,27-037,1999,3,1,121,1.3,0,0,0,0,0,0,0,0,0.0,0.0,0.0,0.0,0.0
ENG-Premier League,2627,Hull City,Tim Iroegbunam,ENG,MF,23-090,2003,2,0,67,0.7,0,0,0,0,0,0,1,0,0.0,0.0,0.0,0.0,0.0
ENG-Premier League,2627,Ipswich Town,Abdoul Ouattara,FRA,DF,20-341,2005,5,1,135,1.5,0,0,0,0,0,0,0,0,0.0,0.0,0.0,0.0,0.0
ENG-Premier League,2627,Ipswich Town,Abdul Fatawu Issahaku,GHA,MF,22-204,2004,5,5,352,3.9,0,1,1,0,0,0,4,1,0.0,0.26,0.26,0.0,0.26
ENG-Premier League,2627,Ipswich Town,Christian Walton,ENG,GK,30-323,1995,1,1,90,1.0,0,0,0,0,0,0,0,0,0.0,0.0,0.0,0.0,0.0
ENG-Premier League,2627,Ipswich Town,Chuba Akpom,ENG,"FW,MF",30-354,1995,3,0,80,0.9,1,0,1,1,0,0,0,0,1.13,0.0,1.13,1.13,1.13
ENG-Premier League,2627,Ipswich Town,Daizen Maeda,JPN,MF,28-343,1997,5,3,261,2.9,0,0,0,0,0,0,0,0,0.0,0.0,0.0,0.0,0.0
ENG-Premier League,2627,Ipswich Town,Dara O'Shea,IRL,DF,27-208,1999,5,5,450,5.0,0,0,0,0,0,0,0,0,0.0,0.0,0.0,0.0,0.0
ENG-Premier League,2627,Ipswich Town,Darnell Furlong,ENG,"DF,MF",30-332,1995,1,0,18,0.2,0,0,0,0,0,0,0,0,0.0,0.0,0.0,0.0,0.0
ENG-Premier League,2627,Ipswich Town,Emersonn,BRA,FW,22-074,2004,5,5,317,3.5,2,1,3,2,0,0,0,0,0.57,0.28,0.85,0.57,0.85
ENG-Premier League,2627,Ipswich Town,Exequiel Palacios,ARG,MF,27-358,1998,4,3,276,3.1,0,0,0,0,0,0,0,0,0.0,0.0,0.0,0.0,0.0
ENG-Premier League,2627,Ipswich Town,Florentino Luís,POR,MF,27-040,1999,2,0,32,0.4,0,0,0,0,0,0,0,0,0.0,0.0,0.0,0.0,0.0
ENG-Premier League,2627,Ipswich Town,Issa Diop,MAR,DF,29-262,1997,5,5,450,5.0,0,0,0,0,0,0,0,0,0.0,0.0,0.0,0.0,0.0
ENG-Premier League,2627,Ipswich Town,Jack Clarke,ENG,MF,25-309,2000,4,2,172,1.9,1,0,1,1,0,0,1,0,0.52,0.0,0.52,0.52,0.52
ENG-Premier League,2627,Ipswich Town,Jacob Greaves,ENG,DF,26-016,2000,4,4,357,4.0,0,0,0,0,0,0,1,0,0.0,0.0,0.0,0.0,0.0
ENG-Premier League,2627,Ipswich Town,Jaden Philogene Bidace,ENG,"FW,MF",24-232,2002,2,0,54,0.6,0,0,0,0,0,0,0,0,0.0,0.0,0.0,0.0,0.0
ENG-Premier League,2627,Ipswich Town,Julio Enciso,PAR,MF,22-248,2004,5,5,413,4.6,0,2,2,0,0,0,1,0,0.0,0.44,0.44,0.0,0.44
ENG-Premier League,2627,Ipswich Town,Kasey McAteer,IRL,MF,24-310,2001,3,0,45,0.5,0,0,0,0,0,0,0,0,0.0,0.0,0.0,0.0,0.0
ENG-Premier League,2627,Ipswich Town,Kjell Scherpen,NED,GK,26-248,2000,4,4,360,4.0,0,0,0,0,0,0,0,0,0.0,0.0,0.0,0.0,0.0
ENG-Premier League,2627,Ipswich Town,Leif Davis,ENG,DF,26-271,1999,5,5,450,5.0,2,1,3,2,0,0,0,0,0.4,0.2,0.6,0.4,0.6
ENG-Premier League,2627,Ipswich Town,Marcelino Núñez,CHI,MF,26-211,2000,2,2,140,1.6,0,0,0,0,0,0,0,0,0.0,0.0,0.0,0.0,0.0
ENG-Premier League,2627,Ipswich Town,Saša Lukić,SRB,MF,30-046,1996,5,5,400,4.4,0,1,1,0,0,0,2,0,0.0,0.23,0.23,0.0,0.23
ENG-Premier League,2627,Ipswich Town,Sindre Egeli,NOR,"FW,MF",20-099,2006,1,0,11,0.1,0,0,0,0,0,0,0,0,0.0,0.0,0.0,0.0,0.0
ENG-Premier League,2627,Ipswich Town,Zian Flemming,NED,"FW,MF",28-058,1998,3,0,63,0.7,1,0,1,1,0,0,1,0,1.43,0.0,1.43,1.43,1.43
ENG-Premier League,2627,Leeds United,Anton Stach,GER,MF,27-317,1998,5,5,447,5.0,1,0,1,1,0,0,0,0,0.2,0.0,0.2,0.2,0.2
ENG-Premier League,2627,Leeds United,Ao Tanaka,JPN,MF,28-018,1998,4,3,255,2.8,0,1,1,0,0,0,1,0,0.0,0.35,0.35,0.0,0.35
ENG-Premier League,2627,Leeds United,Brenden Aaronson,USA,MF,25-341,2000,5,2,197,2.2,0,0,0,0,0,0,0,0,0.0,0.0,0.0,0.0,0.0
ENG-Premier League,2627,Leeds United,Daniel James,WAL,"FW,MF",28-322,1997,3,0,55,0.6,0,0,0,0,0,0,0,0,0.0,0.0,0.0,0.0,0.0
ENG-Premier League,2627,Leeds United,Dominic Calvert-Lewin,ENG,FW,29-196,1997,5,5,419,4.7,2,1,3,2,0,0,3,0,0.43,0.21,0.64,0.43,0.64
ENG-Premier League,2627,Leeds United,Ethan Ampadu,WAL,MF,26-014,2000,5,5,450,5.0,0,0,0,0,0,0,0,0,0.0,0.0,0.0,0.0,0.0
ENG-Premier League,2627,Leeds United,Gabriel Gudmundsson,SWE,MF,27-152,1999,3,3,250,2.8,0,0,0,0,0,0,0,0,0.0,0.0,0.0,0.0,0.0
ENG-Premier League,2627,Leeds United,Harry Wilson,WAL,MF,29-190,1997,4,1,147,1.6,0,0,0,0,0,0,1,0,0.0,0.0,0.0,0.0,0.0
ENG-Premier League,2627,Leeds United,Jaka Bijol,SVN,DF,27-235,1999,3,2,165,1.8,0,0,0,0,0,0,0,0,0.0,0.0,0.0,0.0,0.0
ENG-Premier League,2627,Leeds United,James Justin,ENG,"DF,MF",28-217,1998,5,5,450,5.0,0,0,0,0,0,0,0,0,0.0,0.0,0.0,0.0,0.0
ENG-Premier League,2627,Leeds United,James Trafford,ENG,GK,23-353,2002,5,5,450,5.0,0,0,0,0,0,0,0,0,0.0,0.0,0.0,0.0,0.0
ENG-Premier League,2627,Leeds United,Jayden Bogle,ENG,MF,26-063,2000,5,5,365,4.1,2,0,2,2,0,0,2,0,0.49,0.0,0.49,0.49,0.49
ENG-Premier League,2627,Leeds United,Jean Mattéo Bahoya,FRA,MF,21-144,2005,1,0,1,0.0,0,0,0,0,0,0,0,0,0.0,0.0,0.0,0.0,0.0
ENG-Premier League,2627,Leeds United,Joe Rodon,WAL,DF,28-341,1997,2,2,123,1.4,0,0,0,0,0,0,0,0,0.0,0.0,0.0,0.0,0.0
ENG-Premier League,2627,Leeds United,Lukas Nmecha,GER,FW,27-288,1998,4,0,68,0.8,0,1,1,0,0,0,0,0,0.0,1.32,1.32,0.0,1.32
ENG-Premier League,2627,Leeds United,Melvin Bard,FRA,"DF,MF",25-326,2000,1,0,19,0.2,0,0,0,0,0,0,0,0,0.0,0.0,0.0,0.0,0.0
ENG-Premier League,2627,Leeds United,Nico Elvedi,SUI,DF,29-363,1996,4,3,327,3.6,0,0,0,0,0,0,0,0,0.0,0.0,0.0,0.0,0.0
ENG-Premier League,2627,Leeds United,Noah Okafor,SUI,"MF,FW",26-127,2000,5,4,300,3.3,1,0,1,1,0,0,0,0,0.3,0.0,0.3,0.3,0.3
ENG-Premier League,2627,Leeds United,Sean Longstaff,ENG,MF,28-333,1997,2,0,12,0.1,0,0,0,0,0,0,0,0,0.0,0.0,0.0,0.0,0.0
ENG-Premier League,2627,Leeds United,Tarik Muharemovic,BIH,DF,23-212,2003,5,5,450,5.0,0,1,1,0,0,0,0,0,0.0,0.2,0.2,0.0,0.2
ENG-Premier League,2627,Liverpool,Alexander Isak,SWE,FW,27-007,1999,5,5,413,4.6,4,0,4,4,0,0,1,0,0.87,0.0,0.87,0.87,0.87
ENG-Premier League,2627,Liverpool,Alexis Mac Allister,ARG,MF,27-278,1998,5,3,308,3.4,0,0,0,0,0,0,1,0,0.0,0.0,0.0,0.0,0.0
ENG-Premier League,2627,Liverpool,Alisson,BRA,GK,33-361,1992,5,5,450,5.0,0,0,0,0,0,0,1,0,0.0,0.0,0.0,0.0,0.0
ENG-Premier League,2627,Liverpool,Bradley Barcola,FRA,MF,24-026,2002,3,2,169,1.9,0,0,0,0,0,0,0,0,0.0,0.0,0.0,0.0,0.0
ENG-Premier League,2627,Liverpool,Cody Gakpo,NED,MF,27-144,1999,5,4,371,4.1,1,3,4,1,0,0,0,0,0.24,0.73,0.97,0.24,0.97
ENG-Premier League,2627,Liverpool,Dominik Szoboszlai,HUN,MF,25-338,2000,5,5,440,4.9,1,0,1,0,1,1,1,0,0.2,0.0,0.2,0.0,0.0
ENG-Premier League,2627,Liverpool,Florian Wirtz,GER,MF,23-148,2003,5,5,401,4.5,0,1,1,0,0,0,1,0,0.0,0.22,0.22,0.0,0.22
ENG-Premier League,2627,Liverpool,Jeremie Frimpong,NED,DF,25-292,2000,3,2,179,2.0,0,0,0,0,0,0,1,0,0.0,0.0,0.0,0.0,0.0
ENG-Premier League,2627,Liverpool,Jérémy Jacquet,FRA,DF,21-077,2005,5,5,415,4.6,0,0,0,0,0,0,1,0,0.0,0.0,0.0,0.0,0.0
ENG-Premier League,2627,Liverpool,Kostas Tsimikas,GRE,DF,30-139,1996,2,1,65,0.7,0,0,0,0,0,0,0,0,0.0,0.0,0.0,0.0,0.0
ENG-Premier League,2627,Liverpool,Lewis Koumas,WAL,"FW,MF",21-009,2005,3,0,24,0.3,0,0,0,0,0,0,0,0,0.0,0.0,0.0,0.0,0.0
ENG-Premier League,2627,Liverpool,Milos Kerkez,HUN,DF,22-325,2003,5,4,385,4.3,0,0,0,0,0,0,2,0,0.0,0.0,0.0,0.0,0.0
ENG-Premier League,2627,Liverpool,Rio Ngumoha,ENG,MF,18-030,2008,3,1,101,1.1,0,0,0,0,0,0,0,0,0.0,0.0,0.0,0.0,0.0
ENG-Premier League,2627,Liverpool,Ronald Araújo,URU,DF,27-205,1999,5,3,286,3.2,0,0,0,0,0,0,1,0,0.0,0.0,0.0,0.0,0.0
ENG-Premier League,2627,Liverpool,Ryan Gravenberch,NED,MF,24-135,2002,5,2,193,2.1,0,1,1,0,0,0,0,0,0.0,0.47,0.47,0.0,0.47
ENG-Premier League,2627,Liverpool,Trey Nyoni,ENG,MF,19-090,2007,3,0,41,0.5,0,0,0,0,0,0,0,0,0.0,0.0,0.0,0.0,0.0
ENG-Premier League,2627,Liverpool,Virgil van Dijk,NED,DF,35-082,1991,5,5,450,5.0,0,0,0,0,0,0,1,0,0.0,0.0,0.0,0.0,0.0
ENG-Premier League,2627,Liverpool,Víctor Muñoz,ESP,MF,23-077,2003,5,3,259,2.9,1,0,1,1,0,0,1,0,0.35,0.0,0.35,0.35,0.35
ENG-Premier League,2627,Manchester City,Abdukodir Khusanov,UZB,DF,22-211,2004,3,3,268,3.0,0,0,0,0,0,0,1,0,0.0,0.0,0.0,0.0,0.0
ENG-Premier League,2627,Manchester City,Antoine Semenyo,GHA,MF,26-264,2000,5,5,450,5.0,2,3,5,2,0,0,0,0,0.4,0.6,1.0,0.4,1.0
ENG-Premier League,2627,Manchester City,Ayyoub Bouaddi,MAR,MF,18-361,2007,2,0,24,0.3,0,0,0,0,0,0,0,0,0.0,0.0,0.0,0.0,0.0
ENG-Premier League,2627,Manchester City,Elliot Anderson,ENG,MF,23-326,2002,5,5,413,4.6,0,0,0,0,0,0,1,0,0.0,0.0,0.0,0.0,0.0
ENG-Premier League,2627,Manchester City,Enzo Fernández,ARG,MF,25-254,2001,3,3,246,2.7,1,0,1,1,0,0,1,0,0.37,0.0,0.37,0.37,0.37
ENG-Premier League,2627,Manchester City,Erling Haaland,NOR,FW,26-069,2000,5,5,450,5.0,5,0,5,5,0,0,0,0,1.0,0.0,1.0,1.0,1.0
ENG-Premier League,2627,Manchester City,Gianluigi Donnarumma,ITA,GK,27-215,1999,5,5,450,5.0,0,0,0,0,0,0,0,0,0.0,0.0,0.0,0.0,0.0
ENG-Premier League,2627,Manchester City,Iliman Ndiaye,SEN,MF,26-206,2000,3,2,205,2.3,0,0,0,0,0,0,0,0,0.0,0.0,0.0,0.0,0.0
ENG-Premier League,2627,Manchester City,Jack Grealish,ENG,"FW,MF",31-018,1995,1,0,9,0.1,0,0,0,0,0,0,0,0,0.0,0.0,0.0,0.0,0.0
ENG-Premier League,2627,Manchester City,Jeremy Doku,BEL,"FW,MF",24-124,2002,1,0,16,0.2,0,0,0,0,0,0,0,0,0.0,0.0,0.0,0.0,0.0
ENG-Premier League,2627,Manchester City,Joško Gvardiol,CRO,DF,24-248,2002,5,5,434,4.8,1,2,3,1,0,0,1,0,0.21,0.41,0.62,0.21,0.62
ENG-Premier League,2627,Manchester City,Kaden Braithwaite,ENG,DF,18-232,2008,1,0,2,0.0,0,0,0,0,0,0,0,0,0.0,0.0,0.0,0.0,0.0
ENG-Premier League,2627,Manchester City,Marc Guéhi,ENG,"DF,MF",26-077,2000,5,5,450,5.0,1,1,2,1,0,0,0,0,0.2,0.2,0.4,0.2,0.4
ENG-Premier League,2627,Manchester City,Mateo Kovačić,CRO,MF,32-145,1994,2,0,44,0.5,0,0,0,0,0,0,0,0,0.0,0.0,0.0,0.0,0.0
ENG-Premier League,2627,Manchester City,Matheus Nunes,POR,DF,28-032,1998,3,2,214,2.4,0,0,0,0,0,0,0,0,0.0,0.0,0.0,0.0,0.0
ENG-Premier League,2627,Manchester City,Nico O'Reilly,ENG,MF,21-191,2005,4,2,165,1.8,0,0,0,0,0,0,0,0,0.0,0.0,0.0,0.0,0.0
ENG-Premier League,2627,Manchester City,Phil Foden,ENG,MF,26-123,2000,4,3,218,2.4,0,2,2,0,0,0,1,1,0.0,0.83,0.83,0.0,0.83
ENG-Premier League,2627,Manchester City,Rayan Cherki,FRA,MF,23-042,2003,5,4,303,3.4,3,2,5,3,0,0,1,0,0.89,0.59,1.49,0.89,1.49
ENG-Premier League,2627,Manchester City,Rico Lewis,ENG,DF,21-311,2004,1,1,56,0.6,0,0,0,0,0,0,0,0,0.0,0.0,0.0,0.0,0.0
ENG-Premier League,2627,Manchester City,Ryan Mcaidoo,ENG,FW,18-096,2008,2,0,13,0.1,0,0,0,0,0,0,0,0,0.0,0.0,0.0,0.0,0.0
ENG-Premier League,2627,Manchester City,Rúben Dias,POR,DF,29-137,1997,5,5,450,5.0,0,0,0,0,0,0,0,0,0.0,0.0,0.0,0.0,0.0
ENG-Premier League,2627,Manchester City,Vitor Reis,BRA,DF,20-259,2006,1,0,2,0.0,0,0,0,0,0,0,0,0,0.0,0.0,0.0,0.0,0.0
ENG-Premier League,2627,Manchester Utd,Andrey Santos,BRA,MF,22-148,2004,3,1,84,0.9,0,0,0,0,0,0,0,0,0.0,0.0,0.0,0.0,0.0
ENG-Premier League,2627,Manchester Utd,Ayden Heaven,ENG,DF,20-006,2006,1,1,90,1.0,0,0,0,0,0,0,0,0,0.0,0.0,0.0,0.0,0.0
ENG-Premier League,2627,Manchester Utd,Benjamin Šeško,SVN,FW,23-120,2003,4,0,80,0.9,1,0,1,1,0,0,0,0,1.13,0.0,1.13,1.13,1.13
ENG-Premier League,2627,Manchester Utd,Bruno Fernandes,POR,MF,32-020,1994,5,5,450,5.0,3,1,4,2,1,1,0,0,0.6,0.2,0.8,0.4,0.6
ENG-Premier League,2627,Manchester Utd,Bryan Mbeumo,CMR,MF,27-052,1999,5,5,450,5.0,2,0,2,2,0,0,1,0,0.4,0.0,0.4,0.4,0.4
ENG-Premier League,2627,Manchester Utd,Diogo Dalot,POR,DF,27-194,1999,5,4,347,3.9,0,0,0,0,0,0,1,0,0.0,0.0,0.0,0.0,0.0
ENG-Premier League,2627,Manchester Utd,Harry Maguire,ENG,DF,33-207,1993,5,5,450,5.0,0,0,0,0,0,0,2,0,0.0,0.0,0.0,0.0,0.0
ENG-Premier League,2627,Manchester Utd,Joshua Zirkzee,NED,FW,25-129,2001,2,0,22,0.2,0,0,0,0,0,0,0,0,0.0,0.0,0.0,0.0,0.0
ENG-Premier League,2627,Manchester Utd,Kobbie Mainoo,ENG,MF,21-162,2005,5,4,355,3.9,0,1,1,0,0,0,0,0,0.0,0.25,0.25,0.0,0.25
ENG-Premier League,2627,Manchester Utd,Leny Yoro,FRA,DF,20-319,2005,2,0,24,0.3,0,0,0,0,0,0,0,0,0.0,0.0,0.0,0.0,0.0
ENG-Premier League,2627,Manchester Utd,Lisandro Martínez,ARG,DF,28-253,1998,4,4,360,4.0,0,0,0,0,0,0,0,0,0.0,0.0,0.0,0.0,0.0
ENG-Premier League,2627,Manchester Utd,Luke Shaw,ENG,DF,31-078,1995,4,4,334,3.7,0,1,1,0,0,0,1,0,0.0,0.27,0.27,0.0,0.27
ENG-Premier League,2627,Manchester Utd,Marcus Rashford,ENG,MF,28-332,1997,5,4,351,3.9,0,0,0,0,0,0,0,0,0.0,0.0,0.0,0.0,0.0
ENG-Premier League,2627,Manchester Utd,Mason Mount,ENG,MF,27-261,1999,1,0,11,0.1,0,0,0,0,0,0,0,0,0.0,0.0,0.0,0.0,0.0
ENG-Premier League,2627,Manchester Utd,Matheus Cunha,BRA,FW,27-124,1999,5,5,407,4.5,1,1,2,1,0,0,0,0,0.22,0.22,0.44,0.22,0.44
ENG-Premier League,2627,Manchester Utd,Noussair Mazraoui,MAR,DF,28-318,1997,3,1,98,1.1,0,0,0,0,0,0,0,0,0.0,0.0,0.0,0.0,0.0
ENG-Premier League,2627,Manchester Utd,Patrick Dorgu,DEN,"MF,DF",21-337,2004,5,2,174,1.9,0,1,1,0,0,0,1,0,0.0,0.52,0.52,0.0,0.52
ENG-Premier League,2627,Manchester Utd,Senne Lammens,BEL,GK,24-083,2002,5,5,450,5.0,0,0,0,0,0,0,0,0,0.0,0.0,0.0,0.0,0.0
ENG-Premier League,2627,Manchester Utd,Shea Lacey,ENG,FW,19-167,2007,1,0,11,0.1,0,0,0,0,0,0,0,0,0.0,0.0,0.0,0.0,0.0
ENG-Premier League,2627,Manchester Utd,Youri Tielemans,BEL,MF,29-144,1997,5,5,402,4.5,0,0,0,0,0,0,0,0,0.0,0.0,0.0,0.0,0.0
ENG-Premier League,2627,Newcastle,Aladji Bamba,FRA,MF,20-076,2006,3,0,30,0.3,0,0,0,0,0,0,0,0,0.0,0.0,0.0,0.0,0.0
ENG-Premier League,2627,Newcastle,Amar Dedić,BIH,DF,24-041,2002,4,4,327,3.6,0,1,1,0,0,0,0,0,0.0,0.28,0.28,0.0,0.28
ENG-Premier League,2627,Newcastle,Anthony Elanga,SWE,MF,24-154,2002,3,3,232,2.6,2,0,2,2,0,0,1,0,0.78,0.0,0.78,0.78,0.78
ENG-Premier League,2627,Newcastle,Bazoumana Touré,CIV,MF,20-210,2006,3,0,52,0.6,1,0,1,1,0,0,0,0,1.73,0.0,1.73,1.73,1.73
ENG-Premier League,2627,Newcastle,Fabian Schär,SUI,DF,34-282,1991,2,0,26,0.3,0,0,0,0,0,0,0,0,0.0,0.0,0.0,0.0,0.0
ENG-Premier League,2627,Newcastle,Harvey Barnes,ENG,MF,28-293,1997,5,5,449,5.0,1,2,3,1,0,0,0,0,0.2,0.4,0.6,0.2,0.6
ENG-Premier League,2627,Newcastle,Jacob Murphy,ENG,MF,31-216,1995,5,2,184,2.0,0,0,0,0,0,0,3,0,0.0,0.0,0.0,0.0,0.0
ENG-Premier League,2627,Newcastle,Jacob Ramsey,ENG,MF,25-123,2001,3,0,72,0.8,1,0,1,1,0,0,1,0,1.25,0.0,1.25,1.25,1.25
ENG-Premier League,2627,Newcastle,Joe Willock,ENG,MF,27-039,1999,5,3,286,3.2,2,0,2,2,0,0,0,0,0.63,0.0,0.63,0.63,0.63
ENG-Premier League,2627,Newcastle,Lewis Hall,ENG,DF,22-020,2004,5,5,449,5.0,1,1,2,1,0,0,0,0,0.2,0.2,0.4,0.2,0.4
ENG-Premier League,2627,Newcastle,Lewis Miley,ENG,"MF,DF",20-150,2006,5,5,396,4.4,0,0,0,0,0,0,1,0,0.0,0.0,0.0,0.0,0.0
ENG-Premier League,2627,Newcastle,Lukáš Horníček,CZE,GK,24-077,2002,5,5,450,5.0,0,0,0,0,0,0,1,0,0.0,0.0,0.0,0.0,0.0
ENG-Premier League,2627,Newcastle,Malick Thiaw,GER,DF,25-051,2001,5,5,450,5.0,0,0,0,0,0,0,0,0,0.0,0.0,0.0,0.0,0.0
ENG-Premier League,2627,Newcastle,Matias Fernandez-Pardo,BEL,"MF,FW",21-237,2005,3,2,158,1.8,0,0,0,0,0,0,0,0,0.0,0.0,0.0,0.0,0.0
ENG-Premier League,2627,Newcastle,Nick Woltemade,GER,"FW,MF",24-226,2002,1,0,20,0.2,0,1,1,0,0,0,0,0,0.0,4.5,4.5,0.0,4.5
ENG-Premier League,2627,Newcastle,Nicolás González,ESP,MF,24-268,2002,3,3,164,1.8,0,0,0,0,0,0,1,0,0.0,0.0,0.0,0.0,0.0
ENG-Premier League,2627,Newcastle,Sean Steur,NED,MF,18-260,2008,5,2,226,2.5,0,0,0,0,0,0,0,0,0.0,0.0,0.0,0.0,0.0
ENG-Premier League,2627,Newcastle,Sven Botman,NED,DF,26-259,2000,5,5,450,5.0,0,0,0,0,0,0,1,0,0.0,0.0,0.0,0.0,0.0
ENG-Premier League,2627,Newcastle,Tino Livramento,ENG,"DF,MF",23-320,2002,2,0,34,0.4,0,0,0,0,0,0,1,0,0.0,0.0,0.0,0.0,0.0
ENG-Premier League,2627,Newcastle,William Osula,DEN,FW,23-055,2003,1,1,55,0.6,0,1,1,0,0,0,0,0,0.0,1.64,1.64,0.0,1.64
ENG-Premier League,2627,Newcastle,Yoane Wissa,COD,"FW,MF",30-025,1996,5,5,440,4.9,1,1,2,1,0,1,2,0,0.2,0.2,0.41,0.2,0.41
ENG-Premier League,2627,Nottingham,Arnaud Kalimuendo,FRA,FW,24-251,2002,1,0,1,0.0,0,0,0,0,0,0,0,0,0.0,0.0,0.0,0.0,0.0
ENG-Premier League,2627,Nottingham,Callum Hudson-Odoi,ENG,"FW,MF",25-325,2000,1,0,1,0.0,0,0,0,0,0,0,0,0,0.0,0.0,0.0,0.0,0.0
ENG-Premier League,2627,Nottingham,Chris Wood,NZL,FW,34-295,1991,4,0,65,0.7,0,0,0,0,0,0,0,0,0.0,0.0,0.0,0.0,0.0
ENG-Premier League,2627,Nottingham,Dan Ndoye,SUI,MF,25-338,2000,5,5,316,3.5,1,0,1,1,0,0,1,0,0.28,0.0,0.28,0.28,0.28
ENG-Premier League,2627,Nottingham,Daniel Muñoz,COL,MF,30-125,1996,3,2,204,2.3,0,0,0,0,0,0,0,0,0.0,0.0,0.0,0.0,0.0
ENG-Premier League,2627,Nottingham,Ibrahim Sangaré,CIV,MF,28-300,1997,3,1,107,1.2,0,0,0,0,0,0,0,0,0.0,0.0,0.0,0.0,0.0
ENG-Premier League,2627,Nottingham,Igor Jesus,BRA,FW,25-215,2001,5,2,259,2.9,1,0,1,1,0,0,1,0,0.35,0.0,0.35,0.35,0.35
ENG-Premier League,2627,Nottingham,Jair Cunha,BRA,DF,21-205,2005,4,4,360,4.0,0,0,0,0,0,0,2,0,0.0,0.0,0.0,0.0,0.0
ENG-Premier League,2627,Nottingham,James Mcatee,ENG,MF,23-345,2002,5,5,415,4.6,0,0,0,0,0,0,2,0,0.0,0.0,0.0,0.0,0.0
ENG-Premier League,2627,Nottingham,Liam Delap,ENG,FW,23-232,2003,4,3,277,3.1,1,0,1,1,0,0,2,0,0.32,0.0,0.32,0.32,0.32
ENG-Premier League,2627,Nottingham,Luca Netz,GER,"DF,MF",23-136,2003,3,0,30,0.3,0,0,0,0,0,0,0,0,0.0,0.0,0.0,0.0,0.0
ENG-Premier League,2627,Nottingham,Matz Sels,BEL,GK,34-214,1992,5,5,450,5.0,0,0,0,0,0,0,0,0,0.0,0.0,0.0,0.0,0.0
ENG-Premier League,2627,Nottingham,Morgan Gibbs-White,ENG,MF,26-244,2000,5,5,450,5.0,1,2,3,0,1,1,0,0,0.2,0.4,0.6,0.0,0.4
ENG-Premier League,2627,Nottingham,Murillo,BRA,DF,24-086,2002,5,5,448,5.0,0,1,1,0,0,0,1,0,0.0,0.2,0.2,0.0,0.2
ENG-Premier League,2627,Nottingham,Neco Williams,WAL,MF,25-168,2001,5,5,450,5.0,0,0,0,0,0,0,0,0,0.0,0.0,0.0,0.0,0.0
ENG-Premier League,2627,Nottingham,Nicolás Domínguez,ARG,MF,28-092,1998,1,0,1,0.0,0,0,0,0,0,0,0,0,0.0,0.0,0.0,0.0,0.0
ENG-Premier League,2627,Nottingham,Nikola Milenković,SRB,DF,28-351,1997,3,3,270,3.0,0,0,0,0,0,0,1,0,0.0,0.0,0.0,0.0,0.0
ENG-Premier League,2627,Nottingham,Ola Aina,NGA,"MF,DF",29-355,1996,4,4,306,3.4,0,0,0,0,0,0,2,0,0.0,0.0,0.0,0.0,0.0
ENG-Premier League,2627,Nottingham,Ousmane Diomande,CIV,DF,22-298,2003,3,2,163,1.8,0,0,0,0,0,0,0,0,0.0,0.0,0.0,0.0,0.0
ENG-Premier League,2627,Nottingham,Xaver Schlager,AUT,MF,29-000,1997,5,4,377,4.2,0,0,0,0,0,0,1,0,0.0,0.0,0.0,0.0,0.0
ENG-Premier League,2627,Sunderland,Brian Brobbey,NED,FW,24-239,2002,5,5,400,4.4,3,0,3,3,0,0,1,0,0.68,0.0,0.68,0.68,0.68
ENG-Premier League,2627,Sunderland,Chemsdine Talbi,MAR,MF,21-142,2005,1,0,32,0.4,0,0,0,0,0,0,0,0,0.0,0.0,0.0,0.0,0.0
ENG-Premier League,2627,Sunderland,Chris Rigg,ENG,MF,19-102,2007,2,0,19,0.2,0,0,0,0,0,0,0,0,0.0,0.0,0.0,0.0,0.0
ENG-Premier League,2627,Sunderland,Daniel Ballard,NIR,DF,27-006,1999,5,5,450,5.0,0,0,0,0,0,0,2,0,0.0,0.0,0.0,0.0,0.0
ENG-Premier League,2627,Sunderland,Dayann Methalie,FRA,DF,20-225,2006,1,1,90,1.0,0,0,0,0,0,0,1,0,0.0,0.0,0.0,0.0,0.0
ENG-Premier League,2627,Sunderland,Enzo Le Fée,FRA,MF,26-237,2000,5,5,438,4.9,1,1,2,0,1,2,0,0,0.21,0.21,0.41,0.0,0.21
ENG-Premier League,2627,Sunderland,Granit Xhaka,SUI,MF,34-001,1992,5,5,450,5.0,0,0,0,0,0,0,2,0,0.0,0.0,0.0,0.0,0.0
ENG-Premier League,2627,Sunderland,Habib Diarra,SEN,MF,22-268,2004,2,0,29,0.3,0,1,1,0,0,0,0,0,0.0,3.1,3.1,0.0,3.1
ENG-Premier League,2627,Sunderland,Kevin Danso,AUT,DF,28-009,1998,3,3,270,3.0,0,0,0,0,0,0,0,0,0.0,0.0,0.0,0.0,0.0
ENG-Premier League,2627,Sunderland,Luke O'Nien,ENG,DF,31-311,1994,1,1,66,0.7,0,0,0,0,0,0,1,0,0.0,0.0,0.0,0.0,0.0
ENG-Premier League,2627,Sunderland,Malick Fofana,BEL,"FW,MF",21-181,2005,3,0,63,0.7,0,0,0,0,0,0,0,0,0.0,0.0,0.0,0.0,0.0
ENG-Premier League,2627,Sunderland,Nilson Angulo,ECU,MF,23-101,2003,5,5,313,3.5,1,1,2,1,0,0,1,0,0.29,0.29,0.58,0.29,0.58
ENG-Premier League,2627,Sunderland,Noah Sadiki,COD,MF,21-285,2004,5,5,410,4.6,0,0,0,0,0,0,1,0,0.0,0.0,0.0,0.0,0.0
ENG-Premier League,2627,Sunderland,Nordi Mukiele,FRA,DF,28-331,1997,4,4,360,4.0,0,0,0,0,0,0,1,0,0.0,0.0,0.0,0.0,0.0
ENG-Premier League,2627,Sunderland,Omar Alderete,PAR,DF,29-276,1996,1,0,24,0.3,0,0,0,0,0,0,0,0,0.0,0.0,0.0,0.0,0.0
ENG-Premier League,2627,Sunderland,Reinildo Mandava,MOZ,DF,32-250,1994,4,4,359,4.0,0,0,0,0,0,0,2,1,0.0,0.0,0.0,0.0,0.0
ENG-Premier League,2627,Sunderland,Robin Roefs,NED,GK,23-254,2003,5,5,450,5.0,0,0,0,0,0,0,0,0,0.0,0.0,0.0,0.0,0.0
ENG-Premier League,2627,Sunderland,Romaine Mundle,ENG,MF,23-157,2003,1,0,1,0.0,0,0,0,0,0,0,0,0,0.0,0.0,0.0,0.0,0.0
ENG-Premier League,2627,Sunderland,Thomas Meunier,BEL,"MF,DF",35-016,1991,5,5,396,4.4,0,1,1,0,0,0,0,0,0.0,0.23,0.23,0.0,0.23
ENG-Premier League,2627,Sunderland,Trai Hume,NIR,MF,24-194,2002,4,2,208,2.3,0,0,0,0,0,0,0,0,0.0,0.0,0.0,0.0,0.0
ENG-Premier League,2627,Sunderland,Wilson Isidor,HAI,"FW,MF",26-032,2000,5,0,121,1.3,1,0,1,1,0,0,0,0,0.74,0.0,0.74,0.74,0.74
ENG-Premier League,2627,Tottenham,Andy Robertson,SCO,DF,32-201,1994,5,4,367,4.1,0,1,1,0,0,0,0,0,0.0,0.25,0.25,0.0,0.25
ENG-Premier League,2627,Tottenham,Antonín Kinský,CZE,GK,23-199,2003,5,5,450,5.0,0,0,0,0,0,0,0,0,0.0,0.0,0.0,0.0,0.0
ENG-Premier League,2627,Tottenham,Archie Gray,ENG,DF,20-200,2006,4,3,308,3.4,0,0,0,0,0,0,0,0,0.0,0.0,0.0,0.0,0.0
ENG-Premier League,2627,Tottenham,Conor Gallagher,ENG,MF,26-234,2000,3,2,135,1.5,1,0,1,1,0,0,1,0,0.67,0.0,0.67,0.67,0.67
ENG-Premier League,2627,Tottenham,Destiny Udogie,ITA,DF,23-304,2002,3,1,88,1.0,0,0,0,0,0,0,1,0,0.0,0.0,0.0,0.0,0.0
ENG-Premier League,2627,Tottenham,Dominic Solanke,ENG,FW,29-014,1997,5,2,173,1.9,0,0,0,0,0,0,0,0,0.0,0.0,0.0,0.0,0.0
ENG-Premier League,2627,Tottenham,James Maddison,ENG,"FW,MF",29-309,1996,3,0,62,0.7,0,0,0,0,0,0,0,0,0.0,0.0,0.0,0.0,0.0
ENG-Premier League,2627,Tottenham,Jan Paul van Hecke,NED,DF,26-112,2000,5,5,450,5.0,1,0,1,1,0,0,1,0,0.2,0.0,0.2,0.2,0.2
ENG-Premier League,2627,Tottenham,Lucas Bergvall,SWE,MF,20-238,2006,3,1,80,0.9,0,0,0,0,0,0,0,0,0.0,0.0,0.0,0.0,0.0
ENG-Premier League,2627,Tottenham,Marcos Senesi,ARG,DF,29-141,1997,1,1,90,1.0,0,0,0,0,0,0,0,0,0.0,0.0,0.0,0.0,0.0
ENG-Premier League,2627,Tottenham,Mateus Fernandes,POR,MF,22-080,2004,5,3,249,2.8,0,0,0,0,0,0,1,0,0.0,0.0,0.0,0.0,0.0
ENG-Premier League,2627,Tottenham,Mathys Tel,FRA,MF,21-154,2005,4,3,258,2.9,0,0,0,0,0,0,0,0,0.0,0.0,0.0,0.0,0.0
ENG-Premier League,2627,Tottenham,Micky van de Ven,NED,DF,25-162,2001,4,4,360,4.0,0,0,0,0,0,0,1,0,0.0,0.0,0.0,0.0,0.0
ENG-Premier League,2627,Tottenham,Mikey Moore,ENG,MF,19-048,2007,2,1,90,1.0,0,0,0,0,0,0,0,0,0.0,0.0,0.0,0.0,0.0
ENG-Premier League,2627,Tottenham,Mohammed Kudus,GHA,"FW,MF",26-057,2000,4,0,126,1.4,0,1,1,0,0,0,0,0,0.0,0.71,0.71,0.0,0.71
ENG-Premier League,2627,Tottenham,Mykhailo Mudryk,UKR,MF,25-266,2001,1,0,17,0.2,0,0,0,0,0,0,0,0,0.0,0.0,0.0,0.0,0.0
ENG-Premier League,2627,Tottenham,Omar Marmoush,EGY,"MF,FW",27-233,1999,4,4,339,3.8,0,0,0,0,0,0,0,0,0.0,0.0,0.0,0.0,0.0
ENG-Premier League,2627,Tottenham,Pedro Porro,ESP,"DF,MF",27-015,1999,3,3,198,2.2,0,0,0,0,0,0,0,0,0.0,0.0,0.0,0.0,0.0
ENG-Premier League,2627,Tottenham,Richarlison,BRA,FW,29-141,1997,1,1,67,0.7,0,0,0,0,0,0,0,0,0.0,0.0,0.0,0.0,0.0
ENG-Premier League,2627,Tottenham,Rodrigo Bentancur,URU,MF,29-095,1997,5,4,370,4.1,0,0,0,0,0,0,0,0,0.0,0.0,0.0,0.0,0.0
ENG-Premier League,2627,Tottenham,Sandro Tonali,ITA,MF,26-143,2000,5,5,427,4.7,0,0,0,0,0,0,0,0,0.0,0.0,0.0,0.0,0.0
ENG-Premier League,2627,Tottenham,Sávio,BRA,MF,22-171,2004,3,3,240,2.7,0,0,0,0,0,0,0,0,0.0,0.0,0.0,0.0,0.0
ENG-Premier League,2627,Tottenham,Tosin Adarabioyo,ENG,DF,29-004,1997,1,0,6,0.1,0,0,0,0,0,0,0,0,0.0,0.0,0.0,0.0,0.0
