league,season,team,player,nation,pos,age,born,Playing Time,Playing Time,Playing Time,Playing Time,Playing Time,Starts,Starts,Starts,Subs,Subs,Subs,Team Success,Team Success,Team Success,Team Success,Team Success,Team Success
,,,,,,,,MP,Min,Mn/MP,Min%,90s,Starts,Mn/Start,Compl,Subs,Mn/Sub,unSub,PPM,onG,onGA,+/-,+/-90,On-Off
ENG-Premier League,2627,Arsenal,Ben White,ENG,DF,28-355,1997,4,315,79,70.0,3.5,4,79,3,0,,0,3.0,6,1,5,1.43,2.1
ENG-Premier League,2627,Arsenal,Bruno Guimarães,BRA,MF,28-316,1997,3,124,41,27.6,1.4,1,59,0,2,33,1,2.0,2,3,-1,-0.73,-2.11
ENG-Premier League,2627,Arsenal,Bukayo Saka,ENG,MF,25-023,2001,5,416,83,92.4,4.6,5,83,2,0,,0,2.4,8,4,4,0.87,0.87
ENG-Premier League,2627,Arsenal,Christos Tzolis,GRE,MF,24-241,2002,5,362,72,80.4,4.0,5,72,1,0,,0,2.4,6,4,2,0.5,-1.55
ENG-Premier League,2627,Arsenal,Cristhian Mosquera,ESP,DF,22-093,2004,2,168,84,37.3,1.9,2,84,1,0,,0,3.0,4,0,4,2.14,2.14
ENG-Premier League,2627,Arsenal,David Raya,ESP,GK,31-013,1995,5,450,90,100.0,5.0,5,90,5,0,,0,2.4,8,4,4,0.8,
ENG-Premier League,2627,Arsenal,Declan Rice,ENG,MF,27-257,1999,5,411,82,91.3,4.6,5,82,2,0,,0,2.4,7,4,3,0.66,-1.65
ENG-Premier League,2627,Arsenal,Eberechi Eze,ENG,"FW,MF",28-091,1998,4,88,22,19.6,1.0,0,,0,4,22,1,2.25,2,0,2,2.05,1.55
ENG-Premier League,2627,Arsenal,Ethan Nwaneri,ENG,MF,19-191,2007,0,,,,,0,,0,0,,1,,,,,,
ENG-Premier League,2627,Arsenal,Ezri Konsa,ENG,DF,28-340,1997,4,282,71,62.7,3.1,3,90,3,1,12,0,2.25,4,4,0,0.0,-2.14
ENG-Premier League,2627,Arsenal,Gabriel Magalhães,BRA,DF,28-283,1997,5,450,90,100.0,5.0,5,90,5,0,,0,2.4,8,4,4,0.8,
ENG-Premier League,2627,Arsenal,Jurriën Timber,NED,DF,25-103,2001,2,104,52,23.1,1.2,1,59,0,1,45,0,1.5,2,3,-1,-0.87,-2.17
ENG-Premier League,2627,Arsenal,Kai Havertz,GER,FW,27-109,1999,5,437,87,97.1,4.9,5,87,4,0,,0,2.4,8,4,4,0.82,0.82
ENG-Premier League,2627,Arsenal,Kepa Arrizabalaga,ESP,GK,31-360,1994,0,,,,,0,,0,0,,5,,,,,,
ENG-Premier League,2627,Arsenal,Martin Ødegaard,NOR,MF,27-285,1998,5,378,76,84.0,4.2,5,76,0,0,,0,2.4,7,4,3,0.71,-0.54
ENG-Premier League,2627,Arsenal,Martín Zubimendi,ESP,MF,27-238,1999,5,94,19,20.9,1.0,0,,0,5,19,0,2.4,1,0,1,0.96,0.2
ENG-Premier League,2627,Arsenal,Max Dowman,ENG,MF,16-271,2009,1,10,10,2.2,0.1,0,,0,1,10,2,0.0,0,0,0,0.0,-0.82
ENG-Premier League,2627,Arsenal,Mikel Merino,ESP,MF,30-098,1996,5,85,17,18.9,0.9,0,,0,5,17,0,2.4,1,0,1,1.06,0.32
ENG-Premier League,2627,Arsenal,Myles Lewis-Skelly,ENG,MF,20-002,2006,4,271,68,60.2,3.0,4,68,1,0,,1,3.0,6,1,5,1.66,2.16
ENG-Premier League,2627,Arsenal,Noni Madueke,ENG,"FW,MF",24-202,2002,2,24,12,5.3,0.3,0,,0,2,12,3,3.0,0,0,0,0.0,-0.85
ENG-Premier League,2627,Arsenal,Piero Hincapié,ECU,DF,24-262,2002,2,33,17,7.3,0.4,0,,0,2,17,3,3.0,0,0,0,0.0,-0.86
ENG-Premier League,2627,Arsenal,Riccardo Calafiori,ITA,DF,24-132,2002,5,417,83,92.7,4.6,5,83,3,0,,0,2.4,8,4,4,0.86,0.86
ENG-Premier League,2627,Arsenal,Viktor Gyökeres,SWE,"FW,MF",28-116,1998,2,31,16,6.9,0.3,0,,0,2,16,3,1.5,0,0,0,0.0,-0.86
ENG-Premier League,2627,Aston Villa,Aaron Wan-Bissaka,COD,DF,28-306,1997,4,154,39,34.2,1.7,2,68,1,2,10,0,1.0,2,2,0,0.0,1.52
ENG-Premier League,2627,Aston Villa,Alejandro Garnacho,ARG,MF,22-089,2004,3,34,11,7.6,0.4,0,,0,3,11,2,0.33,0,0,0,0.0,1.08
ENG-Premier League,2627,Aston Villa,Alysson,BRA,MF,20-146,2006,4,90,23,20.0,1.0,0,,0,4,23,0,0.25,1,1,0,0.0,1.25
ENG-Premier League,2627,Aston Villa,Boubacar Kamara,FRA,MF,26-309,1999,5,443,89,98.4,4.9,5,89,4,0,,0,0.8,4,7,-3,-0.61,25.1
ENG-Premier League,2627,Aston Villa,Bradley Burrowes,ENG,MF,18-208,2008,0,,,,,0,,0,0,,1,,,,,,
ENG-Premier League,2627,Aston Villa,Emi Buendía,ARG,"MF,FW",29-277,1996,5,401,80,89.1,4.5,5,80,2,0,,0,0.8,3,8,-5,-1.12,-1.12
ENG-Premier League,2627,Aston Villa,George Hemmings,ENG,MF,19-208,2007,5,298,60,66.2,3.3,4,70,1,1,19,0,0.8,1,8,-7,-2.11,-3.3
ENG-Premier League,2627,Aston Villa,Ian Maatsen,NED,DF,24-202,2002,4,335,84,74.4,3.7,4,84,2,0,,0,0.25,1,7,-6,-1.61,-2.39
ENG-Premier League,2627,Aston Villa,Ibrahim Mbaye,SEN,FW,18-247,2008,2,35,18,7.8,0.4,0,,0,2,18,1,1.5,1,3,-2,-5.14,-4.49
ENG-Premier League,2627,Aston Villa,James Wright,ENG,GK,21-300,2004,0,,,,,0,,0,0,,1,,,,,,
ENG-Premier League,2627,Aston Villa,Johan Manzambi,SUI,MF,20-349,2005,2,99,50,22.0,1.1,1,71,0,1,28,0,1.5,3,1,2,1.82,3.61
ENG-Premier League,2627,Aston Villa,John McGinn,SCO,MF,31-345,1994,5,434,87,96.4,4.8,5,87,3,0,,0,0.8,4,7,-3,-0.62,10.63
ENG-Premier League,2627,Aston Villa,João Gomes,BRA,MF,25-228,2001,2,129,65,28.7,1.4,2,65,1,0,,0,1.5,3,6,-3,-2.09,-1.53
ENG-Premier League,2627,Aston Villa,Lamare Bogarde,NED,"DF,MF",22-266,2004,1,17,17,3.8,0.2,0,,0,1,17,4,0.0,0,0,0,0.0,1.04
ENG-Premier League,2627,Aston Villa,Luka Lynch,ENG,FW,19-260,2007,0,,,,,0,,0,0,,2,,,,,,
ENG-Premier League,2627,Aston Villa,Marco Bizot,NED,GK,35-202,1991,1,90,90,20.0,1.0,1,90,1,0,,3,0.0,0,4,-4,-4.0,-3.75
ENG-Premier League,2627,Aston Villa,Matteo Ruggeri,ITA,DF,24-079,2002,3,115,38,25.6,1.3,1,90,1,2,13,2,1.33,3,2,1,0.78,2.39
ENG-Premier League,2627,Aston Villa,Matty Cash,POL,DF,29-052,1997,4,296,74,65.8,3.3,3,84,1,1,45,0,1.0,2,7,-5,-1.52,-1.52
ENG-Premier League,2627,Aston Villa,Nicolas Jackson,SEN,FW,25-100,2001,4,286,72,63.6,3.2,4,72,0,0,,0,1.0,3,3,0,0.0,2.74
ENG-Premier League,2627,Aston Villa,Pau Torres,ESP,DF,29-255,1997,3,187,62,41.6,2.1,3,62,1,0,,1,0.0,0,5,-5,-2.41,-2.41
ENG-Premier League,2627,Aston Villa,Ross Barkley,ENG,MF,32-297,1993,5,309,62,68.7,3.4,4,76,1,1,7,0,0.8,0,8,-8,-2.33,-4.24
ENG-Premier League,2627,Aston Villa,Tammy Abraham,ENG,FW,28-361,1997,4,74,19,16.4,0.8,0,,0,4,19,0,1.0,1,2,-1,-1.22,-0.26
ENG-Premier League,2627,Aston Villa,Taylor Harwood-Bellis,ENG,DF,24-241,2002,0,,,,,0,,0,0,,1,,,,,,
ENG-Premier League,2627,Aston Villa,Triston Rowe,ENG,DF,20-133,2006,0,,,,,0,,0,0,,1,,,,,,
ENG-Premier League,2627,Aston Villa,Tyrone Mings,ENG,DF,33-199,1993,4,263,66,58.4,2.9,2,90,2,2,42,1,1.0,4,4,0,0.0,2.41
ENG-Premier League,2627,Aston Villa,Victor Lindelöf,SWE,DF,32-073,1994,5,450,90,100.0,5.0,5,90,5,0,,0,0.8,4,9,-5,-1.0,
ENG-Premier League,2627,Aston Villa,Zion Suzuki,JPN,GK,24-038,2002,4,360,90,80.0,4.0,4,90,4,0,,1,1.0,4,5,-1,-0.25,3.75
ENG-Premier League,2627,Bournemouth,Adam Smith,ENG,DF,35-152,1991,5,434,87,96.4,4.8,5,87,4,0,,0,0.6,6,8,-2,-0.41,-0.41
ENG-Premier League,2627,Bournemouth,Adrien Truffert,FRA,DF,24-312,2001,5,450,90,100.0,5.0,5,90,5,0,,0,0.6,6,8,-2,-0.4,
ENG-Premier League,2627,Bournemouth,Alex Scott,ENG,MF,23-038,2003,5,445,89,98.9,4.9,5,89,3,0,,0,0.6,6,7,-1,-0.2,17.8
ENG-Premier League,2627,Bournemouth,Alex Tóth,HUN,MF,20-340,2005,2,19,10,4.2,0.2,0,,0,2,10,1,0.0,0,2,-2,-9.47,-9.47
ENG-Premier League,2627,Bournemouth,António Silva,POR,DF,22-333,2003,5,450,90,100.0,5.0,5,90,5,0,,0,0.6,6,8,-2,-0.4,
ENG-Premier League,2627,Bournemouth,Bafodé Diakité,FRA,DF,25-265,2001,0,,,,,0,,0,0,,5,,,,,,
ENG-Premier League,2627,Bournemouth,Ben Gannon-Doak,SCO,MF,20-321,2005,4,16,4,3.6,0.2,0,,0,4,4,1,0.5,0,1,-1,-5.63,-5.42
ENG-Premier League,2627,Bournemouth,Daniel Jebbison,CAN,FW,23-046,2003,3,34,11,7.6,0.4,0,,0,3,11,1,0.33,0,2,-2,-5.29,-5.29
ENG-Premier League,2627,Bournemouth,David Brooks,WAL,"FW,MF",29-082,1997,4,49,12,10.9,0.5,0,,0,4,12,1,0.75,0,2,-2,-3.67,-3.67
ENG-Premier League,2627,Bournemouth,Evanilson,BRA,FW,26-357,1999,5,423,85,94.0,4.7,5,85,2,0,,0,0.6,6,5,1,0.21,10.21
ENG-Premier League,2627,Bournemouth,James Hill,ENG,DF,24-261,2002,5,450,90,100.0,5.0,5,90,5,0,,0,0.6,6,8,-2,-0.4,
ENG-Premier League,2627,Bournemouth,Juanlu Sánchez,ESP,"DF,MF",23-044,2003,0,,,,,0,,0,0,,3,,,,,,
ENG-Premier League,2627,Bournemouth,Julio Soler,ARG,DF,21-224,2005,0,,,,,0,,0,0,,4,,,,,,
ENG-Premier League,2627,Bournemouth,Justin Kluivert,NED,MF,27-146,1999,4,294,74,65.3,3.3,4,74,0,0,,0,0.75,6,3,3,0.92,3.8
ENG-Premier League,2627,Bournemouth,Lewis Cook,ENG,MF,29-237,1997,5,182,36,40.4,2.0,2,71,0,3,13,0,0.6,2,1,1,0.49,1.5
ENG-Premier League,2627,Bournemouth,Marcus Tavernier,ENG,MF,27-190,1999,5,424,85,94.2,4.7,5,85,2,0,,0,0.6,6,8,-2,-0.42,-0.42
ENG-Premier League,2627,Bournemouth,Michele Di Gregorio,ITA,GK,29-063,1997,0,,,,,0,,0,0,,4,,,,,,
ENG-Premier League,2627,Bournemouth,Rayan,BRA,MF,20-056,2006,5,434,87,96.4,4.8,5,87,1,0,,0,0.6,6,7,-1,-0.21,5.42
ENG-Premier League,2627,Bournemouth,Ryan Christie,SCO,MF,31-218,1995,4,104,26,23.1,1.2,1,74,0,3,10,0,0.75,0,2,-2,-1.73,-1.73
ENG-Premier League,2627,Bournemouth,Tyler Adams,USA,MF,27-226,1999,5,281,56,62.4,3.1,3,81,0,2,19,0,0.6,4,7,-3,-0.96,-1.49
ENG-Premier League,2627,Bournemouth,Will Dennis,ENG,GK,26-080,2000,0,,,,,0,,0,0,,1,,,,,,
ENG-Premier League,2627,Bournemouth,Álvaro Rodríguez,URU,FW,22-076,2004,2,11,6,2.4,0.1,0,,0,2,6,1,1.0,0,1,-1,-8.18,-7.98
ENG-Premier League,2627,Bournemouth,Đorđe Petrović,SRB,GK,26-355,1999,5,450,90,100.0,5.0,5,90,5,0,,0,0.6,6,8,-2,-0.4,
ENG-Premier League,2627,Brentford,Aaron Hickey,SCO,DF,24-110,2002,5,155,31,34.4,1.7,1,70,0,4,21,0,1.8,5,3,2,1.16,-0.06
ENG-Premier League,2627,Brentford,Benjamin Fredrick,NGA,DF,21-123,2005,0,,,,,0,,0,0,,1,,,,,,
ENG-Premier League,2627,Brentford,Callum Wilson,ENG,FW,34-213,1992,3,16,5,3.6,0.2,0,,0,3,5,2,1.67,0,0,0,0.0,-1.24
ENG-Premier League,2627,Brentford,Caoimhín Kelleher,IRL,GK,27-309,1998,5,450,90,100.0,5.0,5,90,5,0,,0,1.8,10,4,6,1.2,
ENG-Premier League,2627,Brentford,Dango Ouattara,BFA,MF,24-229,2002,5,182,36,40.4,2.0,2,56,0,3,24,0,1.8,5,1,4,1.98,1.31
ENG-Premier League,2627,Brentford,El Hadji Malick Diouf,SEN,"DF,MF",21-274,2004,2,41,21,9.1,0.5,0,,0,2,21,2,2.0,2,0,2,4.39,3.51
ENG-Premier League,2627,Brentford,Ellery Balcombe,ENG,GK,26-348,1999,0,,,,,0,,0,0,,1,,,,,,
ENG-Premier League,2627,Brentford,Ethan Pinnock,JAM,DF,33-122,1993,0,,,,,0,,0,0,,1,,,,,,
ENG-Premier League,2627,Brentford,Fabio Carvalho,POR,"FW,MF",24-029,2002,1,4,4,0.9,0.0,0,,0,1,4,3,3.0,1,0,1,22.5,21.49
ENG-Premier League,2627,Brentford,Gustavo Nunes,BRA,MF,20-312,2005,0,,,,,0,,0,0,,1,,,,,,
ENG-Premier League,2627,Brentford,Hákon Valdimarsson,ISL,GK,24-350,2001,0,,,,,0,,0,0,,4,,,,,,
ENG-Premier League,2627,Brentford,Igor Thiago,BRA,FW,25-094,2001,5,442,88,98.2,4.9,5,88,4,0,,0,1.8,10,4,6,1.22,1.22
ENG-Premier League,2627,Brentford,Jaidon Anthony,ENG,MF,26-301,1999,5,268,54,59.6,3.0,3,66,0,2,35,0,1.8,5,3,2,0.67,-1.31
ENG-Premier League,2627,Brentford,Jannik Schuster,AUT,DF,20-135,2006,3,254,85,56.4,2.8,2,90,2,1,74,2,1.67,6,3,3,1.06,-0.31
ENG-Premier League,2627,Brentford,Keane Lewis-Potter,ENG,DF,25-218,2001,5,406,81,90.2,4.5,5,81,2,0,,0,1.8,8,4,4,0.89,-3.2
ENG-Premier League,2627,Brentford,Kevin Schade,GER,MF,24-305,2001,5,447,89,99.3,5.0,5,89,4,0,,0,1.8,10,4,6,1.21,1.21
ENG-Premier League,2627,Brentford,Kristoffer Ajer,NOR,DF,28-164,1998,5,450,90,100.0,5.0,5,90,5,0,,0,1.8,10,4,6,1.2,
ENG-Premier League,2627,Brentford,Mamadou Sangare,MLI,MF,24-094,2002,5,322,64,71.6,3.6,4,75,2,1,22,0,1.8,8,3,5,1.4,0.69
ENG-Premier League,2627,Brentford,Mathias Jensen,DEN,MF,30-270,1996,1,66,66,14.7,0.7,1,66,0,0,,0,3.0,3,0,3,4.09,3.39
ENG-Premier League,2627,Brentford,Michael Kayode,ITA,DF,22-080,2004,5,295,59,65.6,3.3,4,69,0,1,20,0,1.8,5,1,4,1.22,0.06
ENG-Premier League,2627,Brentford,Mikkel Damsgaard,DEN,MF,26-087,2000,5,285,57,63.3,3.2,3,80,0,2,23,0,1.8,4,1,3,0.95,-0.69
ENG-Premier League,2627,Brentford,Nathan Collins,IRL,DF,25-151,2001,3,196,65,43.6,2.2,3,65,2,0,,0,1.67,4,1,3,1.38,0.31
ENG-Premier League,2627,Brentford,Rico Henry,JAM,"DF,MF",29-082,1997,1,3,3,0.7,0.0,0,,0,1,3,4,1.0,0,0,0,0.0,-1.21
ENG-Premier League,2627,Brentford,Vitaly Janelt,GER,MF,28-141,1998,5,450,90,100.0,5.0,5,90,5,0,,0,1.8,10,4,6,1.2,
ENG-Premier League,2627,Brentford,Yehor Yarmoliuk,UKR,MF,22-211,2004,5,218,44,48.4,2.4,2,64,0,3,30,0,1.8,4,4,0,0.0,-2.33
ENG-Premier League,2627,Brighton,Amario Cozier-Duberry,ENG,"FW,MF",21-122,2005,0,,,,,0,,0,0,,1,,,,,,
ENG-Premier League,2627,Brighton,Bart Verbruggen,NED,GK,24-041,2002,5,450,90,100.0,5.0,5,90,5,0,,0,2.0,16,5,11,2.2,
ENG-Premier League,2627,Brighton,Charalampos Kostoulas,GRE,FW,19-121,2007,5,354,71,78.7,3.9,4,82,1,1,27,0,2.0,10,5,5,1.27,-4.35
ENG-Premier League,2627,Brighton,Chema,ESP,MF,21-156,2005,2,110,55,24.4,1.2,1,84,0,1,26,1,3.0,6,0,6,4.91,3.59
ENG-Premier League,2627,Brighton,Costinha,POR,"DF,MF",26-186,2000,5,73,15,16.2,0.8,0,,0,5,15,0,2.0,2,0,2,2.47,0.32
ENG-Premier League,2627,Brighton,Diego Gómez,PAR,MF,23-185,2003,5,433,87,96.2,4.8,5,87,2,0,,0,2.0,15,5,10,2.08,-3.22
ENG-Premier League,2627,Brighton,Ferdi Kadioglu,TUR,DF,26-356,1999,4,332,83,73.8,3.7,4,83,2,0,,0,1.75,12,5,7,1.9,-1.15
ENG-Premier League,2627,Brighton,Georginio Rutter,FRA,FW,24-161,2002,2,105,53,23.3,1.2,1,90,1,1,15,0,3.0,4,0,4,3.43,1.6
ENG-Premier League,2627,Brighton,Ibrahim Osman,GHA,"FW,MF",21-303,2004,3,43,14,9.6,0.5,0,,0,3,14,2,2.0,3,0,3,6.28,4.51
ENG-Premier League,2627,Brighton,Jack Hinshelwood,ENG,MF,21-170,2005,1,63,63,14.0,0.7,1,63,0,0,,0,3.0,4,0,4,5.71,4.09
ENG-Premier League,2627,Brighton,Jaouen Hadjam,ALG,DF,23-186,2003,0,,,,,0,,0,0,,4,,,,,,
ENG-Premier League,2627,Brighton,Jason Steele,ENG,GK,36-041,1990,0,,,,,0,,0,0,,5,,,,,,
ENG-Premier League,2627,Brighton,Lewis Dunk,ENG,DF,34-311,1991,4,360,90,80.0,4.0,4,90,4,0,,0,1.75,13,5,8,2.0,-1.0
ENG-Premier League,2627,Brighton,Luka Vušković,CRO,DF,19-216,2007,5,437,87,97.1,4.9,5,87,4,0,,0,2.0,14,5,9,1.85,-11.99
ENG-Premier League,2627,Brighton,Malick Yalcouye,CIV,MF,20-314,2005,5,238,48,52.9,2.6,3,76,1,2,6,0,2.0,5,5,0,0.0,-4.67
ENG-Premier League,2627,Brighton,Mats Wieffer,NED,DF,26-316,1999,2,156,78,34.7,1.7,2,78,0,0,,0,1.5,6,4,2,1.15,-1.6
ENG-Premier League,2627,Brighton,Matt O'Riley,DEN,MF,25-311,2000,2,12,6,2.7,0.1,0,,0,2,6,2,3.0,1,0,1,7.5,5.45
ENG-Premier League,2627,Brighton,Maxim De Cuyper,BEL,MF,25-280,2000,5,424,85,94.2,4.7,5,85,3,0,,0,2.0,16,5,11,2.33,2.33
ENG-Premier League,2627,Brighton,Michael Svoboda,AUT,DF,27-348,1998,1,5,5,1.1,0.1,0,,0,1,5,1,3.0,0,0,0,0.0,-2.22
ENG-Premier League,2627,Brighton,Nehemiah Oriola,ENG,MF,19-109,2007,0,,,,,0,,0,0,,2,,,,,,
ENG-Premier League,2627,Brighton,Olivier Boscagli,FRA,"DF,MF",28-314,1997,5,436,87,96.9,4.8,5,87,3,0,,0,2.0,14,5,9,1.86,-11.0
ENG-Premier League,2627,Brighton,Pascal Groß,GER,MF,35-105,1991,5,450,90,100.0,5.0,5,90,5,0,,0,2.0,16,5,11,2.2,
ENG-Premier League,2627,Brighton,Pascal Struijk,NED,DF,27-048,1999,3,99,33,22.0,1.1,1,85,0,2,7,2,2.33,5,0,5,4.55,3.01
ENG-Premier League,2627,Brighton,Promise David,CAN,FW,25-087,2001,2,24,12,5.3,0.3,0,,0,2,12,3,0.5,1,0,1,3.75,1.64
ENG-Premier League,2627,Brighton,Yasin Ayari,SWE,MF,22-357,2003,4,333,83,74.0,3.7,4,83,3,0,,0,2.5,13,1,12,3.24,4.01
ENG-Premier League,2627,Brighton,Younes Ibrahim,ENG,MF,18-224,2008,0,,,,,0,,0,0,,1,,,,,,
ENG-Premier League,2627,Brighton,Zadok Yohanna,NGA,FW,19-091,2007,1,13,13,2.9,0.1,0,,0,1,13,0,3.0,0,0,0,0.0,-2.27
ENG-Premier League,2627,Chelsea,Cole Palmer,ENG,MF,24-145,2002,5,442,88,98.2,4.9,5,88,4,0,,0,1.4,10,12,-2,-0.41,-0.41
ENG-Premier League,2627,Chelsea,Danny Welbeck,ENG,FW,35-306,1990,3,87,29,19.3,1.0,1,70,0,2,9,2,0.33,0,1,-1,-1.03,-0.79
ENG-Premier League,2627,Chelsea,Emiliano Martínez,ARG,GK,34-026,1992,4,360,90,80.0,4.0,4,90,4,0,,0,1.0,7,10,-3,-0.75,-1.75
ENG-Premier League,2627,Chelsea,Enzo Fernández,ARG,MF,25-254,2001,1,26,26,5.8,0.3,0,,0,1,26,0,3.0,0,0,0,0.0,0.42
ENG-Premier League,2627,Chelsea,Estêvão Willian,BRA,MF,19-157,2007,4,27,7,6.0,0.3,0,,0,4,7,1,1.0,0,1,-1,-3.33,-3.12
ENG-Premier League,2627,Chelsea,Geovany Quenda,POR,MF,19-151,2007,2,29,15,6.4,0.3,0,,0,2,15,2,1.5,0,2,-2,-6.21,-6.21
ENG-Premier League,2627,Chelsea,Jamie Gittens,ENG,MF,22-051,2004,0,,,,,0,,0,0,,5,,,,,,
ENG-Premier League,2627,Chelsea,Jordan Henderson,ENG,MF,36-103,1990,1,90,90,20.0,1.0,1,90,1,0,,0,0.0,0,3,-3,-3.0,-3.25
ENG-Premier League,2627,Chelsea,Jorrel Hato,NED,"MF,DF",20-205,2006,4,258,65,57.3,2.9,4,65,1,0,,1,1.75,9,9,0,0.0,0.94
ENG-Premier League,2627,Chelsea,Joshua Acheampong,ENG,DF,20-146,2006,4,223,56,49.6,2.5,2,90,2,2,22,1,1.5,5,7,-2,-0.81,-0.81
ENG-Premier League,2627,Chelsea,João Pedro,BRA,FW,25-002,2001,4,360,90,80.0,4.0,4,90,4,0,,0,1.75,10,9,1,0.25,3.25
ENG-Premier League,2627,Chelsea,Levi Colwill,ENG,DF,23-214,2003,4,341,85,75.8,3.8,4,85,3,0,,1,1.75,8,9,-1,-0.26,0.56
ENG-Premier League,2627,Chelsea,Mahdi Jazuli,ENG,MF,16-265,2010,1,4,4,0.9,0.0,0,,0,1,4,0,0.0,0,1,-1,-22.5,-22.3
ENG-Premier League,2627,Chelsea,Malo Gusto,FRA,"MF,DF",23-132,2003,4,273,68,60.7,3.0,3,81,1,1,31,1,1.75,9,7,2,0.66,2.69
ENG-Premier League,2627,Chelsea,Maxence Lacroix,FRA,DF,26-175,2000,5,365,73,81.1,4.1,4,90,4,1,5,0,1.4,8,10,-2,-0.49,-0.49
ENG-Premier League,2627,Chelsea,Mike Penders,BEL,GK,21-059,2005,0,,,,,0,,0,0,,5,,,,,,
ENG-Premier League,2627,Chelsea,Moisés Caicedo,ECU,MF,24-330,2001,1,14,14,3.1,0.2,0,,0,1,14,0,3.0,1,0,1,6.43,7.05
ENG-Premier League,2627,Chelsea,Morgan Rogers,ENG,MF,24-064,2002,5,437,87,97.1,4.9,5,87,3,0,,0,1.4,10,12,-2,-0.41,-0.41
ENG-Premier League,2627,Chelsea,Pedro Neto,POR,MF,26-203,2000,5,333,67,74.0,3.7,4,80,0,1,15,0,1.4,6,8,-2,-0.54,-0.54
ENG-Premier League,2627,Chelsea,Pep Chavarría,ESP,MF,28-171,1998,5,211,42,46.9,2.3,1,90,1,4,30,0,1.4,2,4,-2,-0.85,-0.85
ENG-Premier League,2627,Chelsea,Reece James,ENG,MF,26-294,1999,4,293,73,65.1,3.3,3,90,3,1,23,0,1.75,7,7,0,0.0,1.15
ENG-Premier League,2627,Chelsea,Robert Sánchez,ESP,GK,28-314,1997,1,90,90,20.0,1.0,1,90,1,0,,0,3.0,3,2,1,1.0,1.75
ENG-Premier League,2627,Chelsea,Roméo Lavia,BEL,MF,22-265,2004,4,258,65,57.3,2.9,4,65,0,0,,1,1.75,9,8,1,0.35,1.76
ENG-Premier League,2627,Chelsea,Valentín Barco,ARG,MF,22-067,2004,3,117,39,26.0,1.3,1,86,0,2,16,2,1.33,0,3,-3,-2.31,-2.58
ENG-Premier League,2627,Chelsea,Wesley Fofana,FRA,DF,25-285,2000,4,312,78,69.3,3.5,4,78,1,0,,0,1.0,6,7,-1,-0.29,0.36
ENG-Premier League,2627,Coventry City,Aurèle Amenda,SUI,DF,23-059,2003,4,360,90,80.0,4.0,4,90,4,0,,0,0.0,0,10,-10,-2.5,-3.5
ENG-Premier League,2627,Coventry City,Ben Wilson,ENG,"FW,GK",34-050,1992,0,,,,,0,,0,0,,1,,,,,,
ENG-Premier League,2627,Coventry City,Bobby Thomas,ENG,DF,25-241,2001,5,437,87,97.1,4.9,5,87,4,0,,0,0.6,1,9,-8,-1.65,5.28
ENG-Premier League,2627,Coventry City,Brandon Thomas-Asante,GHA,"MF,FW",27-273,1998,5,229,46,50.9,2.5,2,80,1,3,23,0,0.6,1,6,-5,-1.97,-0.34
ENG-Premier League,2627,Coventry City,Caleb Yirenkyi,GHA,MF,20-256,2006,5,266,53,59.1,3.0,3,73,0,2,23,0,0.6,1,5,-4,-1.35,1.09
ENG-Premier League,2627,Coventry City,Carl Rushworth,ENG,GK,25-088,2001,5,450,90,100.0,5.0,5,90,5,0,,0,0.6,1,10,-9,-1.8,
ENG-Premier League,2627,Coventry City,Daniel Bentley,ENG,GK,33-077,1993,0,,,,,0,,0,0,,4,,,,,,
ENG-Premier League,2627,Coventry City,Ellis Simms,ENG,FW,25-266,2001,3,106,35,23.6,1.2,1,69,0,2,19,1,1.0,0,3,-3,-2.55,-0.98
ENG-Premier League,2627,Coventry City,Ephron Mason-Clark,JAM,MF,27-034,1999,4,232,58,51.6,2.6,4,58,0,0,,0,0.75,0,3,-3,-1.16,1.31
ENG-Premier League,2627,Coventry City,Ethan Pinnock,JAM,DF,33-122,1993,4,283,71,62.9,3.1,3,90,3,1,13,0,0.75,1,7,-6,-1.91,-0.29
ENG-Premier League,2627,Coventry City,Frank Onyeka,NGA,MF,28-270,1998,4,314,79,69.8,3.5,4,79,2,0,,0,0.75,1,7,-6,-1.72,0.27
ENG-Premier League,2627,Coventry City,Gustavo Hamer,NED,MF,29-096,1997,3,35,12,7.8,0.4,0,,0,3,12,2,0.0,0,1,-1,-2.57,-0.84
ENG-Premier League,2627,Coventry City,Jack Rudoni,ENG,MF,26-125,2000,5,298,60,66.2,3.3,4,69,0,1,21,0,0.6,1,4,-3,-0.91,2.65
ENG-Premier League,2627,Coventry City,Jay Dasilva,WAL,"MF,DF",28-159,1998,5,444,89,98.7,4.9,5,89,4,0,,0,0.6,1,10,-9,-1.82,-1.82
ENG-Premier League,2627,Coventry City,Josh Eccles,ENG,MF,26-175,2000,0,,,,,0,,0,0,,1,,,,,,
ENG-Premier League,2627,Coventry City,Joël Latibeaudière,JAM,"DF,MF",26-265,2000,1,1,1,0.2,0.0,0,,0,1,1,3,3.0,0,0,0,0.0,1.8
ENG-Premier League,2627,Coventry City,Liam Kitching,IRL,DF,26-362,1999,0,,,,,0,,0,0,,2,,,,,,
ENG-Premier League,2627,Coventry City,Loum Tchaouna,FRA,MF,23-020,2003,4,212,53,47.1,2.4,2,70,0,2,37,1,0.75,1,3,-2,-0.85,1.8
ENG-Premier League,2627,Coventry City,Matt Grimes,ENG,MF,31-075,1995,5,443,89,98.4,4.9,5,89,4,0,,0,0.6,1,9,-8,-1.63,11.23
ENG-Premier League,2627,Coventry City,Milan van Ewijk,NED,"MF,DF",26-020,2000,4,360,90,80.0,4.0,4,90,4,0,,0,0.0,0,10,-10,-2.5,-3.5
ENG-Premier League,2627,Coventry City,Sidiki Cherif,FRA,FW,19-287,2006,1,31,31,6.9,0.3,0,,0,1,31,1,0.0,0,3,-3,-8.71,-7.42
ENG-Premier League,2627,Coventry City,Stephen Mfuni,ENG,DF,18-228,2008,1,90,90,20.0,1.0,1,90,1,0,,1,3.0,1,0,1,1.0,3.5
ENG-Premier League,2627,Coventry City,Taiwo Awoniyi,NGA,FW,29-047,1997,4,233,58,51.8,2.6,3,71,1,1,21,0,0.0,0,4,-4,-1.55,0.53
ENG-Premier League,2627,Coventry City,Tatsuhiro Sakamoto,JPN,"FW,MF",29-341,1996,1,32,32,7.1,0.4,0,,0,1,32,4,0.0,0,1,-1,-2.81,-1.09
ENG-Premier League,2627,Coventry City,Victor Torp,DEN,MF,27-060,1999,3,56,19,12.4,0.6,0,,0,3,19,2,0.0,0,2,-2,-3.21,-1.62
ENG-Premier League,2627,Coventry City,Yann Gboho,FRA,"FW,MF",25-257,2001,0,,,,,0,,0,0,,1,,,,,,
ENG-Premier League,2627,Crystal Palace,Adam Wharton,ENG,MF,22-234,2004,5,436,87,96.9,4.8,5,87,4,0,,0,0.8,6,10,-4,-0.83,5.6
ENG-Premier League,2627,Crystal Palace,Anan Khalaili,ISR,MF,22-025,2004,5,380,76,84.4,4.2,4,86,3,1,36,0,0.8,6,8,-2,-0.47,3.38
ENG-Premier League,2627,Crystal Palace,Axel Disasi,FRA,DF,28-201,1998,3,139,46,30.9,1.5,2,62,1,1,16,0,1.0,4,4,0,0.0,1.45
ENG-Premier League,2627,Crystal Palace,Ben Chilwell,ENG,"DF,MF",29-281,1996,2,31,16,6.9,0.3,0,,0,2,16,1,1.5,1,1,0,0.0,1.07
ENG-Premier League,2627,Crystal Palace,Borna Sosa,CRO,"DF,MF",28-250,1998,0,,,,,0,,0,0,,1,,,,,,
ENG-Premier League,2627,Crystal Palace,Chadi Riad,MAR,DF,23-103,2003,1,71,71,15.8,0.8,1,71,0,0,,0,0.0,0,2,-2,-2.54,-1.82
ENG-Premier League,2627,Crystal Palace,Cheick Doucouré,MLI,MF,26-263,2000,0,,,,,0,,0,0,,3,,,,,,
ENG-Premier League,2627,Crystal Palace,Chris Richards,USA,DF,26-184,2000,5,450,90,100.0,5.0,5,90,5,0,,0,0.8,6,11,-5,-1.0,
ENG-Premier League,2627,Crystal Palace,Daichi Kamada,JPN,MF,30-054,1996,5,441,88,98.0,4.9,5,88,3,0,,0,0.8,6,10,-4,-0.82,9.18
ENG-Premier League,2627,Crystal Palace,Daniel Muñoz,COL,MF,30-125,1996,1,54,54,12.0,0.6,1,54,0,0,,1,0.0,0,2,-2,-3.33,-2.65
ENG-Premier League,2627,Crystal Palace,Darío Osorio,CHI,"FW,MF",22-247,2004,1,2,2,0.4,0.0,0,,0,1,2,1,3.0,0,0,0,0.0,1.0
ENG-Premier League,2627,Crystal Palace,Dean Henderson,ENG,GK,29-200,1997,3,270,90,60.0,3.0,3,90,3,0,,0,1.0,4,8,-4,-1.33,-0.83
ENG-Premier League,2627,Crystal Palace,Dwight McNeil,ENG,MF,26-310,1999,2,85,43,18.9,0.9,1,62,0,1,23,2,0.0,0,3,-3,-3.18,-2.68
ENG-Premier League,2627,Crystal Palace,Eddie Nketiah,ENG,"MF,FW",27-121,1999,4,175,44,38.9,1.9,3,55,0,1,9,0,1.0,2,7,-5,-2.57,-2.57
ENG-Premier League,2627,Crystal Palace,Evann Guessand,CIV,"FW,MF",25-089,2001,2,56,28,12.4,0.6,0,,0,2,28,0,0.0,0,1,-1,-1.61,-0.69
ENG-Premier League,2627,Crystal Palace,Honest Ahanor,ITA,DF,18-217,2008,1,90,90,20.0,1.0,1,90,1,0,,0,0.0,2,3,-1,-1.0,0.0
ENG-Premier League,2627,Crystal Palace,Ismaila Sarr,SEN,"FW,MF",28-215,1998,1,9,9,2.0,0.1,0,,0,1,9,0,1.0,0,0,0,0.0,1.02
ENG-Premier League,2627,Crystal Palace,Jaydee Canvot,FRA,DF,20-061,2006,4,360,90,80.0,4.0,4,90,4,0,,0,1.0,4,8,-4,-1.0,0.0
ENG-Premier League,2627,Crystal Palace,Jean-Philippe Mateta,FRA,FW,29-092,1997,1,62,62,13.8,0.7,1,62,0,0,,0,0.0,0,2,-2,-2.9,-2.21
ENG-Premier League,2627,Crystal Palace,Jefferson Lerma,COL,"DF,MF",31-338,1994,2,52,26,11.6,0.6,0,,0,2,26,1,0.5,0,1,-1,-1.73,-0.83
ENG-Premier League,2627,Crystal Palace,Jørgen Strand Larsen,NOR,FW,26-234,2000,5,299,60,66.4,3.3,3,75,0,2,37,0,0.8,5,5,0,0.0,2.98
ENG-Premier League,2627,Crystal Palace,Quinten Timber,NED,MF,25-103,2001,3,253,84,56.2,2.8,3,84,2,0,,0,1.33,4,5,-1,-0.36,1.47
ENG-Premier League,2627,Crystal Palace,Remi Matthews,ENG,GK,32-230,1994,0,,,,,0,,0,0,,2,,,,,,
ENG-Premier League,2627,Crystal Palace,Takehiro Tomiyasu,JPN,DF,27-327,1998,4,192,48,42.7,2.1,2,60,0,2,37,1,0.25,2,5,-3,-1.41,-0.71
ENG-Premier League,2627,Crystal Palace,Tyrick Mitchell,ENG,MF,27-027,1999,5,419,84,93.1,4.7,5,84,3,0,,0,0.8,5,10,-5,-1.07,-1.07
ENG-Premier League,2627,Crystal Palace,Walter Benítez,ARG,GK,33-252,1993,2,180,90,40.0,2.0,2,90,2,0,,3,0.5,2,3,-1,-0.5,0.83
ENG-Premier League,2627,Crystal Palace,Will Hughes,ENG,MF,31-164,1995,2,31,16,6.9,0.3,0,,0,2,16,2,1.5,1,1,0,0.0,1.07
ENG-Premier League,2627,Crystal Palace,Yéremy Pino,ESP,MF,23-343,2002,5,308,62,68.4,3.4,4,68,0,1,36,0,0.8,5,6,-1,-0.29,2.24
ENG-Premier League,2627,Crystal Palace,Zavier Gozo,USA,MF,19-190,2007,2,30,15,6.7,0.3,0,,0,2,15,1,0.0,0,2,-2,-6.0,-5.36
ENG-Premier League,2627,Crystal Palace,Óscar Mingueza,ESP,"DF,MF",27-138,1999,2,18,9,4.0,0.2,0,,0,2,9,3,1.5,0,1,-1,-5.0,-4.17
ENG-Premier League,2627,Everton,Ainsley Maitland-Niles,ENG,DF,29-030,1997,3,177,59,39.3,2.0,2,82,0,1,14,0,1.67,3,1,2,1.02,0.69
ENG-Premier League,2627,Everton,Beto,GNB,FW,28-240,1998,2,33,17,7.3,0.4,0,,0,2,17,0,2.0,1,0,1,2.73,2.3
ENG-Premier League,2627,Everton,Braiden Graham,NIR,FW,18-325,2007,0,,,,,0,,0,0,,3,,,,,,
ENG-Premier League,2627,Everton,Brennan Johnson,WAL,MF,25-128,2001,5,240,48,53.3,2.7,3,68,0,2,18,0,1.8,2,1,1,0.37,-0.48
ENG-Premier League,2627,Everton,Carlos Alcaraz,ARG,MF,23-302,2002,2,6,3,1.3,0.1,0,,0,2,3,3,2.0,1,0,1,15.0,14.59
ENG-Premier League,2627,Everton,Harrison Armstrong,ENG,MF,19-252,2007,5,445,89,98.9,4.9,5,89,4,0,,0,1.8,5,3,2,0.4,-17.6
ENG-Premier League,2627,Everton,Hayden Hackney,ENG,MF,24-094,2002,5,140,28,31.1,1.6,1,78,0,4,16,0,1.8,5,1,4,2.57,2.86
ENG-Premier League,2627,Everton,Iliman Ndiaye,SEN,MF,26-206,2000,2,180,90,40.0,2.0,2,90,2,0,,0,2.0,3,1,2,1.0,0.67
ENG-Premier League,2627,Everton,Jack Grealish,ENG,MF,31-018,1995,3,129,43,28.7,1.4,1,78,0,2,26,0,1.67,3,1,2,1.4,1.11
ENG-Premier League,2627,Everton,Jake O'Brien,IRL,DF,25-136,2001,2,17,9,3.8,0.2,0,,0,2,9,3,2.0,0,0,0,0.0,-0.62
ENG-Premier League,2627,Everton,James Garner,ENG,MF,25-199,2001,5,329,66,73.1,3.7,4,79,2,1,12,0,1.8,1,2,-1,-0.27,-3.25
ENG-Premier League,2627,Everton,James Tarkowski,ENG,DF,33-313,1992,5,450,90,100.0,5.0,5,90,5,0,,0,1.8,6,3,3,0.6,
ENG-Premier League,2627,Everton,Jarrad Branthwaite,ENG,DF,24-093,2002,5,450,90,100.0,5.0,5,90,5,0,,0,1.8,6,3,3,0.6,
ENG-Premier League,2627,Everton,Jordan Pickford,ENG,GK,32-205,1994,5,450,90,100.0,5.0,5,90,5,0,,0,1.8,6,3,3,0.6,
ENG-Premier League,2627,Everton,Kiernan Dewsbury-Hall,ENG,MF,28-022,1998,5,448,90,99.6,5.0,5,90,3,0,,0,1.8,6,3,3,0.6,0.6
ENG-Premier League,2627,Everton,Mark Travers,IRL,GK,27-133,1999,0,,,,,0,,0,0,,5,,,,,,
ENG-Premier League,2627,Everton,Merlin Röhl,GER,DF,24-085,2002,3,249,83,55.3,2.8,3,83,1,0,,0,1.67,2,2,0,0.0,-1.34
ENG-Premier League,2627,Everton,Michael Keane,ENG,DF,33-260,1993,0,,,,,0,,0,0,,5,,,,,,
ENG-Premier League,2627,Everton,Nathan Patterson,SCO,DF,24-347,2001,0,,,,,0,,0,0,,1,,,,,,
ENG-Premier League,2627,Everton,Thierno Barry,FRA,FW,23-342,2002,5,417,83,92.7,4.6,5,83,3,0,,0,1.8,5,3,2,0.43,-2.3
ENG-Premier League,2627,Everton,Tim Iroegbunam,ENG,MF,23-090,2003,1,5,5,1.1,0.1,0,,0,1,5,0,1.0,1,0,1,18.0,17.6
ENG-Premier League,2627,Everton,Tom King,WAL,GK,31-203,1995,0,,,,,0,,0,0,,2,,,,,,
ENG-Premier League,2627,Everton,Tyler Dibling,ENG,MF,20-200,2006,1,25,25,5.6,0.3,0,,0,1,25,4,3.0,0,0,0,0.0,-0.64
ENG-Premier League,2627,Everton,Tyrique George,ENG,MF,20-236,2006,5,310,62,68.9,3.4,4,75,1,1,12,0,1.8,4,3,1,0.29,-1.0
ENG-Premier League,2627,Everton,Vitaliy Mykolenko,UKR,DF,27-122,1999,5,450,90,100.0,5.0,5,90,5,0,,0,1.8,6,3,3,0.6,
ENG-Premier League,2627,Fulham,Alex Iwobi,NGA,MF,30-148,1996,5,408,82,90.7,4.5,5,82,2,0,,0,0.4,5,7,-2,-0.44,1.7
ENG-Premier League,2627,Fulham,Antonee Robinson,USA,DF,29-051,1997,5,429,86,95.3,4.8,5,86,3,0,,0,0.4,5,8,-3,-0.63,-0.63
ENG-Premier League,2627,Fulham,Benjamin Lecomte,FRA,GK,35-155,1991,0,,,,,0,,0,0,,5,,,,,,
ENG-Premier League,2627,Fulham,Bernd Leno,GER,GK,34-208,1992,5,450,90,100.0,5.0,5,90,5,0,,0,0.4,5,8,-3,-0.6,
ENG-Premier League,2627,Fulham,Calvin Bassey,NGA,DF,26-271,1999,5,450,90,100.0,5.0,5,90,5,0,,0,0.4,5,8,-3,-0.6,
ENG-Premier League,2627,Fulham,César Palacios,ESP,MF,21-321,2004,4,227,57,50.4,2.5,3,69,0,1,20,1,0.25,4,7,-3,-1.19,-1.19
ENG-Premier League,2627,Fulham,David Affengruber,AUT,DF,25-193,2001,2,180,90,40.0,2.0,2,90,2,0,,1,1.0,1,1,0,0.0,1.0
ENG-Premier League,2627,Fulham,Emile Smith Rowe,ENG,MF,26-062,2000,3,41,14,9.1,0.5,0,,0,3,14,2,0.33,0,0,0,0.0,0.66
ENG-Premier League,2627,Fulham,Gonzalo García,ESP,FW,22-188,2004,5,425,85,94.4,4.7,5,85,3,0,,0,0.4,5,7,-2,-0.42,3.18
ENG-Premier League,2627,Fulham,Harrison Reed,ENG,MF,31-244,1995,0,,,,,0,,0,0,,2,,,,,,
ENG-Premier League,2627,Fulham,Hugo Larsson,SWE,MF,22-093,2004,3,40,13,8.9,0.4,0,,0,3,13,0,0.67,0,1,-1,-2.25,-1.81
ENG-Premier League,2627,Fulham,Joachim Andersen,DEN,DF,30-120,1996,3,191,64,42.4,2.1,2,90,2,1,11,1,0.33,2,5,-3,-1.41,-1.41
ENG-Premier League,2627,Fulham,Jorge Cuenca,ESP,DF,26-315,1999,1,90,90,20.0,1.0,1,90,1,0,,1,0.0,2,3,-1,-1.0,-0.5
ENG-Premier League,2627,Fulham,Joshua King,ENG,MF,19-268,2007,5,425,85,94.4,4.7,5,85,3,0,,0,0.4,5,7,-2,-0.42,3.18
ENG-Premier League,2627,Fulham,Kenny Tete,NED,DF,30-354,1995,1,28,28,6.2,0.3,0,,0,1,28,1,1.0,0,0,0,0.0,0.64
ENG-Premier League,2627,Fulham,Kevin,BRA,MF,23-267,2003,4,65,16,14.4,0.7,0,,0,4,16,1,0.5,0,1,-1,-1.38,-0.92
ENG-Premier League,2627,Fulham,Luc De Fougerolles,CAN,DF,20-351,2005,0,,,,,0,,0,0,,1,,,,,,
ENG-Premier League,2627,Fulham,Macauley Zepa,FRA,FW,18-083,2008,0,,,,,0,,0,0,,1,,,,,,
ENG-Premier League,2627,Fulham,Manuel Ángel,ESP,MF,22-197,2004,0,,,,,0,,0,0,,3,,,,,,
ENG-Premier League,2627,Fulham,Oscar Bobb,NOR,MF,23-078,2003,5,343,69,76.2,3.8,5,69,0,0,,0,0.4,5,6,-1,-0.26,1.42
ENG-Premier League,2627,Fulham,Rodrigo Muniz,BRA,FW,25-147,2001,4,42,11,9.3,0.5,0,,0,4,11,1,0.5,0,1,-1,-2.14,-1.7
ENG-Premier League,2627,Fulham,Ryan Sessegnon,ENG,"DF,FW",26-133,2000,3,53,18,11.8,0.6,0,,0,3,18,1,0.0,0,1,-1,-1.7,-1.24
ENG-Premier League,2627,Fulham,Sander Berge,NOR,MF,28-226,1998,5,350,70,77.8,3.9,4,80,1,1,30,0,0.4,3,5,-2,-0.51,0.39
ENG-Premier League,2627,Fulham,Shea Charles,NIR,MF,22-327,2003,5,305,61,67.8,3.4,3,86,2,2,24,0,0.4,3,5,-2,-0.59,0.03
ENG-Premier League,2627,Fulham,Timothy Castagne,BEL,DF,30-297,1995,5,408,82,90.7,4.5,5,82,3,0,,0,0.4,5,7,-2,-0.44,1.7
ENG-Premier League,2627,Hull City,Bachir Belloumi,ALG,MF,24-119,2002,5,394,79,87.6,4.4,5,79,1,0,,0,1.6,6,3,3,0.69,2.29
ENG-Premier League,2627,Hull City,Brooke Norton-Cuffy,ENG,"DF,MF",22-259,2004,2,36,18,8.0,0.4,0,,0,2,18,0,1.0,0,0,0,0.0,-0.43
ENG-Premier League,2627,Hull City,Christos Mouzakitis,GRE,MF,19-277,2006,0,,,,,0,,0,0,,1,,,,,,
ENG-Premier League,2627,Hull City,Cody Drameh,ENG,"DF,MF",24-294,2001,2,66,33,14.7,0.7,0,,0,2,33,0,3.0,1,0,1,1.36,1.13
ENG-Premier League,2627,Hull City,Dillon Phillips,ENG,GK,31-109,1995,0,,,,,0,,0,0,,5,,,,,,
ENG-Premier League,2627,Hull City,Elliot Stroud,SWE,MF,24-098,2002,4,249,62,55.3,2.8,4,62,0,0,,1,2.0,4,1,3,1.08,1.53
ENG-Premier League,2627,Hull City,Hidemasa Morita,JPN,MF,31-141,1995,1,45,45,10.0,0.5,1,45,0,0,,0,3.0,0,0,0,0.0,-0.44
ENG-Premier League,2627,Hull City,Jens Hjertø-Dahl,NOR,MF,20-332,2005,1,9,9,2.0,0.1,0,,0,1,9,3,1.0,0,0,0,0.0,-0.41
ENG-Premier League,2627,Hull City,Joe Gelhardt,ENG,"FW,MF",24-147,2002,1,8,8,1.8,0.1,0,,0,1,8,0,0.0,0,0,0,0.0,-0.41
ENG-Premier League,2627,Hull City,John Egan,IRL,DF,33-343,1992,5,437,87,97.1,4.9,5,87,4,0,,0,1.6,6,4,2,0.41,0.41
ENG-Premier League,2627,Hull City,Kieran Dowell,ENG,"FW,MF",28-353,1997,0,,,,,0,,0,0,,1,,,,,,
ENG-Premier League,2627,Hull City,Kostas Tzolakis,GRE,GK,23-324,2002,5,450,90,100.0,5.0,5,90,5,0,,0,1.6,6,4,2,0.4,
ENG-Premier League,2627,Hull City,Lewie Coyle,ENG,DF,30-348,1995,5,348,70,77.3,3.9,5,70,1,0,,0,1.6,5,4,1,0.26,-0.62
ENG-Premier League,2627,Hull City,Liam Millar,CAN,"FW,MF",27-001,1999,2,52,26,11.6,0.6,0,,0,2,26,0,3.0,1,0,1,1.73,1.5
ENG-Premier League,2627,Hull City,Lucas Gourna-Douath,FRA,MF,23-054,2003,3,139,46,30.9,1.5,1,81,0,2,29,2,1.33,1,0,1,0.65,0.36
ENG-Premier League,2627,Hull City,Lucas Herrington,AUS,DF,19-023,2007,5,201,40,44.7,2.2,1,90,1,4,28,0,1.6,2,3,-1,-0.45,-1.53
ENG-Premier League,2627,Hull City,Matt Crooks,ENG,MF,32-251,1994,3,203,68,45.1,2.3,3,68,1,0,,0,1.33,4,4,0,0.0,-0.73
ENG-Premier League,2627,Hull City,Matt Targett,ENG,"DF,MF",31-010,1995,1,6,6,1.3,0.1,0,,0,1,6,3,3.0,0,0,0,0.0,-0.41
ENG-Premier League,2627,Hull City,Mohamed Ali Cho,FRA,"FW,MF",22-252,2004,4,76,19,16.9,0.8,0,,0,4,19,0,1.25,1,1,0,0.0,-0.48
ENG-Premier League,2627,Hull City,Nobel Mendy,SEN,DF,22-025,2004,4,249,62,55.3,2.8,4,62,0,0,,0,2.0,4,1,3,1.08,1.53
ENG-Premier League,2627,Hull City,Oliver McBurnie,SCO,FW,30-116,1996,5,441,88,98.0,4.9,5,88,4,0,,0,1.6,6,4,2,0.41,0.41
ENG-Premier League,2627,Hull City,Paddy McNair,NIR,"DF,MF",31-154,1995,1,27,27,6.0,0.3,0,,0,1,27,2,3.0,0,0,0,0.0,-0.43
ENG-Premier League,2627,Hull City,Regan Slater,ENG,MF,27-017,1999,5,437,87,97.1,4.9,5,87,4,0,,0,1.6,6,4,2,0.41,0.41
ENG-Premier League,2627,Hull City,Robinio Vaz,FRA,FW,19-223,2007,2,22,11,4.9,0.2,0,,0,2,11,1,0.5,0,0,0,0.0,-0.42
ENG-Premier League,2627,Hull City,Ryan Giles,ENG,DF,26-245,2000,5,444,89,98.7,4.9,5,89,4,0,,0,1.6,6,4,2,0.41,0.41
ENG-Premier League,2627,Hull City,Semi Ajayi,NGA,DF,32-323,1993,5,423,85,94.0,4.7,5,85,4,0,,0,1.6,6,4,2,0.43,0.43
ENG-Premier League,2627,Hull City,Sorba Thomas,WAL,MF,27-037,1999,3,121,40,26.9,1.3,1,62,0,2,30,0,0.67,0,3,-3,-2.23,-3.6
ENG-Premier League,2627,Hull City,Tim Iroegbunam,ENG,MF,23-090,2003,2,67,34,14.9,0.7,0,,0,2,34,0,0.5,1,0,1,1.34,1.11
ENG-Premier League,2627,Ipswich Town,Abdoul Ouattara,FRA,DF,20-341,2005,5,135,27,30.0,1.5,1,90,1,4,11,0,1.2,3,2,1,0.67,2.1
ENG-Premier League,2627,Ipswich Town,Abdul Fatawu Issahaku,GHA,MF,22-204,2004,5,352,70,78.2,3.9,5,70,0,0,,0,1.2,4,10,-6,-1.53,-3.37
ENG-Premier League,2627,Ipswich Town,Cameron Humphreys,ENG,MF,22-333,2003,0,,,,,0,,0,0,,1,,,,,,
ENG-Premier League,2627,Ipswich Town,Christian Walton,ENG,GK,30-323,1995,1,90,90,20.0,1.0,1,90,1,0,,4,0.0,0,1,-1,-1.0,-0.25
ENG-Premier League,2627,Ipswich Town,Chuba Akpom,ENG,"FW,MF",30-354,1995,3,80,27,17.8,0.9,0,,0,3,27,1,1.0,2,4,-2,-2.25,-1.76
ENG-Premier League,2627,Ipswich Town,Cédric Kipré,CIV,DF,29-293,1996,0,,,,,0,,0,0,,4,,,,,,
ENG-Premier League,2627,Ipswich Town,Daizen Maeda,JPN,MF,28-343,1997,5,261,52,58.0,2.9,3,72,0,2,23,0,1.2,3,8,-5,-1.72,-2.2
ENG-Premier League,2627,Ipswich Town,Dara O'Shea,IRL,DF,27-208,1999,5,450,90,100.0,5.0,5,90,5,0,,0,1.2,7,11,-4,-0.8,
ENG-Premier League,2627,Ipswich Town,Darnell Furlong,ENG,"DF,MF",30-332,1995,1,18,18,4.0,0.2,0,,0,1,18,3,0.0,1,1,0,0.0,0.83
ENG-Premier League,2627,Ipswich Town,Emersonn,BRA,FW,22-074,2004,5,317,63,70.4,3.5,5,63,0,0,,0,1.2,4,6,-2,-0.57,0.79
ENG-Premier League,2627,Ipswich Town,Exequiel Palacios,ARG,MF,27-358,1998,4,276,69,61.3,3.1,3,82,1,1,29,0,0.75,4,7,-3,-0.98,-0.46
ENG-Premier League,2627,Ipswich Town,Florentino Luís,POR,MF,27-040,1999,2,32,16,7.1,0.4,0,,0,2,16,1,1.5,1,0,1,2.81,3.89
ENG-Premier League,2627,Ipswich Town,Issa Diop,MAR,DF,29-262,1997,5,450,90,100.0,5.0,5,90,5,0,,0,1.2,7,11,-4,-0.8,
ENG-Premier League,2627,Ipswich Town,Jack Clarke,ENG,MF,25-309,2000,4,172,43,38.2,1.9,2,64,0,2,23,1,1.5,3,2,1,0.52,2.14
ENG-Premier League,2627,Ipswich Town,Jacob Greaves,ENG,DF,26-016,2000,4,357,89,79.3,4.0,4,89,3,0,,1,1.5,6,10,-4,-1.01,-1.01
ENG-Premier League,2627,Ipswich Town,Jaden Philogene Bidace,ENG,"FW,MF",24-232,2002,2,54,27,12.0,0.6,0,,0,2,27,0,1.5,1,1,0,0.0,0.91
ENG-Premier League,2627,Ipswich Town,Julio Enciso,PAR,MF,22-248,2004,5,413,83,91.8,4.6,5,83,3,0,,0,1.2,6,11,-5,-1.09,-3.52
ENG-Premier League,2627,Ipswich Town,Kasey McAteer,IRL,MF,24-310,2001,3,45,15,10.0,0.5,0,,0,3,15,0,1.0,2,0,2,4.0,5.33
ENG-Premier League,2627,Ipswich Town,Kjell Scherpen,NED,GK,26-248,2000,4,360,90,80.0,4.0,4,90,4,0,,1,1.5,7,10,-3,-0.75,0.25
ENG-Premier League,2627,Ipswich Town,Leif Davis,ENG,DF,26-271,1999,5,450,90,100.0,5.0,5,90,5,0,,0,1.2,7,11,-4,-0.8,
ENG-Premier League,2627,Ipswich Town,Marcelino Núñez,CHI,MF,26-211,2000,2,140,70,31.1,1.6,2,70,0,0,,3,1.5,2,4,-2,-1.29,-0.71
ENG-Premier League,2627,Ipswich Town,Saša Lukić,SRB,MF,30-046,1996,5,400,80,88.9,4.4,5,80,2,0,,0,1.2,5,10,-5,-1.13,-2.93
ENG-Premier League,2627,Ipswich Town,Sindre Egeli,NOR,"FW,MF",20-099,2006,1,11,11,2.4,0.1,0,,0,1,11,1,3.0,1,0,1,8.18,9.21
ENG-Premier League,2627,Ipswich Town,Zian Flemming,NED,"FW,MF",28-058,1998,3,63,21,14.0,0.7,0,,0,3,21,0,1.0,1,1,0,0.0,0.93
ENG-Premier League,2627,Leeds United,Alex Cairns,ENG,GK,33-267,1993,0,,,,,0,,0,0,,1,,,,,,
ENG-Premier League,2627,Leeds United,Alfie Cresswell,ENG,MF,19-075,2007,0,,,,,0,,0,0,,1,,,,,,
ENG-Premier League,2627,Leeds United,Anton Stach,GER,MF,27-317,1998,5,447,89,99.3,5.0,5,89,4,0,,0,1.8,7,2,5,1.01,31.01
ENG-Premier League,2627,Leeds United,Ao Tanaka,JPN,MF,28-018,1998,4,255,64,56.7,2.8,3,70,0,1,45,1,1.5,6,1,5,1.76,2.23
ENG-Premier League,2627,Leeds United,Brenden Aaronson,USA,MF,25-341,2000,5,197,39,43.8,2.2,2,63,0,3,24,0,1.8,0,3,-3,-1.37,-3.86
ENG-Premier League,2627,Leeds United,Daniel James,WAL,"FW,MF",28-322,1997,3,55,18,12.2,0.6,0,,0,3,18,2,1.67,1,1,0,0.0,-0.91
ENG-Premier League,2627,Leeds United,Dominic Calvert-Lewin,ENG,FW,29-196,1997,5,419,84,93.1,4.7,5,84,3,0,,0,1.8,7,2,5,1.07,3.98
ENG-Premier League,2627,Leeds United,Ethan Ampadu,WAL,MF,26-014,2000,5,450,90,100.0,5.0,5,90,5,0,,0,1.8,7,3,4,0.8,
ENG-Premier League,2627,Leeds United,Gabriel Gudmundsson,SWE,MF,27-152,1999,3,250,83,55.6,2.8,3,83,1,0,,1,1.67,5,1,4,1.44,1.44
ENG-Premier League,2627,Leeds United,Harry Wilson,WAL,MF,29-190,1997,4,147,37,32.7,1.6,1,65,0,3,27,0,2.0,1,1,0,0.0,-1.19
ENG-Premier League,2627,Leeds United,Ilia Gruev,BUL,MF,26-145,2000,0,,,,,0,,0,0,,1,,,,,,
ENG-Premier League,2627,Leeds United,Jaka Bijol,SVN,DF,27-235,1999,3,165,55,36.7,1.8,2,68,1,1,30,2,1.67,1,2,-1,-0.55,-2.12
ENG-Premier League,2627,Leeds United,James Justin,ENG,"DF,MF",28-217,1998,5,450,90,100.0,5.0,5,90,5,0,,0,1.8,7,3,4,0.8,
ENG-Premier League,2627,Leeds United,James Trafford,ENG,GK,23-353,2002,5,450,90,100.0,5.0,5,90,5,0,,0,1.8,7,3,4,0.8,
ENG-Premier League,2627,Leeds United,Jayden Bogle,ENG,MF,26-063,2000,5,365,73,81.1,4.1,5,73,1,0,,0,1.8,6,1,5,1.23,2.29
ENG-Premier League,2627,Leeds United,Jayden Lienou,WAL,DF,18-173,2008,0,,,,,0,,0,0,,1,,,,,,
ENG-Premier League,2627,Leeds United,Jean Mattéo Bahoya,FRA,MF,21-144,2005,1,1,1,0.2,0.0,0,,0,1,1,2,1.0,0,0,0,0.0,-0.8
ENG-Premier League,2627,Leeds United,Joe Rodon,WAL,DF,28-341,1997,2,123,62,27.3,1.4,2,62,1,0,,0,2.0,1,0,1,0.73,-0.09
ENG-Premier League,2627,Leeds United,Lucas Perri,BRA,GK,28-292,1997,0,,,,,0,,0,0,,1,,,,,,
ENG-Premier League,2627,Leeds United,Lukas Nmecha,GER,FW,27-288,1998,4,68,17,15.1,0.8,0,,0,4,17,1,1.5,1,1,0,0.0,-0.94
ENG-Premier League,2627,Leeds United,Melvin Bard,FRA,"DF,MF",25-326,2000,1,19,19,4.2,0.2,0,,0,1,19,2,3.0,0,1,-1,-4.74,-5.78
ENG-Premier League,2627,Leeds United,Michael Zetterer,GER,GK,31-078,1995,0,,,,,0,,0,0,,3,,,,,,
ENG-Premier League,2627,Leeds United,Nico Elvedi,SUI,DF,29-363,1996,4,327,82,72.7,3.6,3,90,3,1,57,1,1.5,6,3,3,0.83,0.09
ENG-Premier League,2627,Leeds United,Noah Okafor,SUI,"MF,FW",26-127,2000,5,300,60,66.7,3.3,4,69,0,1,25,0,1.8,6,1,5,1.5,2.1
ENG-Premier League,2627,Leeds United,Sean Longstaff,ENG,MF,28-333,1997,2,12,6,2.7,0.1,0,,0,2,6,3,3.0,1,1,0,0.0,-0.82
ENG-Premier League,2627,Leeds United,Tarik Muharemovic,BIH,DF,23-212,2003,5,450,90,100.0,5.0,5,90,5,0,,0,1.8,7,3,4,0.8,
ENG-Premier League,2627,Leeds United,Wilfried Gnonto,ITA,"FW,MF",22-327,2003,0,,,,,0,,0,0,,1,,,,,,
ENG-Premier League,2627,Liverpool,Alexander Isak,SWE,FW,27-007,1999,5,413,83,91.8,4.6,5,83,3,0,,0,1.8,7,4,3,0.65,0.65
ENG-Premier League,2627,Liverpool,Alexis Mac Allister,ARG,MF,27-278,1998,5,308,62,68.4,3.4,3,83,1,2,30,0,1.8,5,2,3,0.88,0.88
ENG-Premier League,2627,Liverpool,Alisson,BRA,GK,33-361,1992,5,450,90,100.0,5.0,5,90,5,0,,0,1.8,7,4,3,0.6,
ENG-Premier League,2627,Liverpool,Bradley Barcola,FRA,MF,24-026,2002,3,169,56,37.6,1.9,2,71,0,1,27,0,2.33,1,0,1,0.53,-0.11
ENG-Premier League,2627,Liverpool,Cody Gakpo,NED,MF,27-144,1999,5,371,74,82.4,4.1,4,85,3,1,31,0,1.8,6,4,2,0.49,-0.65
ENG-Premier League,2627,Liverpool,Dominik Szoboszlai,HUN,MF,25-338,2000,5,440,88,97.8,4.9,5,88,4,0,,0,1.8,7,4,3,0.61,0.61
ENG-Premier League,2627,Liverpool,Florian Wirtz,GER,MF,23-148,2003,5,401,80,89.1,4.5,5,80,2,0,,0,1.8,6,4,2,0.45,-1.39
ENG-Premier League,2627,Liverpool,Giorgi Mamardashvili,GEO,GK,25-364,2000,0,,,,,0,,0,0,,5,,,,,,
ENG-Premier League,2627,Liverpool,James McConnell,ENG,MF,22-015,2004,0,,,,,0,,0,0,,2,,,,,,
ENG-Premier League,2627,Liverpool,Jeremie Frimpong,NED,DF,25-292,2000,3,179,60,39.8,2.0,2,80,1,1,19,2,1.0,3,4,-1,-0.5,-1.83
ENG-Premier League,2627,Liverpool,Joe Gomez,ENG,DF,29-128,1997,0,,,,,0,,0,0,,1,,,,,,
ENG-Premier League,2627,Liverpool,Jérémy Jacquet,FRA,DF,21-077,2005,5,415,83,92.2,4.6,5,83,3,0,,0,1.8,5,4,1,0.22,-4.93
ENG-Premier League,2627,Liverpool,Kostas Tsimikas,GRE,DF,30-139,1996,2,65,33,14.4,0.7,1,45,0,1,20,3,1.0,1,0,1,1.38,0.92
ENG-Premier League,2627,Liverpool,Lewis Koumas,WAL,"FW,MF",21-009,2005,3,24,8,5.3,0.3,0,,0,3,8,2,2.33,1,0,1,3.75,3.33
ENG-Premier League,2627,Liverpool,Milos Kerkez,HUN,DF,22-325,2003,5,385,77,85.6,4.3,4,85,3,1,45,0,1.8,6,4,2,0.47,-0.92
ENG-Premier League,2627,Liverpool,Rio Ngumoha,ENG,MF,18-030,2008,3,101,34,22.4,1.1,1,62,0,2,20,2,1.0,2,2,0,0.0,-0.77
ENG-Premier League,2627,Liverpool,Ronald Araújo,URU,DF,27-205,1999,5,286,57,63.6,3.2,3,84,2,2,18,0,1.8,5,0,5,1.57,2.67
ENG-Premier League,2627,Liverpool,Ryan Gravenberch,NED,MF,24-135,2002,5,193,39,42.9,2.1,2,68,0,3,19,0,1.8,2,2,0,0.0,-1.05
ENG-Premier League,2627,Liverpool,Trey Nyoni,ENG,MF,19-090,2007,3,41,14,9.1,0.5,0,,0,3,14,2,2.33,1,0,1,2.2,1.76
ENG-Premier League,2627,Liverpool,Virgil van Dijk,NED,DF,35-082,1991,5,450,90,100.0,5.0,5,90,5,0,,0,1.8,7,4,3,0.6,
ENG-Premier League,2627,Liverpool,Víctor Muñoz,ESP,MF,23-077,2003,5,259,52,57.6,2.9,3,71,1,2,24,0,1.8,5,2,3,1.04,1.04
ENG-Premier League,2627,Liverpool,Wataru Endo,JPN,"DF,MF",33-231,1993,0,,,,,0,,0,0,,4,,,,,,
ENG-Premier League,2627,Manchester City,Abdukodir Khusanov,UZB,DF,22-211,2004,3,268,89,59.6,3.0,3,89,2,0,,2,3.0,7,2,5,1.68,0.2
ENG-Premier League,2627,Manchester City,Allan,BRA,MF,22-162,2004,0,,,,,0,,0,0,,2,,,,,,
ENG-Premier League,2627,Manchester City,Antoine Semenyo,GHA,MF,26-264,2000,5,450,90,100.0,5.0,5,90,5,0,,0,3.0,13,5,8,1.6,
ENG-Premier League,2627,Manchester City,Ayyoub Bouaddi,MAR,MF,18-361,2007,2,24,12,5.3,0.3,0,,0,2,12,2,3.0,1,0,1,3.75,2.27
ENG-Premier League,2627,Manchester City,Claudio Echeverri,ARG,MF,20-269,2006,0,,,,,0,,0,0,,1,,,,,,
ENG-Premier League,2627,Manchester City,Elliot Anderson,ENG,MF,23-326,2002,5,413,83,91.8,4.6,5,83,3,0,,0,3.0,10,5,5,1.09,-6.21
ENG-Premier League,2627,Manchester City,Enzo Fernández,ARG,MF,25-254,2001,3,246,82,54.7,2.7,3,82,1,0,,0,3.0,7,3,4,1.46,-0.3
ENG-Premier League,2627,Manchester City,Erling Haaland,NOR,FW,26-069,2000,5,450,90,100.0,5.0,5,90,5,0,,0,3.0,13,5,8,1.6,
ENG-Premier League,2627,Manchester City,Floyd Samba,FRA,MF,17-256,2009,0,,,,,0,,0,0,,1,,,,,,
ENG-Premier League,2627,Manchester City,Gerónimo Rulli,ARG,GK,34-131,1992,0,,,,,0,,0,0,,5,,,,,,
ENG-Premier League,2627,Manchester City,Gianluigi Donnarumma,ITA,GK,27-215,1999,5,450,90,100.0,5.0,5,90,5,0,,0,3.0,13,5,8,1.6,
ENG-Premier League,2627,Manchester City,Iliman Ndiaye,SEN,MF,26-206,2000,3,205,68,45.6,2.3,2,80,0,1,45,0,3.0,6,3,3,1.32,-0.52
ENG-Premier League,2627,Manchester City,Jack Grealish,ENG,"FW,MF",31-018,1995,1,9,9,2.0,0.1,0,,0,1,9,0,3.0,2,0,2,20.0,18.78
ENG-Premier League,2627,Manchester City,Jeremy Doku,BEL,"FW,MF",24-124,2002,1,16,16,3.6,0.2,0,,0,1,16,0,3.0,1,0,1,5.63,4.17
ENG-Premier League,2627,Manchester City,Joško Gvardiol,CRO,DF,24-248,2002,5,434,87,96.4,4.8,5,87,4,0,,0,3.0,12,5,7,1.45,-4.17
ENG-Premier League,2627,Manchester City,Kaden Braithwaite,ENG,DF,18-232,2008,1,2,2,0.4,0.0,0,,0,1,2,0,3.0,0,0,0,0.0,-1.61
ENG-Premier League,2627,Manchester City,Marc Guéhi,ENG,"DF,MF",26-077,2000,5,450,90,100.0,5.0,5,90,5,0,,0,3.0,13,5,8,1.6,
ENG-Premier League,2627,Manchester City,Mateo Kovačić,CRO,MF,32-145,1994,2,44,22,9.8,0.5,0,,0,2,22,3,3.0,3,0,3,6.14,5.03
ENG-Premier League,2627,Manchester City,Matheus Nunes,POR,DF,28-032,1998,3,214,71,47.6,2.4,2,90,2,1,34,1,3.0,8,3,5,2.1,0.96
ENG-Premier League,2627,Manchester City,Nico O'Reilly,ENG,MF,21-191,2005,4,165,41,36.7,1.8,2,75,0,2,8,0,3.0,4,2,2,1.09,-0.8
ENG-Premier League,2627,Manchester City,Nicolás González,ESP,MF,24-268,2002,0,,,,,0,,0,0,,1,,,,,,
ENG-Premier League,2627,Manchester City,Omar Marmoush,EGY,"FW,MF",27-233,1999,0,,,,,0,,0,0,,1,,,,,,
ENG-Premier League,2627,Manchester City,Phil Foden,ENG,MF,26-123,2000,4,218,55,48.4,2.4,3,64,1,1,25,0,3.0,4,2,2,0.83,-1.5
ENG-Premier League,2627,Manchester City,Rayan Aït-Nouri,ALG,"DF,MF",25-114,2001,0,,,,,0,,0,0,,4,,,,,,
ENG-Premier League,2627,Manchester City,Rayan Cherki,FRA,MF,23-042,2003,5,303,61,67.3,3.4,4,69,0,1,28,0,3.0,11,4,7,2.08,1.47
ENG-Premier League,2627,Manchester City,Rico Lewis,ENG,DF,21-311,2004,1,56,56,12.4,0.6,1,56,0,0,,4,3.0,0,1,-1,-1.61,-3.66
ENG-Premier League,2627,Manchester City,Ryan Mcaidoo,ENG,FW,18-096,2008,2,13,7,2.9,0.1,0,,0,2,7,0,3.0,1,0,1,6.92,5.48
ENG-Premier League,2627,Manchester City,Rúben Dias,POR,DF,29-137,1997,5,450,90,100.0,5.0,5,90,5,0,,0,3.0,13,5,8,1.6,
ENG-Premier League,2627,Manchester City,Vitor Reis,BRA,DF,20-259,2006,1,2,2,0.4,0.0,0,,0,1,2,2,3.0,0,0,0,0.0,-1.61
ENG-Premier League,2627,Manchester Utd,Andrey Santos,BRA,MF,22-148,2004,3,84,28,18.7,0.9,1,66,0,2,9,2,1.33,2,4,-2,-2.14,-2.63
ENG-Premier League,2627,Manchester Utd,Ayden Heaven,ENG,DF,20-006,2006,1,90,90,20.0,1.0,1,90,1,0,,3,0.0,0,2,-2,-2.0,-2.5
ENG-Premier League,2627,Manchester Utd,Benjamin Šeško,SVN,FW,23-120,2003,4,80,20,17.8,0.9,0,,0,4,20,0,1.0,2,3,-1,-1.13,-1.37
ENG-Premier League,2627,Manchester Utd,Bruno Fernandes,POR,MF,32-020,1994,5,450,90,100.0,5.0,5,90,5,0,,0,1.0,8,8,0,0.0,
ENG-Premier League,2627,Manchester Utd,Bryan Mbeumo,CMR,MF,27-052,1999,5,450,90,100.0,5.0,5,90,5,0,,0,1.0,8,8,0,0.0,
ENG-Premier League,2627,Manchester Utd,Carlos Baleba,CMR,MF,22-268,2004,0,,,,,0,,0,0,,1,,,,,,
ENG-Premier League,2627,Manchester Utd,Diogo Dalot,POR,DF,27-194,1999,5,347,69,77.1,3.9,4,84,2,1,11,0,1.0,6,4,2,0.52,2.27
ENG-Premier League,2627,Manchester Utd,Harry Maguire,ENG,DF,33-207,1993,5,450,90,100.0,5.0,5,90,5,0,,0,1.0,8,8,0,0.0,
ENG-Premier League,2627,Manchester Utd,Joshua Zirkzee,NED,FW,25-129,2001,2,22,11,4.9,0.2,0,,0,2,11,3,0.5,1,0,1,4.09,4.3
ENG-Premier League,2627,Manchester Utd,Karl Darlow,WAL,GK,35-355,1990,0,,,,,0,,0,0,,5,,,,,,
ENG-Premier League,2627,Manchester Utd,Kobbie Mainoo,ENG,MF,21-162,2005,5,355,71,78.9,3.9,4,83,1,1,24,0,1.0,5,4,1,0.25,1.2
ENG-Premier League,2627,Manchester Utd,Leny Yoro,FRA,DF,20-319,2005,2,24,12,5.3,0.3,0,,0,2,12,3,2.0,2,2,0,0.0,0.0
ENG-Premier League,2627,Manchester Utd,Lisandro Martínez,ARG,DF,28-253,1998,4,360,90,80.0,4.0,4,90,4,0,,1,1.25,8,6,2,0.5,2.5
ENG-Premier League,2627,Manchester Utd,Luke Shaw,ENG,DF,31-078,1995,4,334,84,74.2,3.7,4,84,1,0,,0,1.25,6,5,1,0.27,1.05
ENG-Premier League,2627,Manchester Utd,Marcus Rashford,ENG,MF,28-332,1997,5,351,70,78.0,3.9,4,77,0,1,45,0,1.0,5,3,2,0.51,2.33
ENG-Premier League,2627,Manchester Utd,Mason Mount,ENG,MF,27-261,1999,1,11,11,2.4,0.1,0,,0,1,11,2,1.0,1,0,1,8.18,8.39
ENG-Premier League,2627,Manchester Utd,Matheus Cunha,BRA,FW,27-124,1999,5,407,81,90.4,4.5,5,81,2,0,,0,1.0,6,5,1,0.22,2.31
ENG-Premier League,2627,Manchester Utd,Noussair Mazraoui,MAR,DF,28-318,1997,3,98,33,21.8,1.1,1,79,0,2,10,2,1.33,1,4,-3,-2.76,-3.52
ENG-Premier League,2627,Manchester Utd,Patrick Dorgu,DEN,"MF,DF",21-337,2004,5,174,35,38.7,1.9,2,68,1,3,13,0,1.0,3,6,-3,-1.55,-2.53
ENG-Premier League,2627,Manchester Utd,Senne Lammens,BEL,GK,24-083,2002,5,450,90,100.0,5.0,5,90,5,0,,0,1.0,8,8,0,0.0,
ENG-Premier League,2627,Manchester Utd,Shea Lacey,ENG,FW,19-167,2007,1,11,11,2.4,0.1,0,,0,1,11,3,0.0,0,0,0,0.0,0.0
ENG-Premier League,2627,Manchester Utd,Youri Tielemans,BEL,MF,29-144,1997,5,402,80,89.3,4.5,5,80,3,0,,0,1.0,8,8,0,0.0,0.0
ENG-Premier League,2627,Newcastle,Aladji Bamba,FRA,MF,20-076,2006,3,30,10,6.7,0.3,0,,0,3,10,2,1.33,1,1,0,0.0,0.0
ENG-Premier League,2627,Newcastle,Amar Dedić,BIH,DF,24-041,2002,4,327,82,72.7,3.6,4,82,3,0,,0,1.25,6,7,-1,-0.28,-1.01
ENG-Premier League,2627,Newcastle,Anthony Elanga,SWE,MF,24-154,2002,3,232,77,51.6,2.6,3,77,0,0,,0,1.67,5,3,2,0.78,1.6
ENG-Premier League,2627,Newcastle,Bazoumana Touré,CIV,MF,20-210,2006,3,52,17,11.6,0.6,0,,0,3,17,2,2.0,1,1,0,0.0,0.0
ENG-Premier League,2627,Newcastle,Ewen Jaouen,FRA,GK,20-273,2005,0,,,,,0,,0,0,,2,,,,,,
ENG-Premier League,2627,Newcastle,Fabian Schär,SUI,DF,34-282,1991,2,26,13,5.8,0.3,0,,0,2,13,3,2.0,0,2,-2,-6.92,-7.35
ENG-Premier League,2627,Newcastle,Harvey Barnes,ENG,MF,28-293,1997,5,449,90,99.8,5.0,5,90,4,0,,0,1.6,9,9,0,0.0,0.0
ENG-Premier League,2627,Newcastle,Jacob Murphy,ENG,MF,31-216,1995,5,184,37,40.9,2.0,2,73,1,3,13,0,1.6,3,5,-2,-0.98,-1.65
ENG-Premier League,2627,Newcastle,Jacob Ramsey,ENG,MF,25-123,2001,3,72,24,16.0,0.8,0,,0,3,24,1,1.67,2,1,1,1.25,1.49
ENG-Premier League,2627,Newcastle,Joe Willock,ENG,MF,27-039,1999,5,286,57,63.6,3.2,3,73,0,2,34,0,1.6,6,5,1,0.31,0.86
ENG-Premier League,2627,Newcastle,Kyran Thompson,ENG,MF,17-022,2009,0,,,,,0,,0,0,,1,,,,,,
ENG-Premier League,2627,Newcastle,Leo Shahar,ENG,DF,19-194,2007,0,,,,,0,,0,0,,2,,,,,,
ENG-Premier League,2627,Newcastle,Lewis Hall,ENG,DF,22-020,2004,5,449,90,99.8,5.0,5,90,4,0,,0,1.6,9,9,0,0.0,0.0
ENG-Premier League,2627,Newcastle,Lewis Miley,ENG,"MF,DF",20-150,2006,5,396,79,88.0,4.4,5,79,2,0,,0,1.6,7,8,-1,-0.23,-1.89
ENG-Premier League,2627,Newcastle,Lukáš Horníček,CZE,GK,24-077,2002,5,450,90,100.0,5.0,5,90,5,0,,0,1.6,9,9,0,0.0,
ENG-Premier League,2627,Newcastle,Malick Thiaw,GER,DF,25-051,2001,5,450,90,100.0,5.0,5,90,5,0,,0,1.6,9,9,0,0.0,
ENG-Premier League,2627,Newcastle,Mason Miley,ENG,MF,17-364,2008,0,,,,,0,,0,0,,2,,,,,,
ENG-Premier League,2627,Newcastle,Matias Fernandez-Pardo,BEL,"MF,FW",21-237,2005,3,158,53,35.1,1.8,2,65,0,1,28,0,1.33,3,4,-1,-0.57,-0.88
ENG-Premier League,2627,Newcastle,Michael Mills,ENG,FW,17-222,2009,0,,,,,0,,0,0,,1,,,,,,
ENG-Premier League,2627,Newcastle,Miodrag Pivas,SRB,MF,21-134,2005,0,,,,,0,,0,0,,1,,,,,,
ENG-Premier League,2627,Newcastle,Nick Pope,ENG,GK,34-162,1992,0,,,,,0,,0,0,,3,,,,,,
ENG-Premier League,2627,Newcastle,Nick Woltemade,GER,"FW,MF",24-226,2002,1,20,20,4.4,0.2,0,,0,1,20,1,3.0,1,0,1,4.5,4.71
ENG-Premier League,2627,Newcastle,Nicolás González,ESP,MF,24-268,2002,3,164,55,36.4,1.8,3,55,0,0,,0,1.33,2,2,0,0.0,0.0
ENG-Premier League,2627,Newcastle,Sean Steur,NED,MF,18-260,2008,5,226,45,50.2,2.5,2,60,0,3,35,0,1.6,6,5,1,0.4,0.8
ENG-Premier League,2627,Newcastle,Sven Botman,NED,DF,26-259,2000,5,450,90,100.0,5.0,5,90,5,0,,0,1.6,9,9,0,0.0,
ENG-Premier League,2627,Newcastle,Tino Livramento,ENG,"DF,MF",23-320,2002,2,34,17,7.6,0.4,0,,0,2,17,0,0.5,1,1,0,0.0,0.0
ENG-Premier League,2627,Newcastle,Vakhtang Salia,GEO,MF,19-029,2007,0,,,,,0,,0,0,,1,,,,,,
ENG-Premier League,2627,Newcastle,William Osula,DEN,FW,23-055,2003,1,55,55,12.2,0.6,1,55,0,0,,0,1.0,1,1,0,0.0,0.0
ENG-Premier League,2627,Newcastle,Yoane Wissa,COD,"FW,MF",30-025,1996,5,440,88,97.8,4.9,5,88,3,0,,0,1.6,9,8,1,0.2,9.2
ENG-Premier League,2627,Nottingham,Arnaud Kalimuendo,FRA,FW,24-251,2002,1,1,1,0.2,0.0,0,,0,1,1,1,0.0,0,0,0,0.0,0.2
ENG-Premier League,2627,Nottingham,Callum Hudson-Odoi,ENG,"FW,MF",25-325,2000,1,1,1,0.2,0.0,0,,0,1,1,4,1.0,0,0,0,0.0,0.2
ENG-Premier League,2627,Nottingham,Chris Wood,NZL,FW,34-295,1991,4,65,16,14.4,0.7,0,,0,4,16,1,1.0,0,1,-1,-1.38,-1.38
ENG-Premier League,2627,Nottingham,Dan Ndoye,SUI,MF,25-338,2000,5,316,63,70.2,3.5,5,63,0,0,,0,1.0,2,3,-1,-0.28,-0.28
ENG-Premier League,2627,Nottingham,Daniel Muñoz,COL,MF,30-125,1996,3,204,68,45.3,2.3,2,86,1,1,32,0,1.33,2,2,0,0.0,0.37
ENG-Premier League,2627,Nottingham,Ibrahim Sangaré,CIV,MF,28-300,1997,3,107,36,23.8,1.2,1,90,1,2,9,0,1.0,1,1,0,0.0,0.26
ENG-Premier League,2627,Nottingham,Igor Jesus,BRA,FW,25-215,2001,5,259,52,57.6,2.9,2,90,1,3,27,0,1.0,3,3,0,0.0,0.47
ENG-Premier League,2627,Nottingham,Jair Cunha,BRA,DF,21-205,2005,4,360,90,80.0,4.0,4,90,4,0,,0,0.5,2,4,-2,-0.5,-1.5
ENG-Premier League,2627,Nottingham,James Mcatee,ENG,MF,23-345,2002,5,415,83,92.2,4.6,5,83,1,0,,0,1.0,3,4,-1,-0.22,-0.22
ENG-Premier League,2627,Nottingham,John,BRA,GK,30-227,1996,0,,,,,0,,0,0,,5,,,,,,
ENG-Premier League,2627,Nottingham,Liam Delap,ENG,FW,23-232,2003,4,277,69,61.6,3.1,3,84,1,1,25,0,1.25,3,3,0,0.0,0.52
ENG-Premier League,2627,Nottingham,Luca Netz,GER,"DF,MF",23-136,2003,3,30,10,6.7,0.3,0,,0,3,10,2,0.33,0,1,-1,-3.0,-3.0
ENG-Premier League,2627,Nottingham,Matz Sels,BEL,GK,34-214,1992,5,450,90,100.0,5.0,5,90,5,0,,0,1.0,4,5,-1,-0.2,
ENG-Premier League,2627,Nottingham,Morgan Gibbs-White,ENG,MF,26-244,2000,5,450,90,100.0,5.0,5,90,5,0,,0,1.0,4,5,-1,-0.2,
ENG-Premier League,2627,Nottingham,Murillo,BRA,DF,24-086,2002,5,448,90,99.6,5.0,5,90,3,0,,0,1.0,4,5,-1,-0.2,-0.2
ENG-Premier League,2627,Nottingham,Neco Williams,WAL,MF,25-168,2001,5,450,90,100.0,5.0,5,90,5,0,,0,1.0,4,5,-1,-0.2,
ENG-Premier League,2627,Nottingham,Nicolás Domínguez,ARG,MF,28-092,1998,1,1,1,0.2,0.0,0,,0,1,1,4,1.0,0,0,0,0.0,0.2
ENG-Premier League,2627,Nottingham,Nikola Milenković,SRB,DF,28-351,1997,3,270,90,60.0,3.0,3,90,3,0,,0,0.67,2,3,-1,-0.33,-0.33
ENG-Premier League,2627,Nottingham,Ola Aina,NGA,"MF,DF",29-355,1996,4,306,77,68.0,3.4,4,77,1,0,,1,1.25,4,3,1,0.29,1.54
ENG-Premier League,2627,Nottingham,Ousmane Diomande,CIV,DF,22-298,2003,3,163,54,36.2,1.8,2,81,1,1,1,2,1.33,2,2,0,0.0,0.31
ENG-Premier League,2627,Nottingham,Ryan Yates,ENG,MF,28-311,1997,0,,,,,0,,0,0,,4,,,,,,
ENG-Premier League,2627,Nottingham,Xaver Schlager,AUT,MF,29-000,1997,5,377,75,83.8,4.2,4,90,4,1,17,0,1.0,4,5,-1,-0.24,-0.24
ENG-Premier League,2627,Nottingham,Zach Abbott,ENG,DF,20-138,2006,0,,,,,0,,0,0,,2,,,,,,
ENG-Premier League,2627,Sunderland,Brian Brobbey,NED,FW,24-239,2002,5,400,80,88.9,4.4,5,80,3,0,,0,0.8,5,9,-4,-0.9,-0.9
ENG-Premier League,2627,Sunderland,Chemsdine Talbi,MAR,MF,21-142,2005,1,32,32,7.1,0.4,0,,0,1,32,3,0.0,0,1,-1,-2.81,-2.17
ENG-Premier League,2627,Sunderland,Chris Rigg,ENG,MF,19-102,2007,2,19,10,4.2,0.2,0,,0,2,10,3,1.5,0,1,-1,-4.74,-4.11
ENG-Premier League,2627,Sunderland,Daniel Ballard,NIR,DF,27-006,1999,5,450,90,100.0,5.0,5,90,5,0,,0,0.8,6,10,-4,-0.8,
ENG-Premier League,2627,Sunderland,Dayann Methalie,FRA,DF,20-225,2006,1,90,90,20.0,1.0,1,90,1,0,,2,0.0,3,5,-2,-2.0,-1.5
ENG-Premier League,2627,Sunderland,Enzo Le Fée,FRA,MF,26-237,2000,5,438,88,97.3,4.9,5,88,3,0,,0,0.8,6,9,-3,-0.62,6.88
ENG-Premier League,2627,Sunderland,Granit Xhaka,SUI,MF,34-001,1992,5,450,90,100.0,5.0,5,90,5,0,,0,0.8,6,10,-4,-0.8,
ENG-Premier League,2627,Sunderland,Habib Diarra,SEN,MF,22-268,2004,2,29,15,6.4,0.3,0,,0,2,15,0,1.5,1,1,0,0.0,0.86
ENG-Premier League,2627,Sunderland,Jocelin Ta Bi,CIV,FW,21-231,2005,0,,,,,0,,0,0,,1,,,,,,
ENG-Premier League,2627,Sunderland,Jules Ahoka,COD,MF,20-143,2006,0,,,,,0,,0,0,,3,,,,,,
ENG-Premier League,2627,Sunderland,Kevin Danso,AUT,DF,28-009,1998,3,270,90,60.0,3.0,3,90,3,0,,0,0.33,4,8,-4,-1.33,-1.33
ENG-Premier League,2627,Sunderland,Luke O'Nien,ENG,DF,31-311,1994,1,66,66,14.7,0.7,1,66,0,0,,4,0.0,1,1,0,0.0,0.94
ENG-Premier League,2627,Sunderland,Malick Fofana,BEL,"FW,MF",21-181,2005,3,63,21,14.0,0.7,0,,0,3,21,0,0.33,1,2,-1,-1.43,-0.73
ENG-Premier League,2627,Sunderland,Melker Ellborg,SWE,GK,23-129,2003,0,,,,,0,,0,0,,5,,,,,,
ENG-Premier League,2627,Sunderland,Nilson Angulo,ECU,MF,23-101,2003,5,313,63,69.6,3.5,5,63,0,0,,0,0.8,4,7,-3,-0.86,-0.21
ENG-Premier League,2627,Sunderland,Noah Sadiki,COD,MF,21-285,2004,5,410,82,91.1,4.6,5,82,3,0,,0,0.8,5,9,-4,-0.88,-0.88
ENG-Premier League,2627,Sunderland,Nordi Mukiele,FRA,DF,28-331,1997,4,360,90,80.0,4.0,4,90,4,0,,1,1.0,5,8,-3,-0.75,0.25
ENG-Premier League,2627,Sunderland,Omar Alderete,PAR,DF,29-276,1996,1,24,24,5.3,0.3,0,,0,1,24,4,0.0,0,1,-1,-3.75,-3.12
ENG-Premier League,2627,Sunderland,Reinildo Mandava,MOZ,DF,32-250,1994,4,359,90,79.8,4.0,4,90,3,0,,0,1.0,3,4,-1,-0.25,2.72
ENG-Premier League,2627,Sunderland,Robin Roefs,NED,GK,23-254,2003,5,450,90,100.0,5.0,5,90,5,0,,0,0.8,6,10,-4,-0.8,
ENG-Premier League,2627,Sunderland,Romaine Mundle,ENG,MF,23-157,2003,1,1,1,0.2,0.0,0,,0,1,1,1,3.0,0,0,0,0.0,0.8
ENG-Premier League,2627,Sunderland,Thomas Meunier,BEL,"MF,DF",35-016,1991,5,396,79,88.0,4.4,5,79,2,0,,0,0.8,5,8,-3,-0.68,0.98
ENG-Premier League,2627,Sunderland,Trai Hume,NIR,MF,24-194,2002,4,208,52,46.2,2.3,2,85,1,2,20,1,1.0,3,2,1,0.43,2.29
ENG-Premier League,2627,Sunderland,Wilson Isidor,HAI,"FW,MF",26-032,2000,5,121,24,26.9,1.3,0,,0,5,24,0,0.8,2,3,-1,-0.74,0.08
ENG-Premier League,2627,Tottenham,Andy Robertson,SCO,DF,32-201,1994,5,367,73,81.6,4.1,4,84,3,1,30,0,0.4,2,7,-5,-1.23,-0.14
ENG-Premier League,2627,Tottenham,Antonín Kinský,CZE,GK,23-199,2003,5,450,90,100.0,5.0,5,90,5,0,,0,0.4,2,8,-6,-1.2,
ENG-Premier League,2627,Tottenham,Archie Gray,ENG,DF,20-200,2006,4,308,77,68.4,3.4,3,79,0,1,72,1,0.25,2,7,-5,-1.46,-0.83
ENG-Premier League,2627,Tottenham,Ben Davies,WAL,"DF,MF",33-157,1993,0,,,,,0,,0,0,,3,,,,,,
ENG-Premier League,2627,Tottenham,Conor Gallagher,ENG,MF,26-234,2000,3,135,45,30.0,1.5,2,64,0,1,7,2,0.33,2,2,0,0.0,1.71
ENG-Premier League,2627,Tottenham,Destiny Udogie,ITA,DF,23-304,2002,3,88,29,19.6,1.0,1,60,0,2,14,1,0.33,0,1,-1,-1.02,0.22
ENG-Premier League,2627,Tottenham,Dominic Solanke,ENG,FW,29-014,1997,5,173,35,38.4,1.9,2,64,0,3,15,0,0.4,0,1,-1,-0.52,1.1
ENG-Premier League,2627,Tottenham,James Maddison,ENG,"FW,MF",29-309,1996,3,62,21,13.8,0.7,0,,0,3,21,0,0.33,2,2,0,0.0,1.39
ENG-Premier League,2627,Tottenham,Jan Paul van Hecke,NED,DF,26-112,2000,5,450,90,100.0,5.0,5,90,5,0,,0,0.4,2,8,-6,-1.2,
ENG-Premier League,2627,Tottenham,Kevin Danso,AUT,"DF,MF",28-009,1998,0,,,,,0,,0,0,,1,,,,,,
ENG-Premier League,2627,Tottenham,Luca Williams Barnett,ENG,FW,17-362,2008,0,,,,,0,,0,0,,1,,,,,,
ENG-Premier League,2627,Tottenham,Lucas Bergvall,SWE,MF,20-238,2006,3,80,27,17.8,0.9,1,45,0,2,18,2,0.33,2,2,0,0.0,1.46
ENG-Premier League,2627,Tottenham,Marcos Senesi,ARG,DF,29-141,1997,1,90,90,20.0,1.0,1,90,1,0,,4,0.0,0,3,-3,-3.0,-2.25
ENG-Premier League,2627,Tottenham,Martin Dúbravka,SVK,GK,37-256,1989,0,,,,,0,,0,0,,5,,,,,,
ENG-Premier League,2627,Tottenham,Mateus Fernandes,POR,MF,22-080,2004,5,249,50,55.3,2.8,3,66,1,2,26,0,0.4,0,4,-4,-1.45,-0.55
ENG-Premier League,2627,Tottenham,Mathys Tel,FRA,MF,21-154,2005,4,258,65,57.3,2.9,3,77,1,1,28,0,0.5,0,4,-4,-1.4,-0.46
ENG-Premier League,2627,Tottenham,Micky van de Ven,NED,DF,25-162,2001,4,360,90,80.0,4.0,4,90,4,0,,0,0.5,2,5,-3,-0.75,2.25
ENG-Premier League,2627,Tottenham,Mikey Moore,ENG,MF,19-048,2007,2,90,45,20.0,1.0,1,67,0,1,23,0,0.0,0,4,-4,-4.0,-3.5
ENG-Premier League,2627,Tottenham,Mohammed Kudus,GHA,"FW,MF",26-057,2000,4,126,32,28.0,1.4,0,,0,4,32,0,0.5,2,3,-1,-0.71,0.67
ENG-Premier League,2627,Tottenham,Mykhailo Mudryk,UKR,MF,25-266,2001,1,17,17,3.8,0.2,0,,0,1,17,0,1.0,0,0,0,0.0,1.25
ENG-Premier League,2627,Tottenham,Omar Marmoush,EGY,"MF,FW",27-233,1999,4,339,85,75.3,3.8,4,85,2,0,,0,0.5,2,5,-3,-0.8,1.64
ENG-Premier League,2627,Tottenham,Pedro Porro,ESP,"DF,MF",27-015,1999,3,198,66,44.0,2.2,3,66,2,0,,0,0.33,0,2,-2,-0.91,0.52
ENG-Premier League,2627,Tottenham,Richarlison,BRA,FW,29-141,1997,1,67,67,14.9,0.7,1,67,0,0,,0,0.0,0,3,-3,-4.03,-3.32
ENG-Premier League,2627,Tottenham,Rodrigo Bentancur,URU,MF,29-095,1997,5,370,74,82.2,4.1,4,81,2,1,45,0,0.4,0,6,-6,-1.46,-1.46
ENG-Premier League,2627,Tottenham,Sandro Tonali,ITA,MF,26-143,2000,5,427,85,94.9,4.7,5,85,3,0,,0,0.4,0,8,-8,-1.69,-9.51
ENG-Premier League,2627,Tottenham,Sávio,BRA,MF,22-171,2004,3,240,80,53.3,2.7,3,80,2,0,,0,0.67,2,3,-1,-0.37,1.77
ENG-Premier League,2627,Tottenham,Tosin Adarabioyo,ENG,DF,29-004,1997,1,6,6,1.3,0.1,0,,0,1,6,1,1.0,0,0,0,0.0,1.22
