league,season,game,week,day,date,time,home_team,score,away_team,attendance,venue,referee,match_report,notes,game_id
ENG-Premier League,2627,2026-08-21 Arsenal-Coventry City,1,Fri,2026-08-21,20:00 (00:30),Arsenal,3–0,Coventry City,60098,Emirates Stadium,Thomas Bramall,/en/matches/3085a362/Arsenal-Coventry-City-August-21-2026-Premier-League,,3085a362
ENG-Premier League,2627,2026-08-22 Brentford-Tottenham,1,Sat,2026-08-22,17:30 (22:00),Brentford,3–0,Tottenham,17180,Gtech Community Stadium,Michael Oliver,/en/matches/01f07042/Brentford-Tottenham-Hotspur-August-22-2026-Premier-League,,01f07042
ENG-Premier League,2627,2026-08-22 Everton-Crystal Palace,1,Sat,2026-08-22,15:00 (19:30),Everton,2–0,Crystal Palace,51820,Hill Dickinson Stadium,Paul Tierney,/en/matches/cbc27eaf/Everton-Crystal-Palace-August-22-2026-Premier-League,,cbc27eaf
ENG-Premier League,2627,2026-08-22 Hull City-Manchester Utd,1,Sat,2026-08-22,12:30 (17:00),Hull City,2–0,Manchester Utd,24470,MKM Stadium,Darren England,/en/matches/69e3855f/Hull-City-Manchester-United-August-22-2026-Premier-League,,69e3855f
ENG-Premier League,2627,2026-08-22 Ipswich Town-Sunderland,1,Sat,2026-08-22,15:00 (19:30),Ipswich Town,2–1,Sunderland,29669,Portman Road Stadium,Farai Hallam,/en/matches/2d0f0fb4/Ipswich-Town-Sunderland-August-22-2026-Premier-League,,2d0f0fb4
ENG-Premier League,2627,2026-08-22 Nottingham-Leeds United,1,Sat,2026-08-22,15:00 (19:30),Nottingham,0–1,Leeds United,30739,The City Ground,Robert Jones,/en/matches/b6600c62/Nottingham-Forest-Leeds-United-August-22-2026-Premier-League,,b6600c62
ENG-Premier League,2627,2026-08-23 Brighton-Aston Villa,1,Sun,2026-08-23,14:00 (18:30),Brighton,4–0,Aston Villa,31746,The American Express Stadium,Peter Bankes,/en/matches/cc39f2ef/Brighton-and-Hove-Albion-Aston-Villa-August-23-2026-Premier-League,,cc39f2ef
ENG-Premier League,2627,2026-08-23 Manchester City-Bournemouth,1,Sun,2026-08-23,14:00 (18:30),Manchester City,2–1,Bournemouth,60645,Etihad Stadium,Jarred Gillett,/en/matches/029e3234/Manchester-City-Bournemouth-August-23-2026-Premier-League,,029e3234
ENG-Premier League,2627,2026-08-23 Newcastle-Liverpool,1,Sun,2026-08-23,16:30 (21:00),Newcastle,2–2,Liverpool,52630,St James' Park,Stuart Attwell,/en/matches/a02c581c/Newcastle-United-Liverpool-August-23-2026-Premier-League,,a02c581c
ENG-Premier League,2627,2026-08-24 Fulham-Chelsea,1,Mon,2026-08-24,20:00 (00:30),Fulham,2–3,Chelsea,27461,Craven Cottage,John Brooks,/en/matches/98138a1e/Fulham-Chelsea-August-24-2026-Premier-League,,98138a1e
ENG-Premier League,2627,2026-08-28 Crystal Palace-Manchester City,2,Fri,2026-08-28,20:00 (00:30),Crystal Palace,,Manchester City,,Selhurst Park,,,,
ENG-Premier League,2627,2026-08-29 Bournemouth-Everton,2,Sat,2026-08-29,15:00 (19:30),Bournemouth,,Everton,,Vitality Stadium,,,,
ENG-Premier League,2627,2026-08-29 Coventry City-Hull City,2,Sat,2026-08-29,15:00 (19:30),Coventry City,,Hull City,,Coventry Building Society Arena,,,,
ENG-Premier League,2627,2026-08-29 Liverpool-Nottingham,2,Sat,2026-08-29,12:30 (17:00),Liverpool,,Nottingham,,Anfield,,,,
ENG-Premier League,2627,2026-08-29 Tottenham-Newcastle,2,Sat,2026-08-29,17:30 (22:00),Tottenham,,Newcastle,,Tottenham Hotspur Stadium,,,,
ENG-Premier League,2627,2026-08-30 Chelsea-Brighton,2,Sun,2026-08-30,14:00 (18:30),Chelsea,,Brighton,,Stamford Bridge,,,,
ENG-Premier League,2627,2026-08-30 Leeds United-Brentford,2,Sun,2026-08-30,14:00 (18:30),Leeds United,,Brentford,,Elland Road,,,,
ENG-Premier League,2627,2026-08-30 Manchester Utd-Ipswich Town,2,Sun,2026-08-30,16:30 (21:00),Manchester Utd,,Ipswich Town,,Old Trafford,,,,
ENG-Premier League,2627,2026-08-30 Sunderland-Fulham,2,Sun,2026-08-30,14:00 (18:30),Sunderland,,Fulham,,Stadium of Light,,,,
ENG-Premier League,2627,2026-08-31 Aston Villa-Arsenal,2,Mon,2026-08-31,20:00 (00:30),Aston Villa,,Arsenal,,Villa Park,,,,
ENG-Premier League,2627,2026-09-04 Ipswich Town-Liverpool,3,Fri,2026-09-04,20:00 (00:30),Ipswich Town,,Liverpool,,Portman Road Stadium,,,,
ENG-Premier League,2627,2026-09-05 Brentford-Sunderland,3,Sat,2026-09-05,15:00 (19:30),Brentford,,Sunderland,,Gtech Community Stadium,,,,
ENG-Premier League,2627,2026-09-05 Brighton-Leeds United,3,Sat,2026-09-05,15:00 (19:30),Brighton,,Leeds United,,The American Express Stadium,,,,
ENG-Premier League,2627,2026-09-05 Fulham-Crystal Palace,3,Sat,2026-09-05,15:00 (19:30),Fulham,,Crystal Palace,,Craven Cottage,,,,
ENG-Premier League,2627,2026-09-05 Hull City-Aston Villa,3,Sat,2026-09-05,17:30 (22:00),Hull City,,Aston Villa,,MKM Stadium,,,,
ENG-Premier League,2627,2026-09-05 Manchester City-Coventry City,3,Sat,2026-09-05,15:00 (19:30),Manchester City,,Coventry City,,Etihad Stadium,,,,
ENG-Premier League,2627,2026-09-05 Newcastle-Bournemouth,3,Sat,2026-09-05,12:30 (17:00),Newcastle,,Bournemouth,,St James' Park,,,,
ENG-Premier League,2627,2026-09-05 Nottingham-Tottenham,3,Sat,2026-09-05,15:00 (19:30),Nottingham,,Tottenham,,The City Ground,,,,
ENG-Premier League,2627,2026-09-06 Arsenal-Chelsea,3,Sun,2026-09-06,16:30 (21:00),Arsenal,,Chelsea,,Emirates Stadium,,,,
ENG-Premier League,2627,2026-09-06 Everton-Manchester Utd,3,Sun,2026-09-06,14:00 (18:30),Everton,,Manchester Utd,,Hill Dickinson Stadium,,,,
ENG-Premier League,2627,2026-09-12 Aston Villa-Nottingham,4,Sat,2026-09-12,15:00 (19:30),Aston Villa,,Nottingham,,Villa Park,,,,
ENG-Premier League,2627,2026-09-12 Bournemouth-Brentford,4,Sat,2026-09-12,15:00 (19:30),Bournemouth,,Brentford,,Vitality Stadium,,,,
ENG-Premier League,2627,2026-09-12 Chelsea-Hull City,4,Sat,2026-09-12,15:00 (19:30),Chelsea,,Hull City,,Stamford Bridge,,,,
ENG-Premier League,2627,2026-09-12 Crystal Palace-Ipswich Town,4,Sat,2026-09-12,15:00 (19:30),Crystal Palace,,Ipswich Town,,Selhurst Park,,,,
ENG-Premier League,2627,2026-09-12 Liverpool-Fulham,4,Sat,2026-09-12,15:00 (19:30),Liverpool,,Fulham,,Anfield,,,,
ENG-Premier League,2627,2026-09-12 Sunderland-Arsenal,4,Sat,2026-09-12,20:00 (00:30),Sunderland,,Arsenal,,Stadium of Light,,,,
ENG-Premier League,2627,2026-09-12 Tottenham-Everton,4,Sat,2026-09-12,17:30 (22:00),Tottenham,,Everton,,Tottenham Hotspur Stadium,,,,
ENG-Premier League,2627,2026-09-13 Coventry City-Brighton,4,Sun,2026-09-13,14:00 (18:30),Coventry City,,Brighton,,Coventry Building Society Arena,,,,
ENG-Premier League,2627,2026-09-13 Manchester Utd-Manchester City,4,Sun,2026-09-13,16:30 (21:00),Manchester Utd,,Manchester City,,Old Trafford,,,,
ENG-Premier League,2627,2026-09-14 Leeds United-Newcastle,4,Mon,2026-09-14,20:00 (00:30),Leeds United,,Newcastle,,Elland Road,,,,
ENG-Premier League,2627,2026-09-18 Brentford-Chelsea,5,Fri,2026-09-18,20:00 (00:30),Brentford,,Chelsea,,Gtech Community Stadium,,,,
ENG-Premier League,2627,2026-09-19 Brighton-Arsenal,5,Sat,2026-09-19,15:00 (19:30),Brighton,,Arsenal,,The American Express Stadium,,,,
ENG-Premier League,2627,2026-09-19 Everton-Ipswich Town,5,Sat,2026-09-19,15:00 (19:30),Everton,,Ipswich Town,,Hill Dickinson Stadium,,,,
ENG-Premier League,2627,2026-09-19 Leeds United-Crystal Palace,5,Sat,2026-09-19,15:00 (19:30),Leeds United,,Crystal Palace,,Elland Road,,,,
ENG-Premier League,2627,2026-09-19 Manchester City-Sunderland,5,Sat,2026-09-19,15:00 (19:30),Manchester City,,Sunderland,,Etihad Stadium,,,,
ENG-Premier League,2627,2026-09-19 Newcastle-Hull City,5,Sat,2026-09-19,15:00 (19:30),Newcastle,,Hull City,,St James' Park,,,,
ENG-Premier League,2627,2026-09-19 Nottingham-Coventry City,5,Sat,2026-09-19,17:30 (22:00),Nottingham,,Coventry City,,The City Ground,,,,
ENG-Premier League,2627,2026-09-19 Tottenham-Aston Villa,5,Sat,2026-09-19,12:30 (17:00),Tottenham,,Aston Villa,,Tottenham Hotspur Stadium,,,,
ENG-Premier League,2627,2026-09-20 Bournemouth-Liverpool,5,Sun,2026-09-20,14:00 (18:30),Bournemouth,,Liverpool,,Vitality Stadium,,,,
ENG-Premier League,2627,2026-09-20 Fulham-Manchester Utd,5,Sun,2026-09-20,16:30 (21:00),Fulham,,Manchester Utd,,Craven Cottage,,,,
ENG-Premier League,2627,2026-10-10 Arsenal-Leeds United,6,Sat,2026-10-10,12:30 (17:00),Arsenal,,Leeds United,,Emirates Stadium,,,,
ENG-Premier League,2627,2026-10-10 Aston Villa-Brentford,6,Sat,2026-10-10,15:00 (19:30),Aston Villa,,Brentford,,Villa Park,,,,
ENG-Premier League,2627,2026-10-10 Chelsea-Bournemouth,6,Sat,2026-10-10,15:00 (19:30),Chelsea,,Bournemouth,,Stamford Bridge,,,,
ENG-Premier League,2627,2026-10-10 Ipswich Town-Fulham,6,Sat,2026-10-10,15:00 (19:30),Ipswich Town,,Fulham,,Portman Road Stadium,,,,
ENG-Premier League,2627,2026-10-10 Manchester Utd-Tottenham,6,Sat,2026-10-10,17:30 (22:00),Manchester Utd,,Tottenham,,Old Trafford,,,,
ENG-Premier League,2627,2026-10-10 Sunderland-Brighton,6,Sat,2026-10-10,15:00 (19:30),Sunderland,,Brighton,,Stadium of Light,,,,
ENG-Premier League,2627,2026-10-11 Crystal Palace-Nottingham,6,Sun,2026-10-11,14:00 (18:30),Crystal Palace,,Nottingham,,Selhurst Park,,,,
ENG-Premier League,2627,2026-10-11 Hull City-Everton,6,Sun,2026-10-11,14:00 (18:30),Hull City,,Everton,,MKM Stadium,,,,
ENG-Premier League,2627,2026-10-11 Liverpool-Manchester City,6,Sun,2026-10-11,16:30 (21:00),Liverpool,,Manchester City,,Anfield,,,,
ENG-Premier League,2627,2026-10-12 Coventry City-Newcastle,6,Mon,2026-10-12,20:00 (00:30),Coventry City,,Newcastle,,Coventry Building Society Arena,,,,
ENG-Premier League,2627,2026-10-17 Brentford-Liverpool,7,Sat,2026-10-17,15:00 (19:30),Brentford,,Liverpool,,Gtech Community Stadium,,,,
ENG-Premier League,2627,2026-10-17 Everton-Chelsea,7,Sat,2026-10-17,12:30 (17:00),Everton,,Chelsea,,Hill Dickinson Stadium,,,,
ENG-Premier League,2627,2026-10-17 Fulham-Hull City,7,Sat,2026-10-17,15:00 (19:30),Fulham,,Hull City,,Craven Cottage,,,,
ENG-Premier League,2627,2026-10-17 Manchester City-Ipswich Town,7,Sat,2026-10-17,15:00 (19:30),Manchester City,,Ipswich Town,,Etihad Stadium,,,,
ENG-Premier League,2627,2026-10-17 Newcastle-Aston Villa,7,Sat,2026-10-17,17:30 (22:00),Newcastle,,Aston Villa,,St James' Park,,,,
ENG-Premier League,2627,2026-10-18 Bournemouth-Sunderland,7,Sun,2026-10-18,14:00 (18:30),Bournemouth,,Sunderland,,Vitality Stadium,,,,
ENG-Premier League,2627,2026-10-18 Brighton-Crystal Palace,7,Sun,2026-10-18,14:00 (18:30),Brighton,,Crystal Palace,,The American Express Stadium,,,,
ENG-Premier League,2627,2026-10-18 Leeds United-Manchester Utd,7,Sun,2026-10-18,14:00 (18:30),Leeds United,,Manchester Utd,,Elland Road,,,,
ENG-Premier League,2627,2026-10-18 Nottingham-Arsenal,7,Sun,2026-10-18,16:30 (21:00),Nottingham,,Arsenal,,The City Ground,,,,
ENG-Premier League,2627,2026-10-19 Tottenham-Coventry City,7,Mon,2026-10-19,20:00 (00:30),Tottenham,,Coventry City,,Tottenham Hotspur Stadium,,,,
ENG-Premier League,2627,2026-10-23 Ipswich Town-Nottingham,8,Fri,2026-10-23,20:00 (00:30),Ipswich Town,,Nottingham,,Portman Road Stadium,,,,
ENG-Premier League,2627,2026-10-24 Arsenal-Everton,8,Sat,2026-10-24,15:00 (19:30),Arsenal,,Everton,,Emirates Stadium,,,,
ENG-Premier League,2627,2026-10-24 Aston Villa-Manchester City,8,Sat,2026-10-24,12:30 (17:00),Aston Villa,,Manchester City,,Villa Park,,,,
ENG-Premier League,2627,2026-10-24 Chelsea-Tottenham,8,Sat,2026-10-24,17:30 (22:00),Chelsea,,Tottenham,,Stamford Bridge,,,,
ENG-Premier League,2627,2026-10-24 Coventry City-Fulham,8,Sat,2026-10-24,15:00 (19:30),Coventry City,,Fulham,,Coventry Building Society Arena,,,,
ENG-Premier League,2627,2026-10-24 Liverpool-Brighton,8,Sat,2026-10-24,15:00 (19:30),Liverpool,,Brighton,,Anfield,,,,
ENG-Premier League,2627,2026-10-25 Crystal Palace-Newcastle,8,Sun,2026-10-25,14:00 (19:30),Crystal Palace,,Newcastle,,Selhurst Park,,,,
ENG-Premier League,2627,2026-10-25 Hull City-Brentford,8,Sun,2026-10-25,14:00 (19:30),Hull City,,Brentford,,MKM Stadium,,,,
ENG-Premier League,2627,2026-10-25 Manchester Utd-Bournemouth,8,Sun,2026-10-25,14:00 (19:30),Manchester Utd,,Bournemouth,,Old Trafford,,,,
ENG-Premier League,2627,2026-10-25 Sunderland-Leeds United,8,Sun,2026-10-25,16:30 (22:00),Sunderland,,Leeds United,,Stadium of Light,,,,
ENG-Premier League,2627,2026-10-31 Bournemouth-Leeds United,9,Sat,2026-10-31,15:00 (20:30),Bournemouth,,Leeds United,,Vitality Stadium,,,,
ENG-Premier League,2627,2026-10-31 Brentford-Nottingham,9,Sat,2026-10-31,15:00 (20:30),Brentford,,Nottingham,,Gtech Community Stadium,,,,
ENG-Premier League,2627,2026-10-31 Chelsea-Manchester Utd,9,Sat,2026-10-31,12:30 (18:00),Chelsea,,Manchester Utd,,Stamford Bridge,,,,
ENG-Premier League,2627,2026-10-31 Coventry City-Sunderland,9,Sat,2026-10-31,15:00 (20:30),Coventry City,,Sunderland,,Coventry Building Society Arena,,,,
ENG-Premier League,2627,2026-10-31 Hull City-Ipswich Town,9,Sat,2026-10-31,15:00 (20:30),Hull City,,Ipswich Town,,MKM Stadium,,,,
ENG-Premier League,2627,2026-10-31 Manchester City-Brighton,9,Sat,2026-10-31,15:00 (20:30),Manchester City,,Brighton,,Etihad Stadium,,,,
ENG-Premier League,2627,2026-10-31 Tottenham-Crystal Palace,9,Sat,2026-10-31,17:30 (23:00),Tottenham,,Crystal Palace,,Tottenham Hotspur Stadium,,,,
ENG-Premier League,2627,2026-11-01 Aston Villa-Fulham,9,Sun,2026-11-01,14:00 (19:30),Aston Villa,,Fulham,,Villa Park,,,,
ENG-Premier League,2627,2026-11-01 Liverpool-Arsenal,9,Sun,2026-11-01,16:30 (22:00),Liverpool,,Arsenal,,Anfield,,,,
ENG-Premier League,2627,2026-11-02 Newcastle-Everton,9,Mon,2026-11-02,20:00 (01:30),Newcastle,,Everton,,St James' Park,,,,
ENG-Premier League,2627,2026-11-07 Arsenal-Hull City,10,Sat,2026-11-07,15:00 (20:30),Arsenal,,Hull City,,Emirates Stadium,,,,
ENG-Premier League,2627,2026-11-07 Brighton-Brentford,10,Sat,2026-11-07,15:00 (20:30),Brighton,,Brentford,,The American Express Stadium,,,,
ENG-Premier League,2627,2026-11-07 Crystal Palace-Liverpool,10,Sat,2026-11-07,15:00 (20:30),Crystal Palace,,Liverpool,,Selhurst Park,,,,
ENG-Premier League,2627,2026-11-07 Everton-Coventry City,10,Sat,2026-11-07,15:00 (20:30),Everton,,Coventry City,,Hill Dickinson Stadium,,,,
ENG-Premier League,2627,2026-11-07 Fulham-Newcastle,10,Sat,2026-11-07,15:00 (20:30),Fulham,,Newcastle,,Craven Cottage,,,,
ENG-Premier League,2627,2026-11-07 Ipswich Town-Bournemouth,10,Sat,2026-11-07,15:00 (20:30),Ipswich Town,,Bournemouth,,Portman Road Stadium,,,,
ENG-Premier League,2627,2026-11-07 Leeds United-Tottenham,10,Sat,2026-11-07,15:00 (20:30),Leeds United,,Tottenham,,Elland Road,,,,
ENG-Premier League,2627,2026-11-07 Manchester Utd-Aston Villa,10,Sat,2026-11-07,15:00 (20:30),Manchester Utd,,Aston Villa,,Old Trafford,,,,
ENG-Premier League,2627,2026-11-07 Nottingham-Manchester City,10,Sat,2026-11-07,15:00 (20:30),Nottingham,,Manchester City,,The City Ground,,,,
ENG-Premier League,2627,2026-11-07 Sunderland-Chelsea,10,Sat,2026-11-07,15:00 (20:30),Sunderland,,Chelsea,,Stadium of Light,,,,
ENG-Premier League,2627,2026-11-21 Aston Villa-Sunderland,11,Sat,2026-11-21,15:00 (20:30),Aston Villa,,Sunderland,,Villa Park,,,,
ENG-Premier League,2627,2026-11-21 Bournemouth-Nottingham,11,Sat,2026-11-21,15:00 (20:30),Bournemouth,,Nottingham,,Vitality Stadium,,,,
ENG-Premier League,2627,2026-11-21 Brentford-Everton,11,Sat,2026-11-21,15:00 (20:30),Brentford,,Everton,,Gtech Community Stadium,,,,
ENG-Premier League,2627,2026-11-21 Chelsea-Leeds United,11,Sat,2026-11-21,15:00 (20:30),Chelsea,,Leeds United,,Stamford Bridge,,,,
ENG-Premier League,2627,2026-11-21 Coventry City-Crystal Palace,11,Sat,2026-11-21,15:00 (20:30),Coventry City,,Crystal Palace,,Coventry Building Society Arena,,,,
ENG-Premier League,2627,2026-11-21 Hull City-Brighton,11,Sat,2026-11-21,15:00 (20:30),Hull City,,Brighton,,MKM Stadium,,,,
ENG-Premier League,2627,2026-11-21 Liverpool-Manchester Utd,11,Sat,2026-11-21,15:00 (20:30),Liverpool,,Manchester Utd,,Anfield,,,,
ENG-Premier League,2627,2026-11-21 Manchester City-Fulham,11,Sat,2026-11-21,15:00 (20:30),Manchester City,,Fulham,,Etihad Stadium,,,,
ENG-Premier League,2627,2026-11-21 Newcastle-Arsenal,11,Sat,2026-11-21,15:00 (20:30),Newcastle,,Arsenal,,St James' Park,,,,
ENG-Premier League,2627,2026-11-21 Tottenham-Ipswich Town,11,Sat,2026-11-21,15:00 (20:30),Tottenham,,Ipswich Town,,Tottenham Hotspur Stadium,,,,
ENG-Premier League,2627,2026-11-28 Arsenal-Manchester City,12,Sat,2026-11-28,15:00 (20:30),Arsenal,,Manchester City,,Emirates Stadium,,,,
ENG-Premier League,2627,2026-11-28 Brighton-Newcastle,12,Sat,2026-11-28,15:00 (20:30),Brighton,,Newcastle,,The American Express Stadium,,,,
ENG-Premier League,2627,2026-11-28 Crystal Palace-Hull City,12,Sat,2026-11-28,15:00 (20:30),Crystal Palace,,Hull City,,Selhurst Park,,,,
ENG-Premier League,2627,2026-11-28 Everton-Liverpool,12,Sat,2026-11-28,15:00 (20:30),Everton,,Liverpool,,Hill Dickinson Stadium,,,,
ENG-Premier League,2627,2026-11-28 Fulham-Bournemouth,12,Sat,2026-11-28,15:00 (20:30),Fulham,,Bournemouth,,Craven Cottage,,,,
ENG-Premier League,2627,2026-11-28 Ipswich Town-Aston Villa,12,Sat,2026-11-28,15:00 (20:30),Ipswich Town,,Aston Villa,,Portman Road Stadium,,,,
ENG-Premier League,2627,2026-11-28 Leeds United-Coventry City,12,Sat,2026-11-28,15:00 (20:30),Leeds United,,Coventry City,,Elland Road,,,,
ENG-Premier League,2627,2026-11-28 Manchester Utd-Brentford,12,Sat,2026-11-28,15:00 (20:30),Manchester Utd,,Brentford,,Old Trafford,,,,
ENG-Premier League,2627,2026-11-28 Nottingham-Chelsea,12,Sat,2026-11-28,15:00 (20:30),Nottingham,,Chelsea,,The City Ground,,,,
ENG-Premier League,2627,2026-11-28 Sunderland-Tottenham,12,Sat,2026-11-28,15:00 (20:30),Sunderland,,Tottenham,,Stadium of Light,,,,
ENG-Premier League,2627,2026-12-02 Aston Villa-Everton,13,Wed,2026-12-02,20:00 (01:30),Aston Villa,,Everton,,Villa Park,,,,
ENG-Premier League,2627,2026-12-02 Bournemouth-Brighton,13,Wed,2026-12-02,20:00 (01:30),Bournemouth,,Brighton,,Vitality Stadium,,,,
ENG-Premier League,2627,2026-12-02 Brentford-Arsenal,13,Wed,2026-12-02,20:00 (01:30),Brentford,,Arsenal,,Gtech Community Stadium,,,,
ENG-Premier League,2627,2026-12-02 Chelsea-Crystal Palace,13,Wed,2026-12-02,20:00 (01:30),Chelsea,,Crystal Palace,,Stamford Bridge,,,,
ENG-Premier League,2627,2026-12-02 Coventry City-Ipswich Town,13,Wed,2026-12-02,20:00 (01:30),Coventry City,,Ipswich Town,,Coventry Building Society Arena,,,,
ENG-Premier League,2627,2026-12-02 Hull City-Nottingham,13,Wed,2026-12-02,20:00 (01:30),Hull City,,Nottingham,,MKM Stadium,,,,
ENG-Premier League,2627,2026-12-02 Liverpool-Sunderland,13,Wed,2026-12-02,20:00 (01:30),Liverpool,,Sunderland,,Anfield,,,,
ENG-Premier League,2627,2026-12-02 Manchester City-Leeds United,13,Wed,2026-12-02,20:00 (01:30),Manchester City,,Leeds United,,Etihad Stadium,,,,
ENG-Premier League,2627,2026-12-02 Newcastle-Manchester Utd,13,Wed,2026-12-02,20:00 (01:30),Newcastle,,Manchester Utd,,St James' Park,,,,
ENG-Premier League,2627,2026-12-02 Tottenham-Fulham,13,Wed,2026-12-02,20:00 (01:30),Tottenham,,Fulham,,Tottenham Hotspur Stadium,,,,
ENG-Premier League,2627,2026-12-05 Aston Villa-Crystal Palace,14,Sat,2026-12-05,15:00 (20:30),Aston Villa,,Crystal Palace,,Villa Park,,,,
ENG-Premier League,2627,2026-12-05 Bournemouth-Hull City,14,Sat,2026-12-05,15:00 (20:30),Bournemouth,,Hull City,,Vitality Stadium,,,,
ENG-Premier League,2627,2026-12-05 Brentford-Manchester City,14,Sat,2026-12-05,15:00 (20:30),Brentford,,Manchester City,,Gtech Community Stadium,,,,
ENG-Premier League,2627,2026-12-05 Chelsea-Liverpool,14,Sat,2026-12-05,15:00 (20:30),Chelsea,,Liverpool,,Stamford Bridge,,,,
ENG-Premier League,2627,2026-12-05 Everton-Fulham,14,Sat,2026-12-05,15:00 (20:30),Everton,,Fulham,,Hill Dickinson Stadium,,,,
ENG-Premier League,2627,2026-12-05 Leeds United-Ipswich Town,14,Sat,2026-12-05,15:00 (20:30),Leeds United,,Ipswich Town,,Elland Road,,,,
ENG-Premier League,2627,2026-12-05 Manchester Utd-Coventry City,14,Sat,2026-12-05,15:00 (20:30),Manchester Utd,,Coventry City,,Old Trafford,,,,
ENG-Premier League,2627,2026-12-05 Newcastle-Sunderland,14,Sat,2026-12-05,15:00 (20:30),Newcastle,,Sunderland,,St James' Park,,,,
ENG-Premier League,2627,2026-12-05 Nottingham-Brighton,14,Sat,2026-12-05,15:00 (20:30),Nottingham,,Brighton,,The City Ground,,,,
ENG-Premier League,2627,2026-12-05 Tottenham-Arsenal,14,Sat,2026-12-05,15:00 (20:30),Tottenham,,Arsenal,,Tottenham Hotspur Stadium,,,,
ENG-Premier League,2627,2026-12-12 Arsenal-Bournemouth,15,Sat,2026-12-12,15:00 (20:30),Arsenal,,Bournemouth,,Emirates Stadium,,,,
ENG-Premier League,2627,2026-12-12 Brighton-Everton,15,Sat,2026-12-12,15:00 (20:30),Brighton,,Everton,,The American Express Stadium,,,,
ENG-Premier League,2627,2026-12-12 Coventry City-Aston Villa,15,Sat,2026-12-12,15:00 (20:30),Coventry City,,Aston Villa,,Coventry Building Society Arena,,,,
ENG-Premier League,2627,2026-12-12 Crystal Palace-Manchester Utd,15,Sat,2026-12-12,15:00 (20:30),Crystal Palace,,Manchester Utd,,Selhurst Park,,,,
ENG-Premier League,2627,2026-12-12 Fulham-Brentford,15,Sat,2026-12-12,15:00 (20:30),Fulham,,Brentford,,Craven Cottage,,,,
ENG-Premier League,2627,2026-12-12 Hull City-Tottenham,15,Sat,2026-12-12,15:00 (20:30),Hull City,,Tottenham,,MKM Stadium,,,,
ENG-Premier League,2627,2026-12-12 Ipswich Town-Newcastle,15,Sat,2026-12-12,15:00 (20:30),Ipswich Town,,Newcastle,,Portman Road Stadium,,,,
ENG-Premier League,2627,2026-12-12 Liverpool-Leeds United,15,Sat,2026-12-12,15:00 (20:30),Liverpool,,Leeds United,,Anfield,,,,
ENG-Premier League,2627,2026-12-12 Manchester City-Chelsea,15,Sat,2026-12-12,15:00 (20:30),Manchester City,,Chelsea,,Etihad Stadium,,,,
ENG-Premier League,2627,2026-12-12 Sunderland-Nottingham,15,Sat,2026-12-12,15:00 (20:30),Sunderland,,Nottingham,,Stadium of Light,,,,
ENG-Premier League,2627,2026-12-19 Arsenal-Manchester Utd,16,Sat,2026-12-19,15:00 (20:30),Arsenal,,Manchester Utd,,Emirates Stadium,,,,
ENG-Premier League,2627,2026-12-19 Bournemouth-Coventry City,16,Sat,2026-12-19,15:00 (20:30),Bournemouth,,Coventry City,,Vitality Stadium,,,,
ENG-Premier League,2627,2026-12-19 Brentford-Newcastle,16,Sat,2026-12-19,15:00 (20:30),Brentford,,Newcastle,,Gtech Community Stadium,,,,
ENG-Premier League,2627,2026-12-19 Brighton-Ipswich Town,16,Sat,2026-12-19,15:00 (20:30),Brighton,,Ipswich Town,,The American Express Stadium,,,,
ENG-Premier League,2627,2026-12-19 Chelsea-Aston Villa,16,Sat,2026-12-19,15:00 (20:30),Chelsea,,Aston Villa,,Stamford Bridge,,,,
ENG-Premier League,2627,2026-12-19 Leeds United-Fulham,16,Sat,2026-12-19,15:00 (20:30),Leeds United,,Fulham,,Elland Road,,,,
ENG-Premier League,2627,2026-12-19 Liverpool-Tottenham,16,Sat,2026-12-19,15:00 (20:30),Liverpool,,Tottenham,,Anfield,,,,
ENG-Premier League,2627,2026-12-19 Manchester City-Hull City,16,Sat,2026-12-19,15:00 (20:30),Manchester City,,Hull City,,Etihad Stadium,,,,
ENG-Premier League,2627,2026-12-19 Nottingham-Everton,16,Sat,2026-12-19,15:00 (20:30),Nottingham,,Everton,,The City Ground,,,,
ENG-Premier League,2627,2026-12-19 Sunderland-Crystal Palace,16,Sat,2026-12-19,15:00 (20:30),Sunderland,,Crystal Palace,,Stadium of Light,,,,
ENG-Premier League,2627,2026-12-26 Aston Villa-Leeds United,17,Sat,2026-12-26,15:00 (20:30),Aston Villa,,Leeds United,,Villa Park,,,,
ENG-Premier League,2627,2026-12-26 Coventry City-Chelsea,17,Sat,2026-12-26,15:00 (20:30),Coventry City,,Chelsea,,Coventry Building Society Arena,,,,
ENG-Premier League,2627,2026-12-26 Crystal Palace-Arsenal,17,Sat,2026-12-26,15:00 (20:30),Crystal Palace,,Arsenal,,Selhurst Park,,,,
ENG-Premier League,2627,2026-12-26 Everton-Sunderland,17,Sat,2026-12-26,15:00 (20:30),Everton,,Sunderland,,Hill Dickinson Stadium,,,,
ENG-Premier League,2627,2026-12-26 Fulham-Brighton,17,Sat,2026-12-26,15:00 (20:30),Fulham,,Brighton,,Craven Cottage,,,,
ENG-Premier League,2627,2026-12-26 Hull City-Liverpool,17,Sat,2026-12-26,15:00 (20:30),Hull City,,Liverpool,,MKM Stadium,,,,
ENG-Premier League,2627,2026-12-26 Ipswich Town-Brentford,17,Sat,2026-12-26,15:00 (20:30),Ipswich Town,,Brentford,,Portman Road Stadium,,,,
ENG-Premier League,2627,2026-12-26 Manchester Utd-Nottingham,17,Sat,2026-12-26,15:00 (20:30),Manchester Utd,,Nottingham,,Old Trafford,,,,
ENG-Premier League,2627,2026-12-26 Newcastle-Manchester City,17,Sat,2026-12-26,15:00 (20:30),Newcastle,,Manchester City,,St James' Park,,,,
ENG-Premier League,2627,2026-12-26 Tottenham-Bournemouth,17,Sat,2026-12-26,15:00 (20:30),Tottenham,,Bournemouth,,Tottenham Hotspur Stadium,,,,
ENG-Premier League,2627,2026-12-30 Aston Villa-Liverpool,18,Wed,2026-12-30,20:00 (01:30),Aston Villa,,Liverpool,,Villa Park,,,,
ENG-Premier League,2627,2026-12-30 Coventry City-Brentford,18,Wed,2026-12-30,20:00 (01:30),Coventry City,,Brentford,,Coventry Building Society Arena,,,,
ENG-Premier League,2627,2026-12-30 Crystal Palace-Bournemouth,18,Wed,2026-12-30,20:00 (01:30),Crystal Palace,,Bournemouth,,Selhurst Park,,,,
ENG-Premier League,2627,2026-12-30 Everton-Manchester City,18,Wed,2026-12-30,20:00 (01:30),Everton,,Manchester City,,Hill Dickinson Stadium,,,,
ENG-Premier League,2627,2026-12-30 Fulham-Arsenal,18,Wed,2026-12-30,20:00 (01:30),Fulham,,Arsenal,,Craven Cottage,,,,
ENG-Premier League,2627,2026-12-30 Hull City-Leeds United,18,Wed,2026-12-30,20:00 (01:30),Hull City,,Leeds United,,MKM Stadium,,,,
ENG-Premier League,2627,2026-12-30 Ipswich Town-Chelsea,18,Wed,2026-12-30,20:00 (01:30),Ipswich Town,,Chelsea,,Portman Road Stadium,,,,
ENG-Premier League,2627,2026-12-30 Manchester Utd-Sunderland,18,Wed,2026-12-30,20:00 (01:30),Manchester Utd,,Sunderland,,Old Trafford,,,,
ENG-Premier League,2627,2026-12-30 Newcastle-Nottingham,18,Wed,2026-12-30,20:00 (01:30),Newcastle,,Nottingham,,St James' Park,,,,
ENG-Premier League,2627,2026-12-30 Tottenham-Brighton,18,Wed,2026-12-30,20:00 (01:30),Tottenham,,Brighton,,Tottenham Hotspur Stadium,,,,
ENG-Premier League,2627,2027-01-02 Arsenal-Ipswich Town,19,Sat,2027-01-02,15:00 (20:30),Arsenal,,Ipswich Town,,Emirates Stadium,,,,
ENG-Premier League,2627,2027-01-02 Bournemouth-Aston Villa,19,Sat,2027-01-02,15:00 (20:30),Bournemouth,,Aston Villa,,Vitality Stadium,,,,
ENG-Premier League,2627,2027-01-02 Brentford-Crystal Palace,19,Sat,2027-01-02,15:00 (20:30),Brentford,,Crystal Palace,,Gtech Community Stadium,,,,
ENG-Premier League,2627,2027-01-02 Brighton-Manchester Utd,19,Sat,2027-01-02,15:00 (20:30),Brighton,,Manchester Utd,,The American Express Stadium,,,,
ENG-Premier League,2627,2027-01-02 Chelsea-Newcastle,19,Sat,2027-01-02,15:00 (20:30),Chelsea,,Newcastle,,Stamford Bridge,,,,
ENG-Premier League,2627,2027-01-02 Leeds United-Everton,19,Sat,2027-01-02,15:00 (20:30),Leeds United,,Everton,,Elland Road,,,,
ENG-Premier League,2627,2027-01-02 Liverpool-Coventry City,19,Sat,2027-01-02,15:00 (20:30),Liverpool,,Coventry City,,Anfield,,,,
ENG-Premier League,2627,2027-01-02 Manchester City-Tottenham,19,Sat,2027-01-02,15:00 (20:30),Manchester City,,Tottenham,,Etihad Stadium,,,,
ENG-Premier League,2627,2027-01-02 Nottingham-Fulham,19,Sat,2027-01-02,15:00 (20:30),Nottingham,,Fulham,,The City Ground,,,,
ENG-Premier League,2627,2027-01-02 Sunderland-Hull City,19,Sat,2027-01-02,15:00 (20:30),Sunderland,,Hull City,,Stadium of Light,,,,
ENG-Premier League,2627,2027-01-06 Arsenal-Brentford,20,Wed,2027-01-06,20:00 (01:30),Arsenal,,Brentford,,Emirates Stadium,,,,
ENG-Premier League,2627,2027-01-06 Brighton-Bournemouth,20,Wed,2027-01-06,20:00 (01:30),Brighton,,Bournemouth,,The American Express Stadium,,,,
ENG-Premier League,2627,2027-01-06 Crystal Palace-Chelsea,20,Wed,2027-01-06,20:00 (01:30),Crystal Palace,,Chelsea,,Selhurst Park,,,,
ENG-Premier League,2627,2027-01-06 Everton-Aston Villa,20,Wed,2027-01-06,20:00 (01:30),Everton,,Aston Villa,,Hill Dickinson Stadium,,,,
ENG-Premier League,2627,2027-01-06 Fulham-Tottenham,20,Wed,2027-01-06,20:00 (01:30),Fulham,,Tottenham,,Craven Cottage,,,,
ENG-Premier League,2627,2027-01-06 Ipswich Town-Coventry City,20,Wed,2027-01-06,20:00 (01:30),Ipswich Town,,Coventry City,,Portman Road Stadium,,,,
ENG-Premier League,2627,2027-01-06 Leeds United-Manchester City,20,Wed,2027-01-06,20:00 (01:30),Leeds United,,Manchester City,,Elland Road,,,,
ENG-Premier League,2627,2027-01-06 Manchester Utd-Newcastle,20,Wed,2027-01-06,20:00 (01:30),Manchester Utd,,Newcastle,,Old Trafford,,,,
ENG-Premier League,2627,2027-01-06 Nottingham-Hull City,20,Wed,2027-01-06,20:00 (01:30),Nottingham,,Hull City,,The City Ground,,,,
ENG-Premier League,2627,2027-01-06 Sunderland-Liverpool,20,Wed,2027-01-06,20:00 (01:30),Sunderland,,Liverpool,,Stadium of Light,,,,
ENG-Premier League,2627,2027-01-16 Aston Villa-Manchester Utd,21,Sat,2027-01-16,15:00 (20:30),Aston Villa,,Manchester Utd,,Villa Park,,,,
ENG-Premier League,2627,2027-01-16 Bournemouth-Ipswich Town,21,Sat,2027-01-16,15:00 (20:30),Bournemouth,,Ipswich Town,,Vitality Stadium,,,,
ENG-Premier League,2627,2027-01-16 Brentford-Brighton,21,Sat,2027-01-16,15:00 (20:30),Brentford,,Brighton,,Gtech Community Stadium,,,,
ENG-Premier League,2627,2027-01-16 Chelsea-Sunderland,21,Sat,2027-01-16,15:00 (20:30),Chelsea,,Sunderland,,Stamford Bridge,,,,
ENG-Premier League,2627,2027-01-16 Coventry City-Everton,21,Sat,2027-01-16,15:00 (20:30),Coventry City,,Everton,,Coventry Building Society Arena,,,,
ENG-Premier League,2627,2027-01-16 Hull City-Arsenal,21,Sat,2027-01-16,15:00 (20:30),Hull City,,Arsenal,,MKM Stadium,,,,
ENG-Premier League,2627,2027-01-16 Liverpool-Crystal Palace,21,Sat,2027-01-16,15:00 (20:30),Liverpool,,Crystal Palace,,Anfield,,,,
ENG-Premier League,2627,2027-01-16 Manchester City-Nottingham,21,Sat,2027-01-16,15:00 (20:30),Manchester City,,Nottingham,,Etihad Stadium,,,,
ENG-Premier League,2627,2027-01-16 Newcastle-Fulham,21,Sat,2027-01-16,15:00 (20:30),Newcastle,,Fulham,,St James' Park,,,,
ENG-Premier League,2627,2027-01-16 Tottenham-Leeds United,21,Sat,2027-01-16,15:00 (20:30),Tottenham,,Leeds United,,Tottenham Hotspur Stadium,,,,
ENG-Premier League,2627,2027-01-23 Arsenal-Newcastle,22,Sat,2027-01-23,15:00 (20:30),Arsenal,,Newcastle,,Emirates Stadium,,,,
ENG-Premier League,2627,2027-01-23 Brighton-Manchester City,22,Sat,2027-01-23,15:00 (20:30),Brighton,,Manchester City,,The American Express Stadium,,,,
ENG-Premier League,2627,2027-01-23 Crystal Palace-Tottenham,22,Sat,2027-01-23,15:00 (20:30),Crystal Palace,,Tottenham,,Selhurst Park,,,,
ENG-Premier League,2627,2027-01-23 Everton-Brentford,22,Sat,2027-01-23,15:00 (20:30),Everton,,Brentford,,Hill Dickinson Stadium,,,,
ENG-Premier League,2627,2027-01-23 Fulham-Aston Villa,22,Sat,2027-01-23,15:00 (20:30),Fulham,,Aston Villa,,Craven Cottage,,,,
ENG-Premier League,2627,2027-01-23 Ipswich Town-Hull City,22,Sat,2027-01-23,15:00 (20:30),Ipswich Town,,Hull City,,Portman Road Stadium,,,,
ENG-Premier League,2627,2027-01-23 Leeds United-Chelsea,22,Sat,2027-01-23,15:00 (20:30),Leeds United,,Chelsea,,Elland Road,,,,
ENG-Premier League,2627,2027-01-23 Manchester Utd-Liverpool,22,Sat,2027-01-23,15:00 (20:30),Manchester Utd,,Liverpool,,Old Trafford,,,,
ENG-Premier League,2627,2027-01-23 Nottingham-Bournemouth,22,Sat,2027-01-23,15:00 (20:30),Nottingham,,Bournemouth,,The City Ground,,,,
ENG-Premier League,2627,2027-01-23 Sunderland-Coventry City,22,Sat,2027-01-23,15:00 (20:30),Sunderland,,Coventry City,,Stadium of Light,,,,
ENG-Premier League,2627,2027-01-30 Aston Villa-Ipswich Town,23,Sat,2027-01-30,15:00 (20:30),Aston Villa,,Ipswich Town,,Villa Park,,,,
ENG-Premier League,2627,2027-01-30 Bournemouth-Fulham,23,Sat,2027-01-30,15:00 (20:30),Bournemouth,,Fulham,,Vitality Stadium,,,,
ENG-Premier League,2627,2027-01-30 Brentford-Manchester Utd,23,Sat,2027-01-30,15:00 (20:30),Brentford,,Manchester Utd,,Gtech Community Stadium,,,,
ENG-Premier League,2627,2027-01-30 Chelsea-Nottingham,23,Sat,2027-01-30,15:00 (20:30),Chelsea,,Nottingham,,Stamford Bridge,,,,
ENG-Premier League,2627,2027-01-30 Coventry City-Leeds United,23,Sat,2027-01-30,15:00 (20:30),Coventry City,,Leeds United,,Coventry Building Society Arena,,,,
ENG-Premier League,2627,2027-01-30 Hull City-Crystal Palace,23,Sat,2027-01-30,15:00 (20:30),Hull City,,Crystal Palace,,MKM Stadium,,,,
ENG-Premier League,2627,2027-01-30 Liverpool-Everton,23,Sat,2027-01-30,15:00 (20:30),Liverpool,,Everton,,Anfield,,,,
ENG-Premier League,2627,2027-01-30 Manchester City-Arsenal,23,Sat,2027-01-30,15:00 (20:30),Manchester City,,Arsenal,,Etihad Stadium,,,,
ENG-Premier League,2627,2027-01-30 Newcastle-Brighton,23,Sat,2027-01-30,15:00 (20:30),Newcastle,,Brighton,,St James' Park,,,,
ENG-Premier League,2627,2027-01-30 Tottenham-Sunderland,23,Sat,2027-01-30,15:00 (20:30),Tottenham,,Sunderland,,Tottenham Hotspur Stadium,,,,
ENG-Premier League,2627,2027-02-06 Arsenal-Liverpool,24,Sat,2027-02-06,15:00 (20:30),Arsenal,,Liverpool,,Emirates Stadium,,,,
ENG-Premier League,2627,2027-02-06 Brighton-Hull City,24,Sat,2027-02-06,15:00 (20:30),Brighton,,Hull City,,The American Express Stadium,,,,
ENG-Premier League,2627,2027-02-06 Crystal Palace-Coventry City,24,Sat,2027-02-06,15:00 (20:30),Crystal Palace,,Coventry City,,Selhurst Park,,,,
ENG-Premier League,2627,2027-02-06 Everton-Newcastle,24,Sat,2027-02-06,15:00 (20:30),Everton,,Newcastle,,Hill Dickinson Stadium,,,,
ENG-Premier League,2627,2027-02-06 Fulham-Manchester City,24,Sat,2027-02-06,15:00 (20:30),Fulham,,Manchester City,,Craven Cottage,,,,
ENG-Premier League,2627,2027-02-06 Ipswich Town-Tottenham,24,Sat,2027-02-06,15:00 (20:30),Ipswich Town,,Tottenham,,Portman Road Stadium,,,,
ENG-Premier League,2627,2027-02-06 Leeds United-Bournemouth,24,Sat,2027-02-06,15:00 (20:30),Leeds United,,Bournemouth,,Elland Road,,,,
ENG-Premier League,2627,2027-02-06 Manchester Utd-Chelsea,24,Sat,2027-02-06,15:00 (20:30),Manchester Utd,,Chelsea,,Old Trafford,,,,
ENG-Premier League,2627,2027-02-06 Nottingham-Brentford,24,Sat,2027-02-06,15:00 (20:30),Nottingham,,Brentford,,The City Ground,,,,
ENG-Premier League,2627,2027-02-06 Sunderland-Aston Villa,24,Sat,2027-02-06,15:00 (20:30),Sunderland,,Aston Villa,,Stadium of Light,,,,
ENG-Premier League,2627,2027-02-10 Aston Villa-Bournemouth,25,Wed,2027-02-10,20:00 (01:30),Aston Villa,,Bournemouth,,Villa Park,,,,
ENG-Premier League,2627,2027-02-10 Coventry City-Liverpool,25,Wed,2027-02-10,20:00 (01:30),Coventry City,,Liverpool,,Coventry Building Society Arena,,,,
ENG-Premier League,2627,2027-02-10 Crystal Palace-Brentford,25,Wed,2027-02-10,20:00 (01:30),Crystal Palace,,Brentford,,Selhurst Park,,,,
ENG-Premier League,2627,2027-02-10 Everton-Leeds United,25,Wed,2027-02-10,20:00 (01:30),Everton,,Leeds United,,Hill Dickinson Stadium,,,,
ENG-Premier League,2627,2027-02-10 Fulham-Nottingham,25,Wed,2027-02-10,20:00 (01:30),Fulham,,Nottingham,,Craven Cottage,,,,
ENG-Premier League,2627,2027-02-10 Hull City-Sunderland,25,Wed,2027-02-10,20:00 (01:30),Hull City,,Sunderland,,MKM Stadium,,,,
ENG-Premier League,2627,2027-02-10 Ipswich Town-Arsenal,25,Wed,2027-02-10,20:00 (01:30),Ipswich Town,,Arsenal,,Portman Road Stadium,,,,
ENG-Premier League,2627,2027-02-10 Manchester Utd-Brighton,25,Wed,2027-02-10,20:00 (01:30),Manchester Utd,,Brighton,,Old Trafford,,,,
ENG-Premier League,2627,2027-02-10 Newcastle-Chelsea,25,Wed,2027-02-10,20:00 (01:30),Newcastle,,Chelsea,,St James' Park,,,,
ENG-Premier League,2627,2027-02-10 Tottenham-Manchester City,25,Wed,2027-02-10,20:00 (01:30),Tottenham,,Manchester City,,Tottenham Hotspur Stadium,,,,
ENG-Premier League,2627,2027-02-20 Arsenal-Fulham,26,Sat,2027-02-20,15:00 (20:30),Arsenal,,Fulham,,Emirates Stadium,,,,
ENG-Premier League,2627,2027-02-20 Bournemouth-Crystal Palace,26,Sat,2027-02-20,15:00 (20:30),Bournemouth,,Crystal Palace,,Vitality Stadium,,,,
ENG-Premier League,2627,2027-02-20 Brentford-Coventry City,26,Sat,2027-02-20,15:00 (20:30),Brentford,,Coventry City,,Gtech Community Stadium,,,,
ENG-Premier League,2627,2027-02-20 Brighton-Tottenham,26,Sat,2027-02-20,15:00 (20:30),Brighton,,Tottenham,,The American Express Stadium,,,,
ENG-Premier League,2627,2027-02-20 Chelsea-Ipswich Town,26,Sat,2027-02-20,15:00 (20:30),Chelsea,,Ipswich Town,,Stamford Bridge,,,,
ENG-Premier League,2627,2027-02-20 Leeds United-Aston Villa,26,Sat,2027-02-20,15:00 (20:30),Leeds United,,Aston Villa,,Elland Road,,,,
ENG-Premier League,2627,2027-02-20 Liverpool-Hull City,26,Sat,2027-02-20,15:00 (20:30),Liverpool,,Hull City,,Anfield,,,,
ENG-Premier League,2627,2027-02-20 Manchester City-Newcastle,26,Sat,2027-02-20,15:00 (20:30),Manchester City,,Newcastle,,Etihad Stadium,,,,
ENG-Premier League,2627,2027-02-20 Nottingham-Manchester Utd,26,Sat,2027-02-20,15:00 (20:30),Nottingham,,Manchester Utd,,The City Ground,,,,
ENG-Premier League,2627,2027-02-20 Sunderland-Everton,26,Sat,2027-02-20,15:00 (20:30),Sunderland,,Everton,,Stadium of Light,,,,
ENG-Premier League,2627,2027-02-27 Aston Villa-Chelsea,27,Sat,2027-02-27,15:00 (20:30),Aston Villa,,Chelsea,,Villa Park,,,,
ENG-Premier League,2627,2027-02-27 Coventry City-Bournemouth,27,Sat,2027-02-27,15:00 (20:30),Coventry City,,Bournemouth,,Coventry Building Society Arena,,,,
ENG-Premier League,2627,2027-02-27 Crystal Palace-Sunderland,27,Sat,2027-02-27,15:00 (20:30),Crystal Palace,,Sunderland,,Selhurst Park,,,,
ENG-Premier League,2627,2027-02-27 Everton-Nottingham,27,Sat,2027-02-27,15:00 (20:30),Everton,,Nottingham,,Hill Dickinson Stadium,,,,
ENG-Premier League,2627,2027-02-27 Fulham-Leeds United,27,Sat,2027-02-27,15:00 (20:30),Fulham,,Leeds United,,Craven Cottage,,,,
ENG-Premier League,2627,2027-02-27 Hull City-Manchester City,27,Sat,2027-02-27,15:00 (20:30),Hull City,,Manchester City,,MKM Stadium,,,,
ENG-Premier League,2627,2027-02-27 Ipswich Town-Brighton,27,Sat,2027-02-27,15:00 (20:30),Ipswich Town,,Brighton,,Portman Road Stadium,,,,
ENG-Premier League,2627,2027-02-27 Manchester Utd-Arsenal,27,Sat,2027-02-27,15:00 (20:30),Manchester Utd,,Arsenal,,Old Trafford,,,,
ENG-Premier League,2627,2027-02-27 Newcastle-Brentford,27,Sat,2027-02-27,15:00 (20:30),Newcastle,,Brentford,,St James' Park,,,,
ENG-Premier League,2627,2027-02-27 Tottenham-Liverpool,27,Sat,2027-02-27,15:00 (20:30),Tottenham,,Liverpool,,Tottenham Hotspur Stadium,,,,
ENG-Premier League,2627,2027-03-03 Arsenal-Crystal Palace,28,Wed,2027-03-03,20:00 (01:30),Arsenal,,Crystal Palace,,Emirates Stadium,,,,
ENG-Premier League,2627,2027-03-03 Bournemouth-Tottenham,28,Wed,2027-03-03,20:00 (01:30),Bournemouth,,Tottenham,,Vitality Stadium,,,,
ENG-Premier League,2627,2027-03-03 Brentford-Ipswich Town,28,Wed,2027-03-03,20:00 (01:30),Brentford,,Ipswich Town,,Gtech Community Stadium,,,,
ENG-Premier League,2627,2027-03-03 Brighton-Fulham,28,Wed,2027-03-03,20:00 (01:30),Brighton,,Fulham,,The American Express Stadium,,,,
ENG-Premier League,2627,2027-03-03 Chelsea-Coventry City,28,Wed,2027-03-03,20:00 (01:30),Chelsea,,Coventry City,,Stamford Bridge,,,,
ENG-Premier League,2627,2027-03-03 Leeds United-Hull City,28,Wed,2027-03-03,20:00 (01:30),Leeds United,,Hull City,,Elland Road,,,,
ENG-Premier League,2627,2027-03-03 Liverpool-Aston Villa,28,Wed,2027-03-03,20:00 (01:30),Liverpool,,Aston Villa,,Anfield,,,,
ENG-Premier League,2627,2027-03-03 Manchester City-Everton,28,Wed,2027-03-03,20:00 (01:30),Manchester City,,Everton,,Etihad Stadium,,,,
ENG-Premier League,2627,2027-03-03 Nottingham-Newcastle,28,Wed,2027-03-03,20:00 (01:30),Nottingham,,Newcastle,,The City Ground,,,,
ENG-Premier League,2627,2027-03-03 Sunderland-Manchester Utd,28,Wed,2027-03-03,20:00 (01:30),Sunderland,,Manchester Utd,,Stadium of Light,,,,
ENG-Premier League,2627,2027-03-13 Aston Villa-Hull City,29,Sat,2027-03-13,15:00 (20:30),Aston Villa,,Hull City,,Villa Park,,,,
ENG-Premier League,2627,2027-03-13 Bournemouth-Newcastle,29,Sat,2027-03-13,15:00 (20:30),Bournemouth,,Newcastle,,Vitality Stadium,,,,
ENG-Premier League,2627,2027-03-13 Chelsea-Arsenal,29,Sat,2027-03-13,15:00 (20:30),Chelsea,,Arsenal,,Stamford Bridge,,,,
ENG-Premier League,2627,2027-03-13 Coventry City-Manchester City,29,Sat,2027-03-13,15:00 (20:30),Coventry City,,Manchester City,,Coventry Building Society Arena,,,,
ENG-Premier League,2627,2027-03-13 Crystal Palace-Fulham,29,Sat,2027-03-13,15:00 (20:30),Crystal Palace,,Fulham,,Selhurst Park,,,,
ENG-Premier League,2627,2027-03-13 Leeds United-Brighton,29,Sat,2027-03-13,15:00 (20:30),Leeds United,,Brighton,,Elland Road,,,,
ENG-Premier League,2627,2027-03-13 Liverpool-Ipswich Town,29,Sat,2027-03-13,15:00 (20:30),Liverpool,,Ipswich Town,,Anfield,,,,
ENG-Premier League,2627,2027-03-13 Manchester Utd-Everton,29,Sat,2027-03-13,15:00 (20:30),Manchester Utd,,Everton,,Old Trafford,,,,
ENG-Premier League,2627,2027-03-13 Sunderland-Brentford,29,Sat,2027-03-13,15:00 (20:30),Sunderland,,Brentford,,Stadium of Light,,,,
ENG-Premier League,2627,2027-03-13 Tottenham-Nottingham,29,Sat,2027-03-13,15:00 (20:30),Tottenham,,Nottingham,,Tottenham Hotspur Stadium,,,,
ENG-Premier League,2627,2027-03-20 Arsenal-Sunderland,30,Sat,2027-03-20,15:00 (20:30),Arsenal,,Sunderland,,Emirates Stadium,,,,
ENG-Premier League,2627,2027-03-20 Brentford-Bournemouth,30,Sat,2027-03-20,15:00 (20:30),Brentford,,Bournemouth,,Gtech Community Stadium,,,,
ENG-Premier League,2627,2027-03-20 Brighton-Coventry City,30,Sat,2027-03-20,15:00 (20:30),Brighton,,Coventry City,,The American Express Stadium,,,,
ENG-Premier League,2627,2027-03-20 Everton-Tottenham,30,Sat,2027-03-20,15:00 (20:30),Everton,,Tottenham,,Hill Dickinson Stadium,,,,
ENG-Premier League,2627,2027-03-20 Fulham-Liverpool,30,Sat,2027-03-20,15:00 (20:30),Fulham,,Liverpool,,Craven Cottage,,,,
ENG-Premier League,2627,2027-03-20 Hull City-Chelsea,30,Sat,2027-03-20,15:00 (20:30),Hull City,,Chelsea,,MKM Stadium,,,,
ENG-Premier League,2627,2027-03-20 Ipswich Town-Crystal Palace,30,Sat,2027-03-20,15:00 (20:30),Ipswich Town,,Crystal Palace,,Portman Road Stadium,,,,
ENG-Premier League,2627,2027-03-20 Manchester City-Manchester Utd,30,Sat,2027-03-20,15:00 (20:30),Manchester City,,Manchester Utd,,Etihad Stadium,,,,
ENG-Premier League,2627,2027-03-20 Newcastle-Leeds United,30,Sat,2027-03-20,15:00 (20:30),Newcastle,,Leeds United,,St James' Park,,,,
ENG-Premier League,2627,2027-03-20 Nottingham-Aston Villa,30,Sat,2027-03-20,15:00 (20:30),Nottingham,,Aston Villa,,The City Ground,,,,
ENG-Premier League,2627,2027-04-10 Aston Villa-Brighton,31,Sat,2027-04-10,15:00 (19:30),Aston Villa,,Brighton,,Villa Park,,,,
ENG-Premier League,2627,2027-04-10 Bournemouth-Manchester City,31,Sat,2027-04-10,15:00 (19:30),Bournemouth,,Manchester City,,Vitality Stadium,,,,
ENG-Premier League,2627,2027-04-10 Chelsea-Fulham,31,Sat,2027-04-10,15:00 (19:30),Chelsea,,Fulham,,Stamford Bridge,,,,
ENG-Premier League,2627,2027-04-10 Coventry City-Arsenal,31,Sat,2027-04-10,15:00 (19:30),Coventry City,,Arsenal,,Coventry Building Society Arena,,,,
ENG-Premier League,2627,2027-04-10 Crystal Palace-Everton,31,Sat,2027-04-10,15:00 (19:30),Crystal Palace,,Everton,,Selhurst Park,,,,
ENG-Premier League,2627,2027-04-10 Leeds United-Nottingham,31,Sat,2027-04-10,15:00 (19:30),Leeds United,,Nottingham,,Elland Road,,,,
ENG-Premier League,2627,2027-04-10 Liverpool-Newcastle,31,Sat,2027-04-10,15:00 (19:30),Liverpool,,Newcastle,,Anfield,,,,
ENG-Premier League,2627,2027-04-10 Manchester Utd-Hull City,31,Sat,2027-04-10,15:00 (19:30),Manchester Utd,,Hull City,,Old Trafford,,,,
ENG-Premier League,2627,2027-04-10 Sunderland-Ipswich Town,31,Sat,2027-04-10,15:00 (19:30),Sunderland,,Ipswich Town,,Stadium of Light,,,,
ENG-Premier League,2627,2027-04-10 Tottenham-Brentford,31,Sat,2027-04-10,15:00 (19:30),Tottenham,,Brentford,,Tottenham Hotspur Stadium,,,,
ENG-Premier League,2627,2027-04-17 Arsenal-Aston Villa,32,Sat,2027-04-17,15:00 (19:30),Arsenal,,Aston Villa,,Emirates Stadium,,,,
ENG-Premier League,2627,2027-04-17 Brentford-Leeds United,32,Sat,2027-04-17,15:00 (19:30),Brentford,,Leeds United,,Gtech Community Stadium,,,,
ENG-Premier League,2627,2027-04-17 Brighton-Chelsea,32,Sat,2027-04-17,15:00 (19:30),Brighton,,Chelsea,,The American Express Stadium,,,,
ENG-Premier League,2627,2027-04-17 Everton-Bournemouth,32,Sat,2027-04-17,15:00 (19:30),Everton,,Bournemouth,,Hill Dickinson Stadium,,,,
ENG-Premier League,2627,2027-04-17 Fulham-Sunderland,32,Sat,2027-04-17,15:00 (19:30),Fulham,,Sunderland,,Craven Cottage,,,,
ENG-Premier League,2627,2027-04-17 Hull City-Coventry City,32,Sat,2027-04-17,15:00 (19:30),Hull City,,Coventry City,,MKM Stadium,,,,
ENG-Premier League,2627,2027-04-17 Ipswich Town-Manchester Utd,32,Sat,2027-04-17,15:00 (19:30),Ipswich Town,,Manchester Utd,,Portman Road Stadium,,,,
ENG-Premier League,2627,2027-04-17 Manchester City-Crystal Palace,32,Sat,2027-04-17,15:00 (19:30),Manchester City,,Crystal Palace,,Etihad Stadium,,,,
ENG-Premier League,2627,2027-04-17 Newcastle-Tottenham,32,Sat,2027-04-17,15:00 (19:30),Newcastle,,Tottenham,,St James' Park,,,,
ENG-Premier League,2627,2027-04-17 Nottingham-Liverpool,32,Sat,2027-04-17,15:00 (19:30),Nottingham,,Liverpool,,The City Ground,,,,
ENG-Premier League,2627,2027-04-24 Aston Villa-Coventry City,33,Sat,2027-04-24,15:00 (19:30),Aston Villa,,Coventry City,,Villa Park,,,,
ENG-Premier League,2627,2027-04-24 Bournemouth-Arsenal,33,Sat,2027-04-24,15:00 (19:30),Bournemouth,,Arsenal,,Vitality Stadium,,,,
ENG-Premier League,2627,2027-04-24 Brentford-Fulham,33,Sat,2027-04-24,15:00 (19:30),Brentford,,Fulham,,Gtech Community Stadium,,,,
ENG-Premier League,2627,2027-04-24 Chelsea-Manchester City,33,Sat,2027-04-24,15:00 (19:30),Chelsea,,Manchester City,,Stamford Bridge,,,,
ENG-Premier League,2627,2027-04-24 Everton-Brighton,33,Sat,2027-04-24,15:00 (19:30),Everton,,Brighton,,Hill Dickinson Stadium,,,,
ENG-Premier League,2627,2027-04-24 Leeds United-Liverpool,33,Sat,2027-04-24,15:00 (19:30),Leeds United,,Liverpool,,Elland Road,,,,
ENG-Premier League,2627,2027-04-24 Manchester Utd-Crystal Palace,33,Sat,2027-04-24,15:00 (19:30),Manchester Utd,,Crystal Palace,,Old Trafford,,,,
ENG-Premier League,2627,2027-04-24 Newcastle-Ipswich Town,33,Sat,2027-04-24,15:00 (19:30),Newcastle,,Ipswich Town,,St James' Park,,,,
ENG-Premier League,2627,2027-04-24 Nottingham-Sunderland,33,Sat,2027-04-24,15:00 (19:30),Nottingham,,Sunderland,,The City Ground,,,,
ENG-Premier League,2627,2027-04-24 Tottenham-Hull City,33,Sat,2027-04-24,15:00 (19:30),Tottenham,,Hull City,,Tottenham Hotspur Stadium,,,,
ENG-Premier League,2627,2027-05-01 Arsenal-Tottenham,34,Sat,2027-05-01,15:00 (19:30),Arsenal,,Tottenham,,Emirates Stadium,,,,
ENG-Premier League,2627,2027-05-01 Brighton-Nottingham,34,Sat,2027-05-01,15:00 (19:30),Brighton,,Nottingham,,The American Express Stadium,,,,
ENG-Premier League,2627,2027-05-01 Coventry City-Manchester Utd,34,Sat,2027-05-01,15:00 (19:30),Coventry City,,Manchester Utd,,Coventry Building Society Arena,,,,
ENG-Premier League,2627,2027-05-01 Crystal Palace-Aston Villa,34,Sat,2027-05-01,15:00 (19:30),Crystal Palace,,Aston Villa,,Selhurst Park,,,,
ENG-Premier League,2627,2027-05-01 Fulham-Everton,34,Sat,2027-05-01,15:00 (19:30),Fulham,,Everton,,Craven Cottage,,,,
ENG-Premier League,2627,2027-05-01 Hull City-Bournemouth,34,Sat,2027-05-01,15:00 (19:30),Hull City,,Bournemouth,,MKM Stadium,,,,
ENG-Premier League,2627,2027-05-01 Ipswich Town-Leeds United,34,Sat,2027-05-01,15:00 (19:30),Ipswich Town,,Leeds United,,Portman Road Stadium,,,,
ENG-Premier League,2627,2027-05-01 Liverpool-Chelsea,34,Sat,2027-05-01,15:00 (19:30),Liverpool,,Chelsea,,Anfield,,,,
ENG-Premier League,2627,2027-05-01 Manchester City-Brentford,34,Sat,2027-05-01,15:00 (19:30),Manchester City,,Brentford,,Etihad Stadium,,,,
ENG-Premier League,2627,2027-05-01 Sunderland-Newcastle,34,Sat,2027-05-01,15:00 (19:30),Sunderland,,Newcastle,,Stadium of Light,,,,
ENG-Premier League,2627,2027-05-08 Bournemouth-Manchester Utd,35,Sat,2027-05-08,15:00 (19:30),Bournemouth,,Manchester Utd,,Vitality Stadium,,,,
ENG-Premier League,2627,2027-05-08 Brentford-Aston Villa,35,Sat,2027-05-08,15:00 (19:30),Brentford,,Aston Villa,,Gtech Community Stadium,,,,
ENG-Premier League,2627,2027-05-08 Brighton-Sunderland,35,Sat,2027-05-08,15:00 (19:30),Brighton,,Sunderland,,The American Express Stadium,,,,
ENG-Premier League,2627,2027-05-08 Everton-Hull City,35,Sat,2027-05-08,15:00 (19:30),Everton,,Hull City,,Hill Dickinson Stadium,,,,
ENG-Premier League,2627,2027-05-08 Fulham-Ipswich Town,35,Sat,2027-05-08,15:00 (19:30),Fulham,,Ipswich Town,,Craven Cottage,,,,
ENG-Premier League,2627,2027-05-08 Leeds United-Arsenal,35,Sat,2027-05-08,15:00 (19:30),Leeds United,,Arsenal,,Elland Road,,,,
ENG-Premier League,2627,2027-05-08 Manchester City-Liverpool,35,Sat,2027-05-08,15:00 (19:30),Manchester City,,Liverpool,,Etihad Stadium,,,,
ENG-Premier League,2627,2027-05-08 Newcastle-Coventry City,35,Sat,2027-05-08,15:00 (19:30),Newcastle,,Coventry City,,St James' Park,,,,
ENG-Premier League,2627,2027-05-08 Nottingham-Crystal Palace,35,Sat,2027-05-08,15:00 (19:30),Nottingham,,Crystal Palace,,The City Ground,,,,
ENG-Premier League,2627,2027-05-08 Tottenham-Chelsea,35,Sat,2027-05-08,15:00 (19:30),Tottenham,,Chelsea,,Tottenham Hotspur Stadium,,,,
ENG-Premier League,2627,2027-05-15 Arsenal-Nottingham,36,Sat,2027-05-15,15:00 (19:30),Arsenal,,Nottingham,,Emirates Stadium,,,,
ENG-Premier League,2627,2027-05-15 Aston Villa-Newcastle,36,Sat,2027-05-15,15:00 (19:30),Aston Villa,,Newcastle,,Villa Park,,,,
ENG-Premier League,2627,2027-05-15 Chelsea-Everton,36,Sat,2027-05-15,15:00 (19:30),Chelsea,,Everton,,Stamford Bridge,,,,
ENG-Premier League,2627,2027-05-15 Coventry City-Tottenham,36,Sat,2027-05-15,15:00 (19:30),Coventry City,,Tottenham,,Coventry Building Society Arena,,,,
ENG-Premier League,2627,2027-05-15 Crystal Palace-Brighton,36,Sat,2027-05-15,15:00 (19:30),Crystal Palace,,Brighton,,Selhurst Park,,,,
ENG-Premier League,2627,2027-05-15 Hull City-Fulham,36,Sat,2027-05-15,15:00 (19:30),Hull City,,Fulham,,MKM Stadium,,,,
ENG-Premier League,2627,2027-05-15 Ipswich Town-Manchester City,36,Sat,2027-05-15,15:00 (19:30),Ipswich Town,,Manchester City,,Portman Road Stadium,,,,
ENG-Premier League,2627,2027-05-15 Liverpool-Brentford,36,Sat,2027-05-15,15:00 (19:30),Liverpool,,Brentford,,Anfield,,,,
ENG-Premier League,2627,2027-05-15 Manchester Utd-Leeds United,36,Sat,2027-05-15,15:00 (19:30),Manchester Utd,,Leeds United,,Old Trafford,,,,
ENG-Premier League,2627,2027-05-15 Sunderland-Bournemouth,36,Sat,2027-05-15,15:00 (19:30),Sunderland,,Bournemouth,,Stadium of Light,,,,
ENG-Premier League,2627,2027-05-23 Bournemouth-Chelsea,37,Sun,2027-05-23,15:00 (19:30),Bournemouth,,Chelsea,,Vitality Stadium,,,,
ENG-Premier League,2627,2027-05-23 Brentford-Hull City,37,Sun,2027-05-23,15:00 (19:30),Brentford,,Hull City,,Gtech Community Stadium,,,,
ENG-Premier League,2627,2027-05-23 Brighton-Liverpool,37,Sun,2027-05-23,15:00 (19:30),Brighton,,Liverpool,,The American Express Stadium,,,,
ENG-Premier League,2627,2027-05-23 Everton-Arsenal,37,Sun,2027-05-23,15:00 (19:30),Everton,,Arsenal,,Hill Dickinson Stadium,,,,
ENG-Premier League,2627,2027-05-23 Fulham-Coventry City,37,Sun,2027-05-23,15:00 (19:30),Fulham,,Coventry City,,Craven Cottage,,,,
ENG-Premier League,2627,2027-05-23 Leeds United-Sunderland,37,Sun,2027-05-23,15:00 (19:30),Leeds United,,Sunderland,,Elland Road,,,,
ENG-Premier League,2627,2027-05-23 Manchester City-Aston Villa,37,Sun,2027-05-23,15:00 (19:30),Manchester City,,Aston Villa,,Etihad Stadium,,,,
ENG-Premier League,2627,2027-05-23 Newcastle-Crystal Palace,37,Sun,2027-05-23,15:00 (19:30),Newcastle,,Crystal Palace,,St James' Park,,,,
ENG-Premier League,2627,2027-05-23 Nottingham-Ipswich Town,37,Sun,2027-05-23,15:00 (19:30),Nottingham,,Ipswich Town,,The City Ground,,,,
ENG-Premier League,2627,2027-05-23 Tottenham-Manchester Utd,37,Sun,2027-05-23,15:00 (19:30),Tottenham,,Manchester Utd,,Tottenham Hotspur Stadium,,,,
ENG-Premier League,2627,2027-05-30 Arsenal-Brighton,38,Sun,2027-05-30,16:00 (20:30),Arsenal,,Brighton,,Emirates Stadium,,,,
ENG-Premier League,2627,2027-05-30 Aston Villa-Tottenham,38,Sun,2027-05-30,16:00 (20:30),Aston Villa,,Tottenham,,Villa Park,,,,
ENG-Premier League,2627,2027-05-30 Chelsea-Brentford,38,Sun,2027-05-30,16:00 (20:30),Chelsea,,Brentford,,Stamford Bridge,,,,
ENG-Premier League,2627,2027-05-30 Coventry City-Nottingham,38,Sun,2027-05-30,16:00 (20:30),Coventry City,,Nottingham,,Coventry Building Society Arena,,,,
ENG-Premier League,2627,2027-05-30 Crystal Palace-Leeds United,38,Sun,2027-05-30,16:00 (20:30),Crystal Palace,,Leeds United,,Selhurst Park,,,,
ENG-Premier League,2627,2027-05-30 Hull City-Newcastle,38,Sun,2027-05-30,16:00 (20:30),Hull City,,Newcastle,,MKM Stadium,,,,
ENG-Premier League,2627,2027-05-30 Ipswich Town-Everton,38,Sun,2027-05-30,16:00 (20:30),Ipswich Town,,Everton,,Portman Road Stadium,,,,
ENG-Premier League,2627,2027-05-30 Liverpool-Bournemouth,38,Sun,2027-05-30,16:00 (20:30),Liverpool,,Bournemouth,,Anfield,,,,
ENG-Premier League,2627,2027-05-30 Manchester Utd-Fulham,38,Sun,2027-05-30,16:00 (20:30),Manchester Utd,,Fulham,,Old Trafford,,,,
ENG-Premier League,2627,2027-05-30 Sunderland-Manchester City,38,Sun,2027-05-30,16:00 (20:30),Sunderland,,Manchester City,,Stadium of Light,,,,
