league,season,team,game,date,round,day,venue,result,GF,GA,opponent,Performance,Performance,Performance,Performance,Performance,Penalty Kicks,Penalty Kicks,Penalty Kicks,Penalty Kicks,time,match_report
,,,,,,,,,,,,SoTA,GA,Saves,Save%,CS,PKatt,PKA,PKsv,PKm,,
ENG-Premier League,2627,,2026-08-21 Arsenal-nan,2026-08-21,Matchweek 1,Fri,Away,L,0,3,Arsenal,5,3,2,40.0,0,0,0,0,0,20:00:00,/en/matches/3085a362/Arsenal-Coventry-City-August-21-2026-Premier-League
ENG-Premier League,2627,,2026-08-21 nan-Coventry City,2026-08-21,Matchweek 1,Fri,Home,W,3,0,Coventry City,1,0,1,100.0,1,0,0,0,0,20:00:00,/en/matches/3085a362/Arsenal-Coventry-City-August-21-2026-Premier-League
ENG-Premier League,2627,,2026-08-22 Brentford-nan,2026-08-22,Matchweek 1,Sat,Away,L,0,3,Brentford,8,3,5,62.5,0,1,0,0,1,17:30:00,/en/matches/01f07042/Brentford-Tottenham-Hotspur-August-22-2026-Premier-League
ENG-Premier League,2627,,2026-08-22 Everton-nan,2026-08-22,Matchweek 1,Sat,Away,L,0,2,Everton,5,2,3,60.0,0,0,0,0,0,15:00:00,/en/matches/cbc27eaf/Everton-Crystal-Palace-August-22-2026-Premier-League
ENG-Premier League,2627,,2026-08-22 Hull City-nan,2026-08-22,Matchweek 1,Sat,Away,L,0,2,Hull City,4,2,2,50.0,0,0,0,0,0,12:30:00,/en/matches/69e3855f/Hull-City-Manchester-United-August-22-2026-Premier-League
ENG-Premier League,2627,,2026-08-22 Ipswich Town-nan,2026-08-22,Matchweek 1,Sat,Away,L,1,2,Ipswich Town,3,2,1,33.3,0,0,0,0,0,15:00:00,/en/matches/2d0f0fb4/Ipswich-Town-Sunderland-August-22-2026-Premier-League
ENG-Premier League,2627,,2026-08-22 Nottingham-nan,2026-08-22,Matchweek 1,Sat,Away,W,1,0,Nottingham,3,0,2,100.0,1,0,0,0,0,15:00:00,/en/matches/b6600c62/Nottingham-Forest-Leeds-United-August-22-2026-Premier-League
ENG-Premier League,2627,,2026-08-22 nan-Crystal Palace,2026-08-22,Matchweek 1,Sat,Home,W,2,0,Crystal Palace,4,0,4,100.0,1,0,0,0,0,15:00:00,/en/matches/cbc27eaf/Everton-Crystal-Palace-August-22-2026-Premier-League
ENG-Premier League,2627,,2026-08-22 nan-Leeds United,2026-08-22,Matchweek 1,Sat,Home,L,0,1,Leeds United,3,1,2,66.7,0,0,0,0,0,15:00:00,/en/matches/b6600c62/Nottingham-Forest-Leeds-United-August-22-2026-Premier-League
ENG-Premier League,2627,,2026-08-22 nan-Manchester Utd,2026-08-22,Matchweek 1,Sat,Home,W,2,0,Manchester Utd,5,0,5,100.0,1,0,0,0,0,12:30:00,/en/matches/69e3855f/Hull-City-Manchester-United-August-22-2026-Premier-League
ENG-Premier League,2627,,2026-08-22 nan-Sunderland,2026-08-22,Matchweek 1,Sat,Home,W,2,1,Sunderland,3,1,2,66.7,0,0,0,0,0,15:00:00,/en/matches/2d0f0fb4/Ipswich-Town-Sunderland-August-22-2026-Premier-League
ENG-Premier League,2627,,2026-08-22 nan-Tottenham,2026-08-22,Matchweek 1,Sat,Home,W,3,0,Tottenham,4,0,4,100.0,1,0,0,0,0,17:30:00,/en/matches/01f07042/Brentford-Tottenham-Hotspur-August-22-2026-Premier-League
ENG-Premier League,2627,,2026-08-23 Brighton-nan,2026-08-23,Matchweek 1,Sun,Away,L,0,4,Brighton,7,4,3,42.9,0,0,0,0,0,14:00:00,/en/matches/cc39f2ef/Brighton-and-Hove-Albion-Aston-Villa-August-23-2026-Premier-League
ENG-Premier League,2627,,2026-08-23 Manchester City-nan,2026-08-23,Matchweek 1,Sun,Away,L,1,2,Manchester City,6,2,4,66.7,0,0,0,0,0,14:00:00,/en/matches/029e3234/Manchester-City-Bournemouth-August-23-2026-Premier-League
ENG-Premier League,2627,,2026-08-23 Newcastle-nan,2026-08-23,Matchweek 1,Sun,Away,D,2,2,Newcastle,5,2,3,60.0,0,0,0,0,0,16:30:00,/en/matches/a02c581c/Newcastle-United-Liverpool-August-23-2026-Premier-League
ENG-Premier League,2627,,2026-08-23 nan-Aston Villa,2026-08-23,Matchweek 1,Sun,Home,W,4,0,Aston Villa,0,0,0,,1,0,0,0,0,14:00:00,/en/matches/cc39f2ef/Brighton-and-Hove-Albion-Aston-Villa-August-23-2026-Premier-League
ENG-Premier League,2627,,2026-08-23 nan-Bournemouth,2026-08-23,Matchweek 1,Sun,Home,W,2,1,Bournemouth,4,1,3,75.0,0,0,0,0,0,14:00:00,/en/matches/029e3234/Manchester-City-Bournemouth-August-23-2026-Premier-League
ENG-Premier League,2627,,2026-08-23 nan-Liverpool,2026-08-23,Matchweek 1,Sun,Home,D,2,2,Liverpool,7,2,5,71.4,0,1,1,0,0,16:30:00,/en/matches/a02c581c/Newcastle-United-Liverpool-August-23-2026-Premier-League
ENG-Premier League,2627,,2026-08-24 Fulham-nan,2026-08-24,Matchweek 1,Mon,Away,W,3,2,Fulham,6,2,4,66.7,0,0,0,0,0,20:00:00,/en/matches/98138a1e/Fulham-Chelsea-August-24-2026-Premier-League
ENG-Premier League,2627,,2026-08-24 nan-Chelsea,2026-08-24,Matchweek 1,Mon,Home,L,2,3,Chelsea,6,3,3,50.0,0,0,0,0,0,20:00:00,/en/matches/98138a1e/Fulham-Chelsea-August-24-2026-Premier-League
ENG-Premier League,2627,,2026-08-28 Crystal Palace-nan,2026-08-28,Matchweek 2,Fri,Away,W,4,1,Crystal Palace,2,1,1,50.0,0,0,0,0,0,20:00:00,/en/matches/5b62d64d/Crystal-Palace-Manchester-City-August-28-2026-Premier-League
ENG-Premier League,2627,,2026-08-28 nan-Manchester City,2026-08-28,Matchweek 2,Fri,Home,L,1,4,Manchester City,8,4,4,50.0,0,0,0,0,0,20:00:00,/en/matches/5b62d64d/Crystal-Palace-Manchester-City-August-28-2026-Premier-League
ENG-Premier League,2627,,2026-08-29 Bournemouth-nan,2026-08-29,Matchweek 2,Sat,Away,D,1,1,Bournemouth,5,1,4,80.0,0,0,0,0,0,15:00:00,/en/matches/aa96770b/Bournemouth-Everton-August-29-2026-Premier-League
ENG-Premier League,2627,,2026-08-29 Coventry City-nan,2026-08-29,Matchweek 2,Sat,Away,W,1,0,Coventry City,3,0,3,100.0,1,0,0,0,0,15:00:00,/en/matches/2efaf8c6/Coventry-City-Hull-City-August-29-2026-Premier-League
ENG-Premier League,2627,,2026-08-29 Liverpool-nan,2026-08-29,Matchweek 2,Sat,Away,D,2,2,Liverpool,4,2,2,50.0,0,0,0,0,0,12:30:00,/en/matches/d4340a69/Liverpool-Nottingham-Forest-August-29-2026-Premier-League
ENG-Premier League,2627,,2026-08-29 Tottenham-nan,2026-08-29,Matchweek 2,Sat,Away,W,2,0,Tottenham,4,0,4,100.0,1,0,0,0,0,17:30:00,/en/matches/10027be4/Tottenham-Hotspur-Newcastle-United-August-29-2026-Premier-League
ENG-Premier League,2627,,2026-08-29 nan-Everton,2026-08-29,Matchweek 2,Sat,Home,D,1,1,Everton,6,1,5,83.3,0,0,0,0,0,15:00:00,/en/matches/aa96770b/Bournemouth-Everton-August-29-2026-Premier-League
ENG-Premier League,2627,,2026-08-29 nan-Hull City,2026-08-29,Matchweek 2,Sat,Home,L,0,1,Hull City,2,1,1,50.0,0,0,0,0,0,15:00:00,/en/matches/2efaf8c6/Coventry-City-Hull-City-August-29-2026-Premier-League
ENG-Premier League,2627,,2026-08-29 nan-Newcastle,2026-08-29,Matchweek 2,Sat,Home,L,0,2,Newcastle,2,2,0,0.0,0,0,0,0,0,17:30:00,/en/matches/10027be4/Tottenham-Hotspur-Newcastle-United-August-29-2026-Premier-League
ENG-Premier League,2627,,2026-08-29 nan-Nottingham,2026-08-29,Matchweek 2,Sat,Home,D,2,2,Nottingham,3,2,1,33.3,0,1,1,0,0,12:30:00,/en/matches/d4340a69/Liverpool-Nottingham-Forest-August-29-2026-Premier-League
ENG-Premier League,2627,,2026-08-30 Chelsea-nan,2026-08-30,Matchweek 2,Sun,Away,L,3,4,Chelsea,5,4,1,20.0,0,0,0,0,0,14:00:00,/en/matches/a50cd1e7/Chelsea-Brighton-and-Hove-Albion-August-30-2026-Premier-League
ENG-Premier League,2627,,2026-08-30 Leeds United-nan,2026-08-30,Matchweek 2,Sun,Away,D,1,1,Leeds United,2,1,1,50.0,0,0,0,0,0,14:00:00,/en/matches/b6f0dcde/Leeds-United-Brentford-August-30-2026-Premier-League
ENG-Premier League,2627,,2026-08-30 Manchester Utd-nan,2026-08-30,Matchweek 2,Sun,Away,L,2,5,Manchester Utd,11,5,6,54.5,0,1,1,0,0,16:30:00,/en/matches/fb31b175/Manchester-United-Ipswich-Town-August-30-2026-Premier-League
ENG-Premier League,2627,,2026-08-30 Sunderland-nan,2026-08-30,Matchweek 2,Sun,Away,L,0,1,Sunderland,4,1,3,75.0,0,0,0,0,0,14:00:00,/en/matches/a90f3aae/Sunderland-Fulham-August-30-2026-Premier-League
ENG-Premier League,2627,,2026-08-30 nan-Brentford,2026-08-30,Matchweek 2,Sun,Home,D,1,1,Brentford,5,1,4,80.0,0,0,0,0,0,14:00:00,/en/matches/b6f0dcde/Leeds-United-Brentford-August-30-2026-Premier-League
ENG-Premier League,2627,,2026-08-30 nan-Brighton,2026-08-30,Matchweek 2,Sun,Home,W,4,3,Brighton,7,3,4,57.1,0,0,0,0,0,14:00:00,/en/matches/a50cd1e7/Chelsea-Brighton-and-Hove-Albion-August-30-2026-Premier-League
ENG-Premier League,2627,,2026-08-30 nan-Fulham,2026-08-30,Matchweek 2,Sun,Home,W,1,0,Fulham,0,0,0,,1,0,0,0,0,14:00:00,/en/matches/a90f3aae/Sunderland-Fulham-August-30-2026-Premier-League
ENG-Premier League,2627,,2026-08-30 nan-Ipswich Town,2026-08-30,Matchweek 2,Sun,Home,W,5,2,Ipswich Town,5,2,3,60.0,0,0,0,0,0,16:30:00,/en/matches/fb31b175/Manchester-United-Ipswich-Town-August-30-2026-Premier-League
ENG-Premier League,2627,,2026-08-31 Aston Villa-nan,2026-08-31,Matchweek 2,Mon,Away,W,1,0,Aston Villa,0,0,0,,1,0,0,0,0,20:00:00,/en/matches/e95b1641/Aston-Villa-Arsenal-August-31-2026-Premier-League
ENG-Premier League,2627,,2026-08-31 nan-Arsenal,2026-08-31,Matchweek 2,Mon,Home,L,0,1,Arsenal,2,1,1,50.0,0,0,0,0,0,20:00:00,/en/matches/e95b1641/Aston-Villa-Arsenal-August-31-2026-Premier-League
ENG-Premier League,2627,,2026-09-04 Ipswich Town-nan,2026-09-04,Matchweek 3,Fri,Away,W,2,0,Ipswich Town,5,0,5,100.0,1,0,0,0,0,20:00:00,/en/matches/368c66a8/Ipswich-Town-Liverpool-September-4-2026-Premier-League
ENG-Premier League,2627,,2026-09-04 nan-Liverpool,2026-09-04,Matchweek 3,Fri,Home,L,0,2,Liverpool,7,2,5,71.4,0,0,0,0,0,20:00:00,/en/matches/368c66a8/Ipswich-Town-Liverpool-September-4-2026-Premier-League
ENG-Premier League,2627,,2026-09-05 Brentford-nan,2026-09-05,Matchweek 3,Sat,Away,D,1,1,Brentford,2,1,1,50.0,0,0,0,0,0,15:00:00,/en/matches/c201fd2f/Brentford-Sunderland-September-5-2026-Premier-League
ENG-Premier League,2627,,2026-09-05 Brighton-nan,2026-09-05,Matchweek 3,Sat,Away,D,1,1,Brighton,5,1,4,80.0,0,0,0,0,0,15:00:00,/en/matches/f2afd8c7/Brighton-and-Hove-Albion-Leeds-United-September-5-2026-Premier-League
ENG-Premier League,2627,,2026-09-05 Fulham-nan,2026-09-05,Matchweek 3,Sat,Away,W,3,2,Fulham,7,2,5,71.4,0,0,0,0,0,15:00:00,/en/matches/3809f875/Fulham-Crystal-Palace-September-5-2026-Premier-League
ENG-Premier League,2627,,2026-09-05 Hull City-nan,2026-09-05,Matchweek 3,Sat,Away,D,0,0,Hull City,4,0,4,100.0,1,0,0,0,0,17:30:00,/en/matches/6816748a/Hull-City-Aston-Villa-September-5-2026-Premier-League
ENG-Premier League,2627,,2026-09-05 Manchester City-nan,2026-09-05,Matchweek 3,Sat,Away,L,0,1,Manchester City,3,1,2,66.7,0,0,0,0,0,15:00:00,/en/matches/e49890d8/Manchester-City-Coventry-City-September-5-2026-Premier-League
ENG-Premier League,2627,,2026-09-05 Newcastle-nan,2026-09-05,Matchweek 3,Sat,Away,D,2,2,Newcastle,2,2,0,0.0,0,0,0,0,0,12:30:00,/en/matches/198be7a7/Newcastle-United-Bournemouth-September-5-2026-Premier-League
ENG-Premier League,2627,,2026-09-05 Nottingham-nan,2026-09-05,Matchweek 3,Sat,Away,D,0,0,Nottingham,1,0,1,100.0,1,0,0,0,0,15:00:00,/en/matches/184a826e/Nottingham-Forest-Tottenham-Hotspur-September-5-2026-Premier-League
ENG-Premier League,2627,,2026-09-05 nan-Aston Villa,2026-09-05,Matchweek 3,Sat,Home,D,0,0,Aston Villa,1,0,1,100.0,1,0,0,0,0,17:30:00,/en/matches/6816748a/Hull-City-Aston-Villa-September-5-2026-Premier-League
ENG-Premier League,2627,,2026-09-05 nan-Bournemouth,2026-09-05,Matchweek 3,Sat,Home,D,2,2,Bournemouth,6,2,4,66.7,0,0,0,0,0,12:30:00,/en/matches/198be7a7/Newcastle-United-Bournemouth-September-5-2026-Premier-League
ENG-Premier League,2627,,2026-09-05 nan-Coventry City,2026-09-05,Matchweek 3,Sat,Home,W,1,0,Coventry City,3,0,3,100.0,1,0,0,0,0,15:00:00,/en/matches/e49890d8/Manchester-City-Coventry-City-September-5-2026-Premier-League
ENG-Premier League,2627,,2026-09-05 nan-Crystal Palace,2026-09-05,Matchweek 3,Sat,Home,L,2,3,Crystal Palace,5,3,2,40.0,0,0,0,0,0,15:00:00,/en/matches/3809f875/Fulham-Crystal-Palace-September-5-2026-Premier-League
ENG-Premier League,2627,,2026-09-05 nan-Leeds United,2026-09-05,Matchweek 3,Sat,Home,D,1,1,Leeds United,4,1,3,75.0,0,0,0,0,0,15:00:00,/en/matches/f2afd8c7/Brighton-and-Hove-Albion-Leeds-United-September-5-2026-Premier-League
ENG-Premier League,2627,,2026-09-05 nan-Sunderland,2026-09-05,Matchweek 3,Sat,Home,D,1,1,Sunderland,3,1,2,66.7,0,1,1,0,0,15:00:00,/en/matches/c201fd2f/Brentford-Sunderland-September-5-2026-Premier-League
ENG-Premier League,2627,,2026-09-05 nan-Tottenham,2026-09-05,Matchweek 3,Sat,Home,D,0,0,Tottenham,0,0,0,,1,0,0,0,0,15:00:00,/en/matches/184a826e/Nottingham-Forest-Tottenham-Hotspur-September-5-2026-Premier-League
ENG-Premier League,2627,,2026-09-06 Arsenal-nan,2026-09-06,Matchweek 3,Sun,Away,L,1,2,Arsenal,10,2,8,80.0,0,0,0,0,0,16:30:00,/en/matches/a99c87a3/North-West-London-Derby-Arsenal-Chelsea-September-6-2026-Premier-League
ENG-Premier League,2627,,2026-09-06 Everton-nan,2026-09-06,Matchweek 3,Sun,Away,D,2,2,Everton,6,2,4,66.7,0,0,0,0,0,14:00:00,/en/matches/b07da8ea/Everton-Manchester-United-September-6-2026-Premier-League
ENG-Premier League,2627,,2026-09-06 nan-Chelsea,2026-09-06,Matchweek 3,Sun,Home,W,2,1,Chelsea,5,1,4,80.0,0,0,0,0,0,16:30:00,/en/matches/a99c87a3/North-West-London-Derby-Arsenal-Chelsea-September-6-2026-Premier-League
ENG-Premier League,2627,,2026-09-06 nan-Manchester Utd,2026-09-06,Matchweek 3,Sun,Home,D,2,2,Manchester Utd,3,2,1,33.3,0,0,0,0,0,14:00:00,/en/matches/b07da8ea/Everton-Manchester-United-September-6-2026-Premier-League
ENG-Premier League,2627,,2026-09-12 Aston Villa-nan,2026-09-12,Matchweek 4,Sat,Away,W,2,1,Aston Villa,6,1,5,83.3,0,0,0,0,0,15:00:00,/en/matches/2044821e/Aston-Villa-Nottingham-Forest-September-12-2026-Premier-League
ENG-Premier League,2627,,2026-09-12 Bournemouth-nan,2026-09-12,Matchweek 4,Sat,Away,D,2,2,Bournemouth,10,2,8,80.0,0,0,0,0,0,15:00:00,/en/matches/84407529/Bournemouth-Brentford-September-12-2026-Premier-League
ENG-Premier League,2627,,2026-09-12 Chelsea-nan,2026-09-12,Matchweek 4,Sat,Away,D,2,2,Chelsea,7,2,5,71.4,0,0,0,0,0,15:00:00,/en/matches/7cb24bd4/Chelsea-Hull-City-September-12-2026-Premier-League
ENG-Premier League,2627,,2026-09-12 Crystal Palace-nan,2026-09-12,Matchweek 4,Sat,Away,W,3,2,Crystal Palace,4,2,2,50.0,0,0,0,0,0,15:00:00,/en/matches/12560a85/Crystal-Palace-Ipswich-Town-September-12-2026-Premier-League
ENG-Premier League,2627,,2026-09-12 Liverpool-nan,2026-09-12,Matchweek 4,Sat,Away,D,0,0,Liverpool,3,0,3,100.0,1,0,0,0,0,15:00:00,/en/matches/6d1ef953/Liverpool-Fulham-September-12-2026-Premier-League
ENG-Premier League,2627,,2026-09-12 Sunderland-nan,2026-09-12,Matchweek 4,Sat,Away,W,2,0,Sunderland,1,0,1,100.0,1,1,0,1,0,20:00:00,/en/matches/6786441d/Sunderland-Arsenal-September-12-2026-Premier-League
ENG-Premier League,2627,,2026-09-12 Tottenham-nan,2026-09-12,Matchweek 4,Sat,Away,D,0,0,Tottenham,2,0,2,100.0,1,0,0,0,0,17:30:00,/en/matches/a22562f9/Tottenham-Hotspur-Everton-September-12-2026-Premier-League
ENG-Premier League,2627,,2026-09-12 nan-Arsenal,2026-09-12,Matchweek 4,Sat,Home,L,0,2,Arsenal,5,2,3,60.0,0,1,1,0,0,20:00:00,/en/matches/6786441d/Sunderland-Arsenal-September-12-2026-Premier-League
ENG-Premier League,2627,,2026-09-12 nan-Brentford,2026-09-12,Matchweek 4,Sat,Home,D,2,2,Brentford,2,2,0,0.0,0,0,0,0,0,15:00:00,/en/matches/84407529/Bournemouth-Brentford-September-12-2026-Premier-League
ENG-Premier League,2627,,2026-09-12 nan-Everton,2026-09-12,Matchweek 4,Sat,Home,D,0,0,Everton,3,0,3,100.0,1,0,0,0,0,17:30:00,/en/matches/a22562f9/Tottenham-Hotspur-Everton-September-12-2026-Premier-League
ENG-Premier League,2627,,2026-09-12 nan-Fulham,2026-09-12,Matchweek 4,Sat,Home,D,0,0,Fulham,3,0,3,100.0,1,0,0,0,0,15:00:00,/en/matches/6d1ef953/Liverpool-Fulham-September-12-2026-Premier-League
ENG-Premier League,2627,,2026-09-12 nan-Hull City,2026-09-12,Matchweek 4,Sat,Home,D,2,2,Hull City,5,2,3,60.0,0,0,0,0,0,15:00:00,/en/matches/7cb24bd4/Chelsea-Hull-City-September-12-2026-Premier-League
ENG-Premier League,2627,,2026-09-12 nan-Ipswich Town,2026-09-12,Matchweek 4,Sat,Home,L,2,3,Ipswich Town,6,3,3,50.0,0,0,0,0,0,15:00:00,/en/matches/12560a85/Crystal-Palace-Ipswich-Town-September-12-2026-Premier-League
ENG-Premier League,2627,,2026-09-12 nan-Nottingham,2026-09-12,Matchweek 4,Sat,Home,L,1,2,Nottingham,7,2,5,71.4,0,0,0,0,0,15:00:00,/en/matches/2044821e/Aston-Villa-Nottingham-Forest-September-12-2026-Premier-League
ENG-Premier League,2627,,2026-09-13 Coventry City-nan,2026-09-13,Matchweek 4,Sun,Away,W,5,0,Coventry City,6,0,6,100.0,1,0,0,0,0,14:00:00,/en/matches/ff3c3981/Coventry-City-Brighton-and-Hove-Albion-September-13-2026-Premier-League
ENG-Premier League,2627,,2026-09-13 Manchester Utd-nan,2026-09-13,Matchweek 4,Sun,Away,W,1,0,Manchester Utd,3,0,3,100.0,1,0,0,0,0,16:30:00,/en/matches/332363c1/Manchester-Derby-Manchester-United-Manchester-City-September-13-2026-Premier-League
ENG-Premier League,2627,,2026-09-13 nan-Brighton,2026-09-13,Matchweek 4,Sun,Home,L,0,5,Brighton,7,5,2,28.6,0,1,1,0,0,14:00:00,/en/matches/ff3c3981/Coventry-City-Brighton-and-Hove-Albion-September-13-2026-Premier-League
ENG-Premier League,2627,,2026-09-13 nan-Manchester City,2026-09-13,Matchweek 4,Sun,Home,L,0,1,Manchester City,2,1,1,50.0,0,0,0,0,0,16:30:00,/en/matches/332363c1/Manchester-Derby-Manchester-United-Manchester-City-September-13-2026-Premier-League
ENG-Premier League,2627,,2026-09-14 Leeds United-nan,2026-09-14,Matchweek 4,Mon,Away,L,1,4,Leeds United,7,4,3,42.9,0,0,0,0,0,20:00:00,/en/matches/88d2d8f5/Leeds-United-Newcastle-United-September-14-2026-Premier-League
ENG-Premier League,2627,,2026-09-14 nan-Newcastle,2026-09-14,Matchweek 4,Mon,Home,W,4,1,Newcastle,5,1,4,80.0,0,0,0,0,0,20:00:00,/en/matches/88d2d8f5/Leeds-United-Newcastle-United-September-14-2026-Premier-League
ENG-Premier League,2627,,2026-09-18 Brentford-nan,2026-09-18,Matchweek 5,Fri,Away,L,0,3,Brentford,6,3,3,50.0,0,0,0,0,0,20:00:00,/en/matches/9aac40d6/Brentford-Chelsea-September-18-2026-Premier-League
ENG-Premier League,2627,,2026-09-18 nan-Chelsea,2026-09-18,Matchweek 5,Fri,Home,W,3,0,Chelsea,2,0,2,100.0,1,0,0,0,0,20:00:00,/en/matches/9aac40d6/Brentford-Chelsea-September-18-2026-Premier-League
ENG-Premier League,2627,,2026-09-19 Brighton-nan,2026-09-19,Matchweek 5,Sat,Away,L,0,3,Brighton,5,3,2,40.0,0,0,0,0,0,15:00:00,/en/matches/1ea173a1/Brighton-and-Hove-Albion-Arsenal-September-19-2026-Premier-League
ENG-Premier League,2627,,2026-09-19 Everton-nan,2026-09-19,Matchweek 5,Sat,Away,L,0,1,Everton,2,1,1,50.0,0,0,0,0,0,15:00:00,/en/matches/e7b28039/Everton-Ipswich-Town-September-19-2026-Premier-League
ENG-Premier League,2627,,2026-09-19 Newcastle-nan,2026-09-19,Matchweek 5,Sat,Away,L,1,2,Newcastle,4,2,2,50.0,0,1,0,1,0,15:00:00,/en/matches/ba19c7c0/Newcastle-United-Hull-City-September-19-2026-Premier-League
ENG-Premier League,2627,,2026-09-19 Nottingham-nan,2026-09-19,Matchweek 5,Sat,Away,W,1,0,Nottingham,2,0,2,100.0,1,0,0,0,0,17:30:00,/en/matches/28be67e1/Nottingham-Forest-Coventry-City-September-19-2026-Premier-League
ENG-Premier League,2627,,2026-09-19 Tottenham-nan,2026-09-19,Matchweek 5,Sat,Away,W,3,2,Tottenham,7,2,5,71.4,0,0,0,0,0,12:30:00,/en/matches/d5511bbc/Tottenham-Hotspur-Aston-Villa-September-19-2026-Premier-League
ENG-Premier League,2627,,2026-09-19 nan-Arsenal,2026-09-19,Matchweek 5,Sat,Home,W,3,0,Arsenal,2,0,2,100.0,1,0,0,0,0,15:00:00,/en/matches/1ea173a1/Brighton-and-Hove-Albion-Arsenal-September-19-2026-Premier-League
ENG-Premier League,2627,,2026-09-19 nan-Aston Villa,2026-09-19,Matchweek 5,Sat,Home,L,2,3,Aston Villa,6,3,3,50.0,0,0,0,0,0,12:30:00,/en/matches/d5511bbc/Tottenham-Hotspur-Aston-Villa-September-19-2026-Premier-League
ENG-Premier League,2627,,2026-09-19 nan-Coventry City,2026-09-19,Matchweek 5,Sat,Home,L,0,1,Coventry City,3,1,2,66.7,0,0,0,0,0,17:30:00,/en/matches/28be67e1/Nottingham-Forest-Coventry-City-September-19-2026-Premier-League
ENG-Premier League,2627,,2026-09-19 nan-Hull City,2026-09-19,Matchweek 5,Sat,Home,W,2,1,Hull City,4,1,3,75.0,0,0,0,0,0,15:00:00,/en/matches/ba19c7c0/Newcastle-United-Hull-City-September-19-2026-Premier-League
ENG-Premier League,2627,,2026-09-19 nan-Ipswich Town,2026-09-19,Matchweek 5,Sat,Home,W,1,0,Ipswich Town,4,0,4,100.0,1,0,0,0,0,15:00:00,/en/matches/e7b28039/Everton-Ipswich-Town-September-19-2026-Premier-League
ENG-Premier League,2627,,2026-09-20 Bournemouth-nan,2026-09-20,Matchweek 5,Sun,Away,W,1,0,Bournemouth,2,0,2,100.0,1,0,0,0,0,14:00:00,/en/matches/47396732/Bournemouth-Liverpool-September-20-2026-Premier-League
ENG-Premier League,2627,,2026-09-20 Fulham-nan,2026-09-20,Matchweek 5,Sun,Away,D,1,1,Fulham,7,1,6,85.7,0,0,0,0,0,16:30:00,/en/matches/c354315b/Fulham-Manchester-United-September-20-2026-Premier-League
ENG-Premier League,2627,,2026-09-20 Leeds United-nan,2026-09-20,Matchweek 5,Sun,Away,D,0,0,Leeds United,2,0,2,100.0,1,0,0,0,0,14:00:00,/en/matches/5f73af8d/Leeds-United-Crystal-Palace-September-20-2026-Premier-League
ENG-Premier League,2627,,2026-09-20 Manchester City-nan,2026-09-20,Matchweek 5,Sun,Away,L,3,5,Manchester City,6,5,1,16.7,0,0,0,0,0,14:00:00,/en/matches/f6903560/Manchester-City-Sunderland-September-20-2026-Premier-League
ENG-Premier League,2627,,2026-09-20 nan-Crystal Palace,2026-09-20,Matchweek 5,Sun,Home,D,0,0,Crystal Palace,5,0,4,100.0,1,0,0,0,0,14:00:00,/en/matches/5f73af8d/Leeds-United-Crystal-Palace-September-20-2026-Premier-League
ENG-Premier League,2627,,2026-09-20 nan-Liverpool,2026-09-20,Matchweek 5,Sun,Home,L,0,1,Liverpool,3,1,2,66.7,0,0,0,0,0,14:00:00,/en/matches/47396732/Bournemouth-Liverpool-September-20-2026-Premier-League
ENG-Premier League,2627,,2026-09-20 nan-Manchester Utd,2026-09-20,Matchweek 5,Sun,Home,D,1,1,Manchester Utd,6,1,5,83.3,0,0,0,0,0,16:30:00,/en/matches/c354315b/Fulham-Manchester-United-September-20-2026-Premier-League
ENG-Premier League,2627,,2026-09-20 nan-Sunderland,2026-09-20,Matchweek 5,Sun,Home,W,5,3,Sunderland,7,3,4,57.1,0,0,0,0,0,14:00:00,/en/matches/f6903560/Manchester-City-Sunderland-September-20-2026-Premier-League
