league,season,team,players_used,Age,Poss,Playing Time,Playing Time,Playing Time,Playing Time,Performance,Performance,Performance,Performance,Performance,Performance,Performance,Performance,Per 90 Minutes,Per 90 Minutes,Per 90 Minutes,Per 90 Minutes,Per 90 Minutes,url
,,,,,,MP,Starts,Min,90s,Gls,Ast,G+A,G-PK,PK,PKatt,CrdY,CrdR,Gls,Ast,G+A,G-PK,G+A-PK,
ENG-Premier League,2627,Arsenal,21,26.9,59.8,5,55,450,5,8,6,14,7,1,1,7,0,1.6,1.2,2.8,1.4,2.6,/en/squads/18bb7c10/Arsenal-Stats
ENG-Premier League,2627,Aston Villa,22,27.9,45.8,5,55,450,5,4,4,8,4,0,0,10,1,0.8,0.8,1.6,0.8,1.6,/en/squads/8602292d/Aston-Villa-Stats
ENG-Premier League,2627,Bournemouth,18,26.2,47.6,5,55,450,5,5,3,8,5,0,0,14,0,1.0,0.6,1.6,1.0,1.6,/en/squads/4ba7cbea/Bournemouth-Stats
ENG-Premier League,2627,Brentford,20,25.6,45.2,5,55,450,5,10,4,14,10,0,1,11,0,2.0,0.8,2.8,2.0,2.8,/en/squads/cd051869/Brentford-Stats
ENG-Premier League,2627,Brighton,22,25.7,64.8,5,55,450,5,14,10,24,13,1,1,12,0,2.8,2.0,4.8,2.6,4.6,/en/squads/d07537b9/Brighton-and-Hove-Albion-Stats
ENG-Premier League,2627,Chelsea,23,25.6,47.4,5,55,450,5,10,9,19,10,0,0,9,0,2.0,1.8,3.8,2.0,3.8,/en/squads/cff3d9bb/Chelsea-Stats
ENG-Premier League,2627,Coventry City,21,26.8,39.2,5,55,450,5,1,1,2,1,0,0,4,1,0.2,0.2,0.4,0.2,0.4,/en/squads/f7e3dfe9/Coventry-City-Stats
ENG-Premier League,2627,Crystal Palace,27,26.0,43.6,5,55,450,5,5,4,9,5,0,0,6,1,1.0,0.8,1.8,1.0,1.8,/en/squads/47c64c55/Crystal-Palace-Stats
ENG-Premier League,2627,Everton,20,26.4,43.8,5,55,450,5,6,4,10,6,0,0,9,0,1.2,0.8,2.0,1.2,2.0,/en/squads/d3fd31cc/Everton-Stats
ENG-Premier League,2627,Fulham,20,26.8,54.2,5,55,450,5,4,1,5,4,0,0,8,0,0.8,0.2,1.0,0.8,1.0,/en/squads/fd962109/Fulham-Stats
ENG-Premier League,2627,Hull City,25,27.4,32.2,5,55,450,5,6,5,11,6,0,0,18,0,1.2,1.0,2.2,1.2,2.2,/en/squads/bd8769d1/Hull-City-Stats
ENG-Premier League,2627,Ipswich Town,22,26.5,45.0,5,55,450,5,7,6,13,7,0,0,10,1,1.4,1.2,2.6,1.4,2.6,/en/squads/b74092de/Ipswich-Town-Stats
ENG-Premier League,2627,Leeds United,20,27.1,45.4,5,55,450,5,6,4,10,6,0,0,7,0,1.2,0.8,2.0,1.2,2.0,/en/squads/5bfb9659/Leeds-United-Stats
ENG-Premier League,2627,Liverpool,18,26.6,59.0,5,55,450,5,7,5,12,6,1,1,12,0,1.4,1.0,2.4,1.2,2.2,/en/squads/822bd0ba/Liverpool-Stats
ENG-Premier League,2627,Manchester City,22,25.8,63.2,5,55,450,5,13,10,23,13,0,0,6,1,2.6,2.0,4.6,2.6,4.6,/en/squads/b8fd03ef/Manchester-City-Stats
ENG-Premier League,2627,Manchester Utd,20,27.8,60.0,5,55,450,5,7,5,12,6,1,1,6,0,1.4,1.0,2.4,1.2,2.2,/en/squads/19538871/Manchester-United-Stats
ENG-Premier League,2627,Newcastle,21,25.1,49.0,5,55,450,5,9,7,16,9,0,1,12,0,1.8,1.4,3.2,1.8,3.2,/en/squads/b2b47a98/Newcastle-United-Stats
ENG-Premier League,2627,Nottingham,20,26.8,47.2,5,55,450,5,4,3,7,3,1,1,13,0,0.8,0.6,1.4,0.6,1.2,/en/squads/e4a775cb/Nottingham-Forest-Stats
ENG-Premier League,2627,Sunderland,21,27.4,48.6,5,55,450,5,6,4,10,5,1,2,12,1,1.2,0.8,2.0,1.0,1.8,/en/squads/8ef52968/Sunderland-Stats
ENG-Premier League,2627,Tottenham,23,25.8,60.4,5,55,450,5,2,2,4,2,0,0,5,0,0.4,0.4,0.8,0.4,0.8,/en/squads/361ca564/Tottenham-Hotspur-Stats
