league,season,team,game,date,round,day,venue,result,GF,GA,opponent,Performance,Performance,Performance,Performance,Performance,Performance,Performance,Performance,Performance,Performance,Performance,Performance,time,match_report
,,,,,,,,,,,,CrdY,CrdR,2CrdY,Fls,Fld,Off,Crs,Int,TklW,PKwon,PKcon,OG,,
ENG-Premier League,2627,,2026-08-21 Arsenal-nan,2026-08-21,Matchweek 1,Fri,Away,L,0,3,Arsenal,1,0,0,13,10,0,10,9,2,,,0,20:00:00,/en/matches/3085a362/Arsenal-Coventry-City-August-21-2026-Premier-League
ENG-Premier League,2627,,2026-08-21 nan-Coventry City,2026-08-21,Matchweek 1,Fri,Home,W,3,0,Coventry City,1,0,0,10,13,5,19,5,6,,,0,20:00:00,/en/matches/3085a362/Arsenal-Coventry-City-August-21-2026-Premier-League
ENG-Premier League,2627,,2026-08-22 Brentford-nan,2026-08-22,Matchweek 1,Sat,Away,L,0,3,Brentford,1,0,0,14,16,2,14,6,12,,,0,17:30:00,/en/matches/01f07042/Brentford-Tottenham-Hotspur-August-22-2026-Premier-League
ENG-Premier League,2627,,2026-08-22 Everton-nan,2026-08-22,Matchweek 1,Sat,Away,L,0,2,Everton,1,0,0,15,5,0,13,10,16,,,0,15:00:00,/en/matches/cbc27eaf/Everton-Crystal-Palace-August-22-2026-Premier-League
ENG-Premier League,2627,,2026-08-22 Hull City-nan,2026-08-22,Matchweek 1,Sat,Away,L,0,2,Hull City,1,0,0,9,9,3,39,2,4,,,0,12:30:00,/en/matches/69e3855f/Hull-City-Manchester-United-August-22-2026-Premier-League
ENG-Premier League,2627,,2026-08-22 Ipswich Town-nan,2026-08-22,Matchweek 1,Sat,Away,L,1,2,Ipswich Town,3,0,0,14,12,4,23,9,8,,,0,15:00:00,/en/matches/2d0f0fb4/Ipswich-Town-Sunderland-August-22-2026-Premier-League
ENG-Premier League,2627,,2026-08-22 Nottingham-nan,2026-08-22,Matchweek 1,Sat,Away,W,1,0,Nottingham,1,0,0,14,15,3,8,15,12,,,0,15:00:00,/en/matches/b6600c62/Nottingham-Forest-Leeds-United-August-22-2026-Premier-League
ENG-Premier League,2627,,2026-08-22 nan-Crystal Palace,2026-08-22,Matchweek 1,Sat,Home,W,2,0,Crystal Palace,0,0,0,5,14,2,14,10,10,,,0,15:00:00,/en/matches/cbc27eaf/Everton-Crystal-Palace-August-22-2026-Premier-League
ENG-Premier League,2627,,2026-08-22 nan-Leeds United,2026-08-22,Matchweek 1,Sat,Home,L,0,1,Leeds United,2,0,0,15,14,3,20,2,5,,,0,15:00:00,/en/matches/b6600c62/Nottingham-Forest-Leeds-United-August-22-2026-Premier-League
ENG-Premier League,2627,,2026-08-22 nan-Manchester Utd,2026-08-22,Matchweek 1,Sat,Home,W,2,0,Manchester Utd,2,0,0,10,9,0,15,6,11,,,0,12:30:00,/en/matches/69e3855f/Hull-City-Manchester-United-August-22-2026-Premier-League
ENG-Premier League,2627,,2026-08-22 nan-Sunderland,2026-08-22,Matchweek 1,Sat,Home,W,2,1,Sunderland,0,0,0,12,14,1,14,7,15,,,0,15:00:00,/en/matches/2d0f0fb4/Ipswich-Town-Sunderland-August-22-2026-Premier-League
ENG-Premier League,2627,,2026-08-22 nan-Tottenham,2026-08-22,Matchweek 1,Sat,Home,W,3,0,Tottenham,1,0,0,17,14,3,21,15,11,,,0,17:30:00,/en/matches/01f07042/Brentford-Tottenham-Hotspur-August-22-2026-Premier-League
ENG-Premier League,2627,,2026-08-23 Brighton-nan,2026-08-23,Matchweek 1,Sun,Away,L,0,4,Brighton,3,1,0,9,12,2,4,8,9,,,1,14:00:00,/en/matches/cc39f2ef/Brighton-and-Hove-Albion-Aston-Villa-August-23-2026-Premier-League
ENG-Premier League,2627,,2026-08-23 Manchester City-nan,2026-08-23,Matchweek 1,Sun,Away,L,1,2,Manchester City,2,0,0,11,10,1,8,12,7,,,0,14:00:00,/en/matches/029e3234/Manchester-City-Bournemouth-August-23-2026-Premier-League
ENG-Premier League,2627,,2026-08-23 Newcastle-nan,2026-08-23,Matchweek 1,Sun,Away,D,2,2,Newcastle,3,0,0,15,16,1,27,8,9,,,0,16:30:00,/en/matches/a02c581c/Newcastle-United-Liverpool-August-23-2026-Premier-League
ENG-Premier League,2627,,2026-08-23 nan-Aston Villa,2026-08-23,Matchweek 1,Sun,Home,W,4,0,Aston Villa,2,0,0,12,8,6,23,10,14,,,0,14:00:00,/en/matches/cc39f2ef/Brighton-and-Hove-Albion-Aston-Villa-August-23-2026-Premier-League
ENG-Premier League,2627,,2026-08-23 nan-Bournemouth,2026-08-23,Matchweek 1,Sun,Home,W,2,1,Bournemouth,1,0,0,11,11,2,24,7,8,,,0,14:00:00,/en/matches/029e3234/Manchester-City-Bournemouth-August-23-2026-Premier-League
ENG-Premier League,2627,,2026-08-23 nan-Liverpool,2026-08-23,Matchweek 1,Sun,Home,D,2,2,Liverpool,5,0,0,16,14,2,8,4,8,,,0,16:30:00,/en/matches/a02c581c/Newcastle-United-Liverpool-August-23-2026-Premier-League
ENG-Premier League,2627,,2026-08-24 Fulham-nan,2026-08-24,Matchweek 1,Mon,Away,W,3,2,Fulham,3,0,0,7,11,3,11,7,15,,,0,20:00:00,/en/matches/98138a1e/Fulham-Chelsea-August-24-2026-Premier-League
ENG-Premier League,2627,,2026-08-24 nan-Chelsea,2026-08-24,Matchweek 1,Mon,Home,L,2,3,Chelsea,2,0,0,12,7,0,17,8,12,,,0,20:00:00,/en/matches/98138a1e/Fulham-Chelsea-August-24-2026-Premier-League
ENG-Premier League,2627,,2026-08-28 Crystal Palace-nan,2026-08-28,Matchweek 2,Fri,Away,W,4,1,Crystal Palace,2,0,0,11,8,0,15,9,11,,,1,20:00:00,/en/matches/5b62d64d/Crystal-Palace-Manchester-City-August-28-2026-Premier-League
ENG-Premier League,2627,,2026-08-28 nan-Manchester City,2026-08-28,Matchweek 2,Fri,Home,L,1,4,Manchester City,1,0,0,8,10,3,18,14,22,,,0,20:00:00,/en/matches/5b62d64d/Crystal-Palace-Manchester-City-August-28-2026-Premier-League
ENG-Premier League,2627,,2026-08-29 Bournemouth-nan,2026-08-29,Matchweek 2,Sat,Away,D,1,1,Bournemouth,2,0,0,14,10,1,20,10,12,,,0,15:00:00,/en/matches/aa96770b/Bournemouth-Everton-August-29-2026-Premier-League
ENG-Premier League,2627,,2026-08-29 Coventry City-nan,2026-08-29,Matchweek 2,Sat,Away,W,1,0,Coventry City,4,0,0,8,11,0,11,7,8,,,0,15:00:00,/en/matches/2efaf8c6/Coventry-City-Hull-City-August-29-2026-Premier-League
ENG-Premier League,2627,,2026-08-29 Liverpool-nan,2026-08-29,Matchweek 2,Sat,Away,D,2,2,Liverpool,2,0,0,10,13,0,7,6,13,,,0,12:30:00,/en/matches/d4340a69/Liverpool-Nottingham-Forest-August-29-2026-Premier-League
ENG-Premier League,2627,,2026-08-29 Tottenham-nan,2026-08-29,Matchweek 2,Sat,Away,W,2,0,Tottenham,2,0,0,9,15,1,14,3,4,,,0,17:30:00,/en/matches/10027be4/Tottenham-Hotspur-Newcastle-United-August-29-2026-Premier-League
ENG-Premier League,2627,,2026-08-29 nan-Everton,2026-08-29,Matchweek 2,Sat,Home,D,1,1,Everton,3,0,0,11,14,0,22,9,10,,,0,15:00:00,/en/matches/aa96770b/Bournemouth-Everton-August-29-2026-Premier-League
ENG-Premier League,2627,,2026-08-29 nan-Hull City,2026-08-29,Matchweek 2,Sat,Home,L,0,1,Hull City,1,0,0,11,8,3,34,2,6,,,0,15:00:00,/en/matches/2efaf8c6/Coventry-City-Hull-City-August-29-2026-Premier-League
ENG-Premier League,2627,,2026-08-29 nan-Newcastle,2026-08-29,Matchweek 2,Sat,Home,L,0,2,Newcastle,1,0,0,15,9,2,25,5,9,,,0,17:30:00,/en/matches/10027be4/Tottenham-Hotspur-Newcastle-United-August-29-2026-Premier-League
ENG-Premier League,2627,,2026-08-29 nan-Nottingham,2026-08-29,Matchweek 2,Sat,Home,D,2,2,Nottingham,4,0,0,13,10,3,30,11,9,,,0,12:30:00,/en/matches/d4340a69/Liverpool-Nottingham-Forest-August-29-2026-Premier-League
ENG-Premier League,2627,,2026-08-30 Chelsea-nan,2026-08-30,Matchweek 2,Sun,Away,L,3,4,Chelsea,3,0,0,12,6,0,31,5,7,,,0,14:00:00,/en/matches/a50cd1e7/Chelsea-Brighton-and-Hove-Albion-August-30-2026-Premier-League
ENG-Premier League,2627,,2026-08-30 Leeds United-nan,2026-08-30,Matchweek 2,Sun,Away,D,1,1,Leeds United,4,0,0,13,5,0,30,11,14,,,0,14:00:00,/en/matches/b6f0dcde/Leeds-United-Brentford-August-30-2026-Premier-League
ENG-Premier League,2627,,2026-08-30 Manchester Utd-nan,2026-08-30,Matchweek 2,Sun,Away,L,2,5,Manchester Utd,3,0,0,12,7,1,9,6,7,,,1,16:30:00,/en/matches/fb31b175/Manchester-United-Ipswich-Town-August-30-2026-Premier-League
ENG-Premier League,2627,,2026-08-30 Sunderland-nan,2026-08-30,Matchweek 2,Sun,Away,L,0,1,Sunderland,2,0,0,15,9,1,18,7,4,,,0,14:00:00,/en/matches/a90f3aae/Sunderland-Fulham-August-30-2026-Premier-League
ENG-Premier League,2627,,2026-08-30 nan-Brentford,2026-08-30,Matchweek 2,Sun,Home,D,1,1,Brentford,0,0,0,5,13,2,25,11,6,,,0,14:00:00,/en/matches/b6f0dcde/Leeds-United-Brentford-August-30-2026-Premier-League
ENG-Premier League,2627,,2026-08-30 nan-Brighton,2026-08-30,Matchweek 2,Sun,Home,W,4,3,Brighton,1,0,0,6,11,0,9,9,8,,,1,14:00:00,/en/matches/a50cd1e7/Chelsea-Brighton-and-Hove-Albion-August-30-2026-Premier-League
ENG-Premier League,2627,,2026-08-30 nan-Fulham,2026-08-30,Matchweek 2,Sun,Home,W,1,0,Fulham,0,0,0,10,14,1,18,7,7,,,0,14:00:00,/en/matches/a90f3aae/Sunderland-Fulham-August-30-2026-Premier-League
ENG-Premier League,2627,,2026-08-30 nan-Ipswich Town,2026-08-30,Matchweek 2,Sun,Home,W,5,2,Ipswich Town,1,0,0,7,12,0,23,13,10,,,0,16:30:00,/en/matches/fb31b175/Manchester-United-Ipswich-Town-August-30-2026-Premier-League
ENG-Premier League,2627,,2026-08-31 Aston Villa-nan,2026-08-31,Matchweek 2,Mon,Away,W,1,0,Aston Villa,1,0,0,6,16,8,16,9,7,,,0,20:00:00,/en/matches/e95b1641/Aston-Villa-Arsenal-August-31-2026-Premier-League
ENG-Premier League,2627,,2026-08-31 nan-Arsenal,2026-08-31,Matchweek 2,Mon,Home,L,0,1,Arsenal,3,0,0,17,6,0,11,3,11,,,0,20:00:00,/en/matches/e95b1641/Aston-Villa-Arsenal-August-31-2026-Premier-League
ENG-Premier League,2627,,2026-09-04 Ipswich Town-nan,2026-09-04,Matchweek 3,Fri,Away,W,2,0,Ipswich Town,3,0,0,13,6,4,11,5,11,,,0,20:00:00,/en/matches/368c66a8/Ipswich-Town-Liverpool-September-4-2026-Premier-League
ENG-Premier League,2627,,2026-09-04 nan-Liverpool,2026-09-04,Matchweek 3,Fri,Home,L,0,2,Liverpool,1,0,0,6,13,5,15,9,10,,,0,20:00:00,/en/matches/368c66a8/Ipswich-Town-Liverpool-September-4-2026-Premier-League
ENG-Premier League,2627,,2026-09-05 Brentford-nan,2026-09-05,Matchweek 3,Sat,Away,D,1,1,Brentford,2,0,0,9,19,3,15,5,15,,,0,15:00:00,/en/matches/c201fd2f/Brentford-Sunderland-September-5-2026-Premier-League
ENG-Premier League,2627,,2026-09-05 Brighton-nan,2026-09-05,Matchweek 3,Sat,Away,D,1,1,Brighton,3,0,0,16,13,2,13,8,9,,,0,15:00:00,/en/matches/f2afd8c7/Brighton-and-Hove-Albion-Leeds-United-September-5-2026-Premier-League
ENG-Premier League,2627,,2026-09-05 Fulham-nan,2026-09-05,Matchweek 3,Sat,Away,W,3,2,Fulham,0,0,0,7,6,6,7,12,12,,,0,15:00:00,/en/matches/3809f875/Fulham-Crystal-Palace-September-5-2026-Premier-League
ENG-Premier League,2627,,2026-09-05 Hull City-nan,2026-09-05,Matchweek 3,Sat,Away,D,0,0,Hull City,0,0,0,5,10,2,12,4,3,,,0,17:30:00,/en/matches/6816748a/Hull-City-Aston-Villa-September-5-2026-Premier-League
ENG-Premier League,2627,,2026-09-05 Manchester City-nan,2026-09-05,Matchweek 3,Sat,Away,L,0,1,Manchester City,2,0,0,17,7,2,15,18,10,,,0,15:00:00,/en/matches/e49890d8/Manchester-City-Coventry-City-September-5-2026-Premier-League
ENG-Premier League,2627,,2026-09-05 Newcastle-nan,2026-09-05,Matchweek 3,Sat,Away,D,2,2,Newcastle,3,0,0,17,19,1,12,8,5,,,0,12:30:00,/en/matches/198be7a7/Newcastle-United-Bournemouth-September-5-2026-Premier-League
ENG-Premier League,2627,,2026-09-05 Nottingham-nan,2026-09-05,Matchweek 3,Sat,Away,D,0,0,Nottingham,2,0,0,14,21,1,24,6,8,,,0,15:00:00,/en/matches/184a826e/Nottingham-Forest-Tottenham-Hotspur-September-5-2026-Premier-League
ENG-Premier League,2627,,2026-09-05 nan-Aston Villa,2026-09-05,Matchweek 3,Sat,Home,D,0,0,Aston Villa,2,0,0,10,4,2,21,16,6,,,0,17:30:00,/en/matches/6816748a/Hull-City-Aston-Villa-September-5-2026-Premier-League
ENG-Premier League,2627,,2026-09-05 nan-Bournemouth,2026-09-05,Matchweek 3,Sat,Home,D,2,2,Bournemouth,2,0,0,19,17,1,11,6,2,,,1,12:30:00,/en/matches/198be7a7/Newcastle-United-Bournemouth-September-5-2026-Premier-League
ENG-Premier League,2627,,2026-09-05 nan-Coventry City,2026-09-05,Matchweek 3,Sat,Home,W,1,0,Coventry City,1,0,0,7,17,5,19,5,6,,,0,15:00:00,/en/matches/e49890d8/Manchester-City-Coventry-City-September-5-2026-Premier-League
ENG-Premier League,2627,,2026-09-05 nan-Crystal Palace,2026-09-05,Matchweek 3,Sat,Home,L,2,3,Crystal Palace,0,0,0,6,7,1,16,9,6,,,0,15:00:00,/en/matches/3809f875/Fulham-Crystal-Palace-September-5-2026-Premier-League
ENG-Premier League,2627,,2026-09-05 nan-Leeds United,2026-09-05,Matchweek 3,Sat,Home,D,1,1,Leeds United,3,0,0,13,15,4,35,5,4,,,0,15:00:00,/en/matches/f2afd8c7/Brighton-and-Hove-Albion-Leeds-United-September-5-2026-Premier-League
ENG-Premier League,2627,,2026-09-05 nan-Sunderland,2026-09-05,Matchweek 3,Sat,Home,D,1,1,Sunderland,3,0,0,19,9,0,19,8,6,,,0,15:00:00,/en/matches/c201fd2f/Brentford-Sunderland-September-5-2026-Premier-League
ENG-Premier League,2627,,2026-09-05 nan-Tottenham,2026-09-05,Matchweek 3,Sat,Home,D,0,0,Tottenham,2,0,0,22,14,2,19,6,15,,,0,15:00:00,/en/matches/184a826e/Nottingham-Forest-Tottenham-Hotspur-September-5-2026-Premier-League
ENG-Premier League,2627,,2026-09-06 Arsenal-nan,2026-09-06,Matchweek 3,Sun,Away,L,1,2,Arsenal,4,0,0,16,13,0,14,8,6,,,0,16:30:00,/en/matches/a99c87a3/North-West-London-Derby-Arsenal-Chelsea-September-6-2026-Premier-League
ENG-Premier League,2627,,2026-09-06 Everton-nan,2026-09-06,Matchweek 3,Sun,Away,D,2,2,Everton,3,0,0,11,7,1,11,9,7,,,0,14:00:00,/en/matches/b07da8ea/Everton-Manchester-United-September-6-2026-Premier-League
ENG-Premier League,2627,,2026-09-06 nan-Chelsea,2026-09-06,Matchweek 3,Sun,Home,W,2,1,Chelsea,2,0,0,13,16,3,16,9,5,,,0,16:30:00,/en/matches/a99c87a3/North-West-London-Derby-Arsenal-Chelsea-September-6-2026-Premier-League
ENG-Premier League,2627,,2026-09-06 nan-Manchester Utd,2026-09-06,Matchweek 3,Sun,Home,D,2,2,Manchester Utd,3,0,0,7,11,3,21,12,8,,,0,14:00:00,/en/matches/b07da8ea/Everton-Manchester-United-September-6-2026-Premier-League
ENG-Premier League,2627,,2026-09-12 Aston Villa-nan,2026-09-12,Matchweek 4,Sat,Away,W,2,1,Aston Villa,5,0,0,16,11,4,15,7,15,,,0,15:00:00,/en/matches/2044821e/Aston-Villa-Nottingham-Forest-September-12-2026-Premier-League
ENG-Premier League,2627,,2026-09-12 Bournemouth-nan,2026-09-12,Matchweek 4,Sat,Away,D,2,2,Bournemouth,1,0,0,13,10,1,13,10,10,,,0,15:00:00,/en/matches/84407529/Bournemouth-Brentford-September-12-2026-Premier-League
ENG-Premier League,2627,,2026-09-12 Chelsea-nan,2026-09-12,Matchweek 4,Sat,Away,D,2,2,Chelsea,5,0,0,12,7,1,13,9,9,,,0,15:00:00,/en/matches/7cb24bd4/Chelsea-Hull-City-September-12-2026-Premier-League
ENG-Premier League,2627,,2026-09-12 Crystal Palace-nan,2026-09-12,Matchweek 4,Sat,Away,W,3,2,Crystal Palace,3,0,0,16,6,1,21,11,5,,,0,15:00:00,/en/matches/12560a85/Crystal-Palace-Ipswich-Town-September-12-2026-Premier-League
ENG-Premier League,2627,,2026-09-12 Liverpool-nan,2026-09-12,Matchweek 4,Sat,Away,D,0,0,Liverpool,1,0,0,8,10,1,17,11,10,,,0,15:00:00,/en/matches/6d1ef953/Liverpool-Fulham-September-12-2026-Premier-League
ENG-Premier League,2627,,2026-09-12 Sunderland-nan,2026-09-12,Matchweek 4,Sat,Away,W,2,0,Sunderland,2,0,0,11,18,2,7,9,7,,,0,20:00:00,/en/matches/6786441d/Sunderland-Arsenal-September-12-2026-Premier-League
ENG-Premier League,2627,,2026-09-12 Tottenham-nan,2026-09-12,Matchweek 4,Sat,Away,D,0,0,Tottenham,2,0,0,8,12,1,17,7,18,,,0,17:30:00,/en/matches/a22562f9/Tottenham-Hotspur-Everton-September-12-2026-Premier-League
ENG-Premier League,2627,,2026-09-12 nan-Arsenal,2026-09-12,Matchweek 4,Sat,Home,L,0,2,Arsenal,6,1,1,18,10,2,15,6,7,,,0,20:00:00,/en/matches/6786441d/Sunderland-Arsenal-September-12-2026-Premier-League
ENG-Premier League,2627,,2026-09-12 nan-Brentford,2026-09-12,Matchweek 4,Sat,Home,D,2,2,Brentford,5,0,0,10,13,3,20,21,8,,,0,15:00:00,/en/matches/84407529/Bournemouth-Brentford-September-12-2026-Premier-League
ENG-Premier League,2627,,2026-09-12 nan-Everton,2026-09-12,Matchweek 4,Sat,Home,D,0,0,Everton,0,0,0,14,8,2,23,7,9,,,0,17:30:00,/en/matches/a22562f9/Tottenham-Hotspur-Everton-September-12-2026-Premier-League
ENG-Premier League,2627,,2026-09-12 nan-Fulham,2026-09-12,Matchweek 4,Sat,Home,D,0,0,Fulham,0,0,0,11,8,1,25,11,10,,,0,15:00:00,/en/matches/6d1ef953/Liverpool-Fulham-September-12-2026-Premier-League
ENG-Premier League,2627,,2026-09-12 nan-Hull City,2026-09-12,Matchweek 4,Sat,Home,D,2,2,Hull City,1,0,0,7,12,1,28,13,3,,,0,15:00:00,/en/matches/7cb24bd4/Chelsea-Hull-City-September-12-2026-Premier-League
ENG-Premier League,2627,,2026-09-12 nan-Ipswich Town,2026-09-12,Matchweek 4,Sat,Home,L,2,3,Ipswich Town,1,1,0,6,16,0,20,7,12,,,0,15:00:00,/en/matches/12560a85/Crystal-Palace-Ipswich-Town-September-12-2026-Premier-League
ENG-Premier League,2627,,2026-09-12 nan-Nottingham,2026-09-12,Matchweek 4,Sat,Home,L,1,2,Nottingham,2,0,0,11,16,0,15,7,7,,,0,15:00:00,/en/matches/2044821e/Aston-Villa-Nottingham-Forest-September-12-2026-Premier-League
ENG-Premier League,2627,,2026-09-13 Coventry City-nan,2026-09-13,Matchweek 4,Sun,Away,W,5,0,Coventry City,0,0,0,15,9,2,17,3,6,,,0,14:00:00,/en/matches/ff3c3981/Coventry-City-Brighton-and-Hove-Albion-September-13-2026-Premier-League
ENG-Premier League,2627,,2026-09-13 Manchester Utd-nan,2026-09-13,Matchweek 4,Sun,Away,W,1,0,Manchester Utd,2,1,0,10,17,1,14,10,7,,,0,16:30:00,/en/matches/332363c1/Manchester-Derby-Manchester-United-Manchester-City-September-13-2026-Premier-League
ENG-Premier League,2627,,2026-09-13 nan-Brighton,2026-09-13,Matchweek 4,Sun,Home,L,0,5,Brighton,0,1,0,9,14,2,12,5,3,,,0,14:00:00,/en/matches/ff3c3981/Coventry-City-Brighton-and-Hove-Albion-September-13-2026-Premier-League
ENG-Premier League,2627,,2026-09-13 nan-Manchester City,2026-09-13,Matchweek 4,Sun,Home,L,0,1,Manchester City,1,0,0,17,9,4,27,8,11,,,0,16:30:00,/en/matches/332363c1/Manchester-Derby-Manchester-United-Manchester-City-September-13-2026-Premier-League
ENG-Premier League,2627,,2026-09-14 Leeds United-nan,2026-09-14,Matchweek 4,Mon,Away,L,1,4,Leeds United,2,0,0,13,8,3,18,5,14,,,1,20:00:00,/en/matches/88d2d8f5/Leeds-United-Newcastle-United-September-14-2026-Premier-League
ENG-Premier League,2627,,2026-09-14 nan-Newcastle,2026-09-14,Matchweek 4,Mon,Home,W,4,1,Newcastle,1,0,0,8,13,2,16,9,11,,,0,20:00:00,/en/matches/88d2d8f5/Leeds-United-Newcastle-United-September-14-2026-Premier-League
ENG-Premier League,2627,,2026-09-18 Brentford-nan,2026-09-18,Matchweek 5,Fri,Away,L,0,3,Brentford,0,0,0,7,10,2,28,13,14,,,0,20:00:00,/en/matches/9aac40d6/Brentford-Chelsea-September-18-2026-Premier-League
ENG-Premier League,2627,,2026-09-18 nan-Chelsea,2026-09-18,Matchweek 5,Fri,Home,W,3,0,Chelsea,2,0,0,10,7,2,13,7,8,,,0,20:00:00,/en/matches/9aac40d6/Brentford-Chelsea-September-18-2026-Premier-League
ENG-Premier League,2627,,2026-09-19 Brighton-nan,2026-09-19,Matchweek 5,Sat,Away,L,0,3,Brighton,1,0,0,11,13,2,16,6,8,,,0,15:00:00,/en/matches/1ea173a1/Brighton-and-Hove-Albion-Arsenal-September-19-2026-Premier-League
ENG-Premier League,2627,,2026-09-19 Everton-nan,2026-09-19,Matchweek 5,Sat,Away,L,0,1,Everton,3,1,1,12,6,0,13,13,6,,,0,15:00:00,/en/matches/e7b28039/Everton-Ipswich-Town-September-19-2026-Premier-League
ENG-Premier League,2627,,2026-09-19 Newcastle-nan,2026-09-19,Matchweek 5,Sat,Away,L,1,2,Newcastle,5,0,0,10,4,1,33,6,11,,,0,15:00:00,/en/matches/ba19c7c0/Newcastle-United-Hull-City-September-19-2026-Premier-League
ENG-Premier League,2627,,2026-09-19 Nottingham-nan,2026-09-19,Matchweek 5,Sat,Away,W,1,0,Nottingham,0,0,0,10,12,2,14,15,5,,,0,17:30:00,/en/matches/28be67e1/Nottingham-Forest-Coventry-City-September-19-2026-Premier-League
ENG-Premier League,2627,,2026-09-19 Tottenham-nan,2026-09-19,Matchweek 5,Sat,Away,W,3,2,Tottenham,2,0,0,13,8,2,6,15,10,,,0,12:30:00,/en/matches/d5511bbc/Tottenham-Hotspur-Aston-Villa-September-19-2026-Premier-League
ENG-Premier League,2627,,2026-09-19 nan-Arsenal,2026-09-19,Matchweek 5,Sat,Home,W,3,0,Arsenal,4,0,0,13,10,0,15,11,11,,,0,15:00:00,/en/matches/1ea173a1/Brighton-and-Hove-Albion-Arsenal-September-19-2026-Premier-League
ENG-Premier League,2627,,2026-09-19 nan-Aston Villa,2026-09-19,Matchweek 5,Sat,Home,L,2,3,Aston Villa,1,0,0,9,13,5,30,10,15,,,0,12:30:00,/en/matches/d5511bbc/Tottenham-Hotspur-Aston-Villa-September-19-2026-Premier-League
ENG-Premier League,2627,,2026-09-19 nan-Coventry City,2026-09-19,Matchweek 5,Sat,Home,L,0,1,Coventry City,2,0,0,12,10,2,32,3,7,,,0,17:30:00,/en/matches/28be67e1/Nottingham-Forest-Coventry-City-September-19-2026-Premier-League
ENG-Premier League,2627,,2026-09-19 nan-Hull City,2026-09-19,Matchweek 5,Sat,Home,W,2,1,Hull City,1,0,0,4,10,2,16,7,10,,,0,15:00:00,/en/matches/ba19c7c0/Newcastle-United-Hull-City-September-19-2026-Premier-League
ENG-Premier League,2627,,2026-09-19 nan-Ipswich Town,2026-09-19,Matchweek 5,Sat,Home,W,1,0,Ipswich Town,2,0,0,6,11,1,16,10,12,,,0,15:00:00,/en/matches/e7b28039/Everton-Ipswich-Town-September-19-2026-Premier-League
ENG-Premier League,2627,,2026-09-20 Bournemouth-nan,2026-09-20,Matchweek 5,Sun,Away,W,1,0,Bournemouth,2,0,0,13,10,2,13,8,10,,,0,14:00:00,/en/matches/47396732/Bournemouth-Liverpool-September-20-2026-Premier-League
ENG-Premier League,2627,,2026-09-20 Fulham-nan,2026-09-20,Matchweek 5,Sun,Away,D,1,1,Fulham,0,0,0,5,8,2,31,9,8,,,1,16:30:00,/en/matches/c354315b/Fulham-Manchester-United-September-20-2026-Premier-League
ENG-Premier League,2627,,2026-09-20 Leeds United-nan,2026-09-20,Matchweek 5,Sun,Away,D,0,0,Leeds United,3,0,0,12,9,2,10,8,11,,,0,14:00:00,/en/matches/5f73af8d/Leeds-United-Crystal-Palace-September-20-2026-Premier-League
ENG-Premier League,2627,,2026-09-20 Manchester City-nan,2026-09-20,Matchweek 5,Sun,Away,L,3,5,Manchester City,1,0,0,14,14,0,17,14,11,,,0,14:00:00,/en/matches/f6903560/Manchester-City-Sunderland-September-20-2026-Premier-League
ENG-Premier League,2627,,2026-09-20 nan-Crystal Palace,2026-09-20,Matchweek 5,Sun,Home,D,0,0,Crystal Palace,2,0,0,10,11,2,17,17,9,,,0,14:00:00,/en/matches/5f73af8d/Leeds-United-Crystal-Palace-September-20-2026-Premier-League
ENG-Premier League,2627,,2026-09-20 nan-Liverpool,2026-09-20,Matchweek 5,Sun,Home,L,0,1,Liverpool,1,0,0,11,11,4,27,6,11,,,0,14:00:00,/en/matches/47396732/Bournemouth-Liverpool-September-20-2026-Premier-League
ENG-Premier League,2627,,2026-09-20 nan-Manchester Utd,2026-09-20,Matchweek 5,Sun,Home,D,1,1,Manchester Utd,3,0,0,9,5,1,10,6,8,,,0,16:30:00,/en/matches/c354315b/Fulham-Manchester-United-September-20-2026-Premier-League
ENG-Premier League,2627,,2026-09-20 nan-Sunderland,2026-09-20,Matchweek 5,Sun,Home,W,5,3,Sunderland,0,0,0,14,14,0,19,7,3,,,0,14:00:00,/en/matches/f6903560/Manchester-City-Sunderland-September-20-2026-Premier-League
